2.500000000000001110e-01,-9.030671015013492717e-03,1.479466719963115455e-02,-1.494068370170059321e-02,-2.107363581764366486e-02,9.054777414264017152e-03,9.945134892582176145e-03,1.743395090164458899e-02,-1.465426714442461670e-02,1.540698747379961112e-02,8.541518061418361396e-03
5.000000000000003331e-01,-1.563330276114725109e-02,2.052073866098618263e-02,-2.777903230953808131e-02,-3.502031186880776026e-02,1.583383105685429171e-02,1.914500743077862319e-02,2.952033705887364967e-02,-3.261413311948135466e-15,2.852840387444027792e-02,1.822273662470607833e-02
7.500000000000005551e-01,-1.547811910343387456e-02,1.905354117902198149e-02,3.603531813764253777e-04,-2.447040145929843188e-02,2.257413471120453194e-02,2.631740603201946846e-02,3.769609230215123508e-02,1.100112857055516475e-11,3.828995992454396757e-02,2.860758545807982542e-02
1.000000000000000666e+00,-1.698898476637626317e-02,1.973249256622902278e-02,2.062714952866540399e-02,-3.564669640739755868e-02,2.907539504978996076e-02,3.298351277070229320e-02,4.363129242294686710e-02,1.127166809928161332e-11,4.582026439691454928e-02,2.700178899987519879e-02
1.249999999999995337e+00,-1.083097575625795346e-02,2.075706753134168650e-02,2.331847620664562193e-02,-4.428512399834391711e-02,3.798562790674336886e-02,4.228527936726608066e-02,4.981118418008718962e-02,-1.153977891116488696e-08,5.132975320699332406e-02,3.129452776230869093e-02
1.499999999999990008e+00,-9.098882658539640331e-03,2.405137251424971714e-02,3.411283038935720990e-02,-3.398944197622000979e-02,5.920149070388285722e-02,3.838072014659978798e-02,4.895798319508188473e-02,-8.367313907897772145e-11,3.587855381371204272e-02,3.480108763696830587e-02
1.749999999999984679e+00,-8.408806021414776425e-04,2.744382315398565322e-02,1.119360804507853873e-05,-3.175202301907646685e-02,6.047994833112429330e-02,5.236637608650139553e-02,4.493134473838317211e-02,-4.136275522151778437e-09,3.785829192646262414e-02,2.296328860821240936e-02
1.999999999999979350e+00,5.437133222336752118e-04,3.154855813786835300e-02,-1.823080743915997052e-13,2.547006491139306404e-03,6.324524574522462361e-02,6.434094171417041597e-02,4.074339419011179658e-02,1.126032392749539920e-11,1.505331233887149435e-02,2.454689056662775690e-02
2.249999999999974243e+00,1.449330126309080358e-03,3.477743855974210069e-02,-1.622365612889419689e-02,2.162952314639159102e-02,6.773039273545557182e-02,7.584928760675818671e-02,4.262740549182054972e-02,1.391820176285503549e-03,1.857770960644980832e-02,2.848802834939287432e-02
2.499999999999968914e+00,3.158157732505841725e-02,3.676068169624411436e-02,-3.425391295326299379e-02,3.430200580126608473e-02,-2.726385999770010113e-05,3.634318268035405058e-04,4.397595042047159480e-02,3.524626009030674533e-03,2.730706293550388616e-02,3.483724119442706268e-02
2.749999999999963585e+00,2.508806704113616601e-02,3.809820073868997597e-02,-4.714920107984230113e-02,5.164652080616494167e-02,4.284916774973441915e-03,1.056269431098321582e-02,4.863037548714817249e-02,2.941161311713818075e-02,2.246704092111480311e-03,4.296400120643062426e-02
2.999999999999958256e+00,1.897277548019936019e-02,3.718320579885280031e-02,-3.647423635438675621e-02,6.785209688556242957e-02,-1.378870370672977977e-07,3.308123848027021141e-02,5.137164945555203893e-02,4.930283912525419698e-02,-2.108381428314548209e-02,4.925057436014387835e-02
3.249999999999952927e+00,1.463596344756537895e-02,3.709067832559244382e-02,-3.374333599724206600e-02,8.518980248274353462e-02,-7.889290238797243350e-14,4.529576644895465937e-02,5.161893123768256791e-02,7.486299211170045764e-02,-4.333945476134489633e-02,5.593138089891325215e-02
3.499999999999947597e+00,2.770882352109435912e-02,3.003181190080936314e-02,-2.468282011594800235e-03,2.040465325450791188e-08,-1.518960341738216117e-06,5.657766186140900794e-02,5.876659246752020255e-02,9.349879311708501894e-02,-3.617731268689402396e-02,4.959072549026889709e-02
3.749999999999942268e+00,2.431103606238543477e-02,1.500645438207695383e-09,1.207517660872184720e-02,-1.562804252315216566e-02,-9.781171761313336970e-17,5.112619995314165305e-02,6.641772128583718626e-02,8.679692846419113927e-02,-3.084184962795378376e-02,4.264801422323997310e-02
3.999999999999936939e+00,4.090621227774305507e-02,-2.095670204869457744e-07,3.425308123980300851e-02,-2.363220106241269505e-02,-8.412360675018035194e-03,6.379752600398339024e-02,7.059249361788533239e-02,8.730890484342244962e-02,-2.718223448443705600e-02,3.744229282199991460e-02
4.249999999999931610e+00,5.292479524337605212e-02,4.945447977742757458e-07,4.989239028471471882e-02,-1.781524136167092487e-02,-1.088323810176072262e-03,5.316228818770645653e-02,6.696340300297577708e-02,9.171779275796360098e-02,1.954489169040980398e-02,2.017167702649236283e-02
4.499999999999926281e+00,5.690650997334537053e-02,1.609631500686606478e-07,3.315789454938022213e-02,1.537085337286201760e-02,2.086112841824443127e-05,5.284368322316935346e-02,4.318321278321897438e-02,5.981125531884753932e-02,4.087198564173473436e-02,1.221705122312184699e-02
4.749999999999920952e+00,7.050516320452782093e-02,3.938758132164861424e-09,4.922498253480516589e-02,1.227088321606028057e-02,-3.246660987043542123e-03,2.546810855539876142e-02,1.117055396290153428e-02,2.712655910058101028e-02,1.948176993304951907e-02,1.297748249383987897e-02
4.999999999999915623e+00,5.383847773767648504e-02,3.507636021478386150e-10,-7.446810928558194061e-10,-4.334874175760838021e-03,-2.089557417415820878e-02,2.728733165855054890e-02,2.059001081851609058e-02,2.775365352194250276e-02,2.116387354956481264e-03,1.253337424571799100e-02
5.249999999999910294e+00,6.793570457844960719e-02,-3.479635471242211961e-07,-1.936477193222139667e-02,-1.973757831505939392e-02,6.665217444093430622e-03,3.503111352327879791e-02,2.226719991580335123e-02,4.126129596066784033e-02,2.767156493249127089e-02,1.099316347971940853e-02
5.499999999999904965e+00,5.924199184725114503e-02,2.019117899448444966e-15,-3.447954227632372276e-02,-3.348939324704465481e-02,3.126650006952166883e-02,5.030136518482487828e-02,3.078491028035653526e-02,5.529719243410615576e-02,4.626186222263196923e-02,2.285571647623492117e-02
5.749999999999899636e+00,6.806138737427025465e-02,-1.128261696818024049e-12,9.103309286346963902e-03,-3.518985572917565641e-02,1.201229502101337868e-07,6.797840436461088931e-03,4.146885375739991358e-02,5.909511423504381494e-02,5.393096857478329315e-02,3.508062434398760698e-02
5.999999999999894307e+00,8.092197821431761084e-02,-1.756155457629215786e-06,5.076098417387860107e-02,-1.770362851146296476e-02,-1.367149632718668755e-06,6.575388780119310016e-03,3.044902344418195378e-02,6.075149870513407019e-02,2.429114524811197898e-02,3.678754792005543839e-02
6.249999999999888978e+00,9.212645006167370643e-02,-6.792906883663272842e-06,4.024526466158000170e-07,-4.740726823078562566e-03,-6.944973228821144443e-03,5.066925704184234262e-03,3.357066804853611058e-02,5.096599591017296482e-02,5.046371959767836229e-02,3.801656776298874968e-02
6.499999999999883649e+00,7.734166958677539394e-02,-5.304096182726513072e-03,-5.531100393485654382e-03,-3.396958238285152729e-03,-9.387048005910116413e-03,3.634651639081151742e-03,2.177789736829925660e-02,3.926867331529718813e-02,7.274267227159100790e-02,3.771442696508487541e-02
6.749999999999878320e+00,7.180096100888734567e-02,-1.745717541971691933e-02,-1.410200462757674016e-02,3.179293825743342156e-02,2.229021071878336049e-02,2.504687154815671366e-03,2.291736215701048462e-02,2.572007198415639587e-02,8.830433023643036172e-02,2.759817282819714349e-02
6.999999999999872990e+00,6.024708953690256080e-02,6.508809459620408522e-04,1.143462780447738851e-02,1.666634311598713669e-02,-8.455760928137691333e-08,3.229816422337517760e-03,3.161981935426862872e-02,2.131719669651790244e-02,9.499709665151663540e-02,1.812828650952884660e-02
7.249999999999867661e+00,4.126682586495003524e-02,2.222152339871074841e-02,-5.062862392275874548e-03,4.072773575862984746e-02,7.538459038318750327e-07,-4.053621925311721975e-04,1.241087094154821879e-02,2.879059249248033803e-02,4.592938756017937024e-02,1.202818818904709090e-02
7.499999999999862332e+00,-1.220286205172274509e-09,7.700008251731799834e-09,-2.411255008622027740e-02,6.105336172523688487e-02,-2.755702744508544963e-06,-2.230673351594306695e-04,-6.146406615627833525e-03,2.048990431379722754e-02,2.495024213714730835e-02,1.535900453899588861e-02
7.749999999999857003e+00,-1.880379420189066986e-06,5.810819090436167289e-03,6.597147857081586513e-03,-1.291508097127830276e-06,-6.736895808891743497e-08,3.428875640290855557e-03,-1.644791775148975524e-02,2.234442152431747024e-03,4.233303098350280763e-02,1.203815323948465715e-02
7.999999999999851674e+00,3.746802179212325025e-04,-3.707504063709184655e-08,2.251070459841346752e-02,-2.022058123568881705e-02,-1.513403025894934952e-02,4.909349595336193021e-03,-2.595254540627924683e-02,-1.019352220239319248e-02,3.111929412561962802e-02,1.644338320594565528e-02
8.249999999999889866e+00,1.607545048903339518e-02,2.303680336676798694e-06,-4.009511027323688540e-07,-2.273746042446101248e-02,-2.634243333002367002e-02,1.626571133196147521e-03,-4.299775866217515202e-02,-6.909440120220305265e-03,5.183138333605571448e-03,2.791983513783584739e-02
8.499999999999928946e+00,3.140201370632823841e-02,-1.126499685312130732e-02,-6.352415450090419941e-03,-2.228856480395729686e-02,3.663723699139360360e-03,2.930949885206419526e-04,-3.017834512511911524e-02,-1.367974497860598116e-03,2.370384366204223575e-02,3.628781238062199488e-02
8.749999999999968026e+00,4.360434181371743850e-02,-2.726430009162328014e-02,-1.500980602722634351e-06,-2.648706516128415678e-02,2.592385201811069073e-02,-2.393285463542718997e-02,-1.720015499431626696e-02,-2.179019806078154667e-03,3.128978275257511543e-02,4.219110296746582389e-02
9.000000000000007105e+00,5.006808692320890292e-02,-3.875786343994728957e-03,-1.453118535637747806e-08,-2.814747969523949747e-02,1.802617401627681139e-07,-1.968446874419241006e-03,-1.669983514330193770e-03,-3.099246614821265892e-03,4.067385423746070622e-02,4.486782160944949305e-02
9.250000000000046185e+00,4.773459346961838462e-02,2.173399615049880981e-02,4.118211391008110491e-06,-2.488098611759437251e-02,-8.397727876218445332e-08,4.660101453267693171e-03,-1.409150779365130751e-02,3.187150673839011638e-03,4.273407180159123631e-02,4.735625019955070486e-02
9.500000000000085265e+00,4.596830735318688244e-02,5.908613648291979187e-02,1.222317952735153182e-10,-2.215964913525785007e-02,3.298061598777375254e-12,9.288812393286341451e-03,-2.445077679709547341e-02,1.008650957086869651e-02,3.305172423238434548e-02,4.550461956199262220e-02
9.750000000000124345e+00,5.310813198401169444e-02,7.431295245128127780e-02,2.187484208756421480e-02,-1.550856685063246778e-03,-1.011564944279365046e-07,4.350795514958442391e-03,-1.314670125211864389e-02,1.689632264964615813e-02,4.838204793073808824e-02,3.945899843452526506e-02
1.000000000000016342e+01,6.227441946375511517e-02,9.031545503909643724e-02,4.976750458363309038e-02,1.715647991878452988e-02,2.334218629368826997e-09,-1.878988837717886565e-02,-8.807149252943104190e-03,2.168734514521028847e-02,6.176413046342012214e-02,4.981012675430507991e-02
1.025000000000020250e+01,3.127632921602447463e-02,1.082183969248011468e-01,7.007453669350727221e-02,9.612109580918308874e-03,2.142286404269467650e-09,-4.881792300145420052e-03,-1.877195417984414347e-03,2.315546781609805968e-02,3.069749139657793405e-02,-1.920025783073427833e-03
1.050000000000024158e+01,6.316018238972087584e-02,1.383841708714578511e-01,1.568766893424405340e-01,4.083603782676988730e-02,-2.457755784693630230e-09,-6.619688897511182002e-03,2.060907597580604461e-02,-4.286919987397056625e-02,-4.333868721507470878e-02,-3.358234998788137138e-02
1.075000000000028066e+01,1.259863454651179680e-02,1.629006464400345744e-01,1.591561684992463255e-01,5.929250155753675033e-02,5.390118010830934843e-07,-1.187774954198496033e-02,5.246378330962343794e-03,-2.670341933737496384e-02,-3.003889207020322624e-02,9.613140466491571987e-03
1.100000000000031974e+01,2.962009394533051190e-02,2.036846572787935628e-01,1.743922282182816530e-01,7.874598268481267094e-02,7.235102485223422406e-08,-1.611022713116325514e-02,-3.135244493111126723e-03,-5.111676291367638243e-03,-7.649020473908500761e-02,3.979617854364270180e-02
1.125000000000035882e+01,4.214137654260539240e-02,2.043266333530259771e-01,2.003900438839596176e-01,1.230728845642189012e-01,-7.940317219980550238e-07,-6.326628569515660265e-03,-1.243464448247341356e-02,-2.848693520338549043e-02,-8.620145611256029017e-02,3.980473177898496279e-02
1.150000000000039790e+01,5.810634553235044519e-02,1.987314086101432398e-01,2.080479845987427967e-01,1.511686764130366345e-01,-5.775763068326444927e-03,-1.937570778525728871e-02,-2.318113155420922430e-02,-2.675605473732459508e-02,-5.127727328221479836e-02,4.534717661210484196e-02
1.175000000000043698e+01,6.384556086158918453e-02,2.150304641443935016e-01,2.072686068934857240e-01,1.732027494137602930e-01,1.397361371296797043e-02,-3.710467803866986276e-03,-3.191189342287831243e-02,-4.866464133655779012e-02,-4.643826931215100373e-02,4.447238665446840572e-02
1.200000000000047606e+01,7.231346884016405518e-02,1.591363774817490528e-01,2.160041691180606682e-01,1.994689943911876207e-01,3.609473984631478977e-02,1.821149152838923840e-02,-3.735668408496022747e-02,-6.690482377061326980e-02,-1.663205212779393562e-03,5.142146964055870073e-02
1.225000000000051514e+01,8.721478755565913177e-02,1.584845375737316264e-01,2.078306943718929989e-01,2.025240259107010388e-01,5.406938621870490541e-02,2.768447731661971556e-02,-1.986707152284956576e-02,-8.214327313930341878e-02,3.235203609373677597e-02,4.784814113230728694e-02
1.250000000000055422e+01,9.720306336497343269e-02,1.179115671236535962e-01,2.046499542371417180e-01,1.849597422596638563e-01,1.156911236688366595e-01,2.156853524460698723e-02,-1.929477904397876439e-03,-8.669557728204187186e-02,3.716181896882891217e-02,4.666624634664033600e-02
1.275000000000059330e+01,9.071301344714534365e-02,8.497894394149987929e-02,2.185650262491311002e-01,1.921584918474888992e-01,1.542744443512440167e-01,3.121300616116192556e-02,-1.241090155494538327e-02,-6.061315175456719051e-02,7.398901941983261621e-02,8.127607609928717836e-02
1.300000000000063238e+01,7.304854857802256518e-02,8.191989944989595818e-02,2.070887074458346577e-01,1.854306197094004183e-01,1.909459125097491272e-01,3.055886112148239672e-02,-8.599564276456576895e-03,-3.539264523786343764e-02,1.098064604749071360e-01,7.584475228829538895e-02
1.325000000000067146e+01,9.659085727421438949e-02,5.967363746216630682e-02,1.876623562482712115e-01,1.811349415709588573e-01,1.897400273496937240e-01,7.448604730403883371e-03,-2.087141584890453080e-02,-6.799823783121630022e-03,9.826676206750364906e-02,9.700576335036129039e-02
1.350000000000071054e+01,8.748641219761894849e-02,6.411427325719167014e-02,1.420680416947250058e-01,2.126718500758212615e-01,2.227325540654595259e-01,1.973210103880795180e-02,-2.095101904695504530e-02,1.628345756065119332e-02,8.631757483717177049e-02,9.237523955031419487e-02
1.375000000000074962e+01,9.069608871027065589e-02,6.928900271128701771e-02,1.298714046805228839e-01,1.985817957069734296e-01,1.210615804960460812e-01,1.399315092190212828e-01,5.165757706524755355e-03,3.873485148818348739e-02,1.019891653963991146e-01,9.629135473765071396e-02
1.400000000000078870e+01,9.403576701732624388e-02,7.179105409323993658e-02,1.152332405722212016e-01,1.268378377848703720e-01,1.845306354314527053e-01,1.102435014738677027e-01,1.741741604377935182e-01,8.546068549534761860e-02,1.181958971364244215e-01,9.686275610105249401e-02
1.425000000000082778e+01,9.592896825002213135e-02,7.564903058500239974e-02,9.568875520161403136e-02,1.159570606389526692e-01,9.220719026566799592e-02,1.474417973405363347e-01,1.645217465349110564e-01,2.409359454114551324e-01,9.285750596623884578e-02,1.188568657890062830e-01
1.450000000000086686e+01,1.100329928726180989e-01,8.564322971047612365e-02,7.760045710747696945e-02,9.060429188943051881e-02,1.094242452465884058e-01,1.468796428483524763e-01,1.885961535734614891e-01,2.570792597770960586e-01,1.078571431574613243e-01,1.050992259069193635e-01
1.475000000000090594e+01,1.158486183969827110e-01,9.323202698001759048e-02,8.048171523477744282e-02,1.299338663651787018e-01,1.148513436273481680e-01,1.549041162915415770e-01,1.838391312320490634e-01,2.203435514830552888e-01,1.077373838278559565e-01,1.242284090397757779e-01
1.500000000000094502e+01,1.115861959510663359e-01,9.357599821380728489e-02,9.093327106579399133e-02,1.369883774269397558e-01,1.315200589729379754e-01,1.874418953039641011e-01,1.750039694682416769e-01,2.254854202361433191e-01,1.402859097618576190e-01,1.283552981983418495e-01
1.525000000000098410e+01,1.265410987538780341e-01,9.308789546154115635e-02,1.047769983049641335e-01,1.313423316632851556e-01,1.330034962079530425e-01,1.926262969950152115e-01,1.923524176302640609e-01,1.892705428662375122e-01,1.548921237184123223e-01,1.318021594772994798e-01
1.550000000000102318e+01,1.436195295711176489e-01,1.008422261289139699e-01,1.127471641128634655e-01,1.402222959402187885e-01,1.357106756220388677e-01,1.776147641925839016e-01,2.078332672627117850e-01,1.853805316650160573e-01,1.523742947590787100e-01,1.443319429031147128e-01
1.575000000000106226e+01,1.229183199990162845e-01,1.189643140694611051e-01,1.138315911513634454e-01,1.723284420448045751e-01,1.599895770052100208e-01,1.809985318389723818e-01,2.227455277659142197e-01,1.911747942174547854e-01,1.565959022219756691e-01,1.474335485164232074e-01
1.600000000000110134e+01,1.232679580511779061e-01,1.506502565974109920e-01,1.242011888263714198e-01,1.584787798950824944e-01,1.608442588732958978e-01,1.841385968212949642e-01,2.207436651048258203e-01,1.853006698742706848e-01,1.623525258536952232e-01,1.475657734002107091e-01
1.625000000000105160e+01,1.247044190230974098e-01,1.289506250544325827e-01,1.370118092948496569e-01,1.431892105987635500e-01,1.791629241991492261e-01,1.591235301433381599e-01,2.175455132516607715e-01,2.104144988850062126e-01,1.630585587343072740e-01,1.532787166303510862e-01
1.650000000000100187e+01,1.384341590070583272e-01,1.337012481384473317e-01,1.448362790277583911e-01,1.552507934439075199e-01,1.725676152124008544e-01,1.502851323034113395e-01,2.450677218641722499e-01,2.049085829890884281e-01,1.633658878716152396e-01,1.591472011217476834e-01
1.675000000000095213e+01,1.506413531469739109e-01,1.331088656103868173e-01,1.553010963157785140e-01,1.637545481404277248e-01,1.887882145108994159e-01,1.552671174135106247e-01,2.599166331270862385e-01,2.274057189394654011e-01,1.726191739085631838e-01,1.635282031839933592e-01
1.700000000000090239e+01,1.454535891902072331e-01,1.450431271675953759e-01,1.660224235278864868e-01,1.714833661463404102e-01,2.047716314305577379e-01,1.650829793200151718e-01,2.707604042331991923e-01,2.489156400923271117e-01,1.814294665159604525e-01,1.675811455794357363e-01
1.725000000000085265e+01,1.597942565860648312e-01,1.453299665961202414e-01,1.676979669139019580e-01,1.750369217787243747e-01,2.082045240111271567e-01,1.872052062991983179e-01,2.492143627917912385e-01,2.651278202358676173e-01,1.875429050905761674e-01,1.662404691083707864e-01
1.750000000000080291e+01,1.721764029774582594e-01,1.462366028739351953e-01,1.696981686305688575e-01,1.811218588755753034e-01,2.110012615053162011e-01,2.096273296793353114e-01,2.652702906471464117e-01,2.687193368849713493e-01,1.955186437398898913e-01,1.718576196119037114e-01
1.775000000000075318e+01,1.978922298439936001e-01,1.463022698864315796e-01,1.751657094437892859e-01,1.905727660990993444e-01,2.111690069315383944e-01,2.201414977428450548e-01,2.556642569326812997e-01,2.451184148597831403e-01,1.992930915388000102e-01,1.771775554079517423e-01
1.800000000000070344e+01,1.849640803279808676e-01,1.670366816427283907e-01,1.776553453508769309e-01,2.038394423432946800e-01,2.133487377862332002e-01,2.364384473885861038e-01,2.358579935285201323e-01,2.338215178264385630e-01,2.077825655528018622e-01,1.916930692885958076e-01
1.825000000000065370e+01,1.948984491956712861e-01,1.711713889016204526e-01,1.983628319169152276e-01,2.188650291797559766e-01,2.157461101339016030e-01,2.496201823778668172e-01,2.381518877335986051e-01,2.244346669563754559e-01,2.255650285471443861e-01,1.997067179491520406e-01
1.850000000000060396e+01,2.016192963821873130e-01,1.735429020900099428e-01,2.064528456929257683e-01,2.322085381415243954e-01,2.398765307627796217e-01,2.531901922850974263e-01,2.495866805386947607e-01,2.443353352887419061e-01,2.302035735448583476e-01,2.122518633364700036e-01
1.875000000000055422e+01,2.276573691843214176e-01,1.810498104061898372e-01,2.053018787999950912e-01,2.427644859527273713e-01,2.353955210583408841e-01,2.368624251686351212e-01,2.644009715780544223e-01,2.599375074899146765e-01,2.386558390524153861e-01,2.214165307624774148e-01
1.900000000000050449e+01,2.009365269254032582e-01,2.010093535299578293e-01,2.172492688186469234e-01,2.434143485910254534e-01,2.491481681735533138e-01,2.413546059810751099e-01,2.730790172271770899e-01,2.679647310364771107e-01,2.424007371035768743e-01,2.232427014459262837e-01
1.925000000000045475e+01,2.229952012704118913e-01,2.151121878967983125e-01,2.422404872942191534e-01,2.298269326587891459e-01,2.590694635727055495e-01,2.598721879670469748e-01,2.636989382032198237e-01,2.623636790858710488e-01,2.350867204450281245e-01,2.424158611147948783e-01
1.950000000000040501e+01,2.300495239037841366e-01,2.275802872053895032e-01,2.539378315800041586e-01,2.519136459526605254e-01,2.533813996020915504e-01,2.789839038277275307e-01,2.635990212264719412e-01,2.693482591987259034e-01,2.489789304099022382e-01,2.457058108093455040e-01
1.975000000000035527e+01,2.375420046323807599e-01,2.489557548512554008e-01,2.442766728648437524e-01,2.503347241548942725e-01,2.577379520209281960e-01,2.917859794222582015e-01,2.647298902337459903e-01,2.649323526067807744e-01,2.588363320131767953e-01,2.372983864137733212e-01
2.000000000000030553e+01,2.384797512881439430e-01,2.425453218661251797e-01,2.444348028358797886e-01,2.635362318120884617e-01,2.643053432665964375e-01,2.747403845004275369e-01,2.653635967347073854e-01,2.649458520347121593e-01,2.687834881362174966e-01,2.359594073909095646e-01
2.025000000000025580e+01,2.378020838069184184e-01,2.417669717632143778e-01,2.300893502496903220e-01,2.676587899460566300e-01,2.720640243666267999e-01,2.846739844715624468e-01,2.711147243896850356e-01,2.660491206535565700e-01,2.725617531791261761e-01,2.439173316923970714e-01
2.050000000000020606e+01,2.432262839635068730e-01,2.259070810233520521e-01,2.388285621545594983e-01,2.770738600928063233e-01,2.915943834571726456e-01,2.765298094269925122e-01,2.732444348271172441e-01,2.609425983153942918e-01,2.822101805574271927e-01,2.467609319298731951e-01
2.075000000000015632e+01,2.304892771644617422e-01,2.431430884727810438e-01,2.361128574927388035e-01,2.831280057246196025e-01,2.871673445503302724e-01,2.780406475214015072e-01,2.767126469909015896e-01,2.730890071279218900e-01,2.739050641402212549e-01,2.574231419356021733e-01
2.100000000000010658e+01,2.312347175743880989e-01,2.587334382824055257e-01,2.422603302541514458e-01,2.826457065000916868e-01,2.829364156202222591e-01,2.902663688891954363e-01,2.792127136485375583e-01,2.858937437773498846e-01,2.842474589851683997e-01,2.555938520832365946e-01
2.125000000000005684e+01,2.438076552233797711e-01,2.626901750147715986e-01,2.441746413201604238e-01,3.004141130123842429e-01,2.913695505654664286e-01,3.103062642020597561e-01,2.798306054750220873e-01,2.974865763786215811e-01,2.744887711966922939e-01,2.687861430082234548e-01
2.150000000000000711e+01,2.511465412146203779e-01,2.438139042554627878e-01,2.488485527186805879e-01,3.076212044766079567e-01,3.022455717411828835e-01,3.209677516145416631e-01,2.861626809928844994e-01,3.046286410671066314e-01,2.778891899894380679e-01,2.766225791412640356e-01
2.174999999999995737e+01,2.539136702194276229e-01,2.357286046704114013e-01,2.507092409289939927e-01,3.070670632312280657e-01,3.156726883681556517e-01,3.266630683267595092e-01,2.919076470854473637e-01,2.974108526992652601e-01,2.767511238243396954e-01,2.743358358516955753e-01
2.199999999999990763e+01,2.536267290105382877e-01,2.275657876384917233e-01,2.515497442189787991e-01,3.157661381066320105e-01,3.110601477040640939e-01,3.356838560744592193e-01,2.998750908635141044e-01,3.181342329018572723e-01,2.708047862385544735e-01,2.733794840936445980e-01
2.224999999999985789e+01,2.550853683639550118e-01,2.363319666299582011e-01,2.561788010648995417e-01,3.260688557197217174e-01,3.242192800740255620e-01,3.426336971722333535e-01,3.068927033898063983e-01,3.234812916249348302e-01,2.803844226330017286e-01,2.707738456867462840e-01
2.249999999999980815e+01,2.620478697136324753e-01,2.254161850257996036e-01,2.535432117966968657e-01,3.319147673117330832e-01,3.349530535949045706e-01,3.511261909122515568e-01,3.139507564940364759e-01,3.310228988269692252e-01,2.898590984542896432e-01,2.708559339500477003e-01
2.274999999999975842e+01,2.659046243750111116e-01,2.399603622302908246e-01,2.528488392936689699e-01,3.364533260329083397e-01,3.361194713861890282e-01,3.518443779283699224e-01,3.196962681691661867e-01,3.429085903561793214e-01,2.962039215747902521e-01,2.726872963832051577e-01
2.299999999999970868e+01,2.548563875735336826e-01,2.613915472736934031e-01,2.588998571985147157e-01,3.471627599273863218e-01,3.411521328767648242e-01,3.549487229680406419e-01,3.253071981646354915e-01,3.511606233983437519e-01,3.044163041358260990e-01,2.771589795441151693e-01
2.324999999999965894e+01,2.514463468468018381e-01,2.553014021555244928e-01,2.590066324892438820e-01,3.563932575818677950e-01,3.543167599159172676e-01,3.633875495394861543e-01,3.310080502347762521e-01,3.606312812419023017e-01,3.123178860188853823e-01,2.794059209008469824e-01
2.349999999999960920e+01,2.548159010107581834e-01,2.622930444369776515e-01,2.587250818457369483e-01,3.496682506325618500e-01,3.648296226755249339e-01,3.712345806139568105e-01,3.375157658088968615e-01,3.684228596423237412e-01,3.227838336369039940e-01,2.796044212193968259e-01
2.374999999999955946e+01,2.561107264870763345e-01,2.607632244162228496e-01,2.654187297368113541e-01,3.478443503967023620e-01,3.741487948161472676e-01,3.753022410336358528e-01,3.445743998231065586e-01,3.762793320911634876e-01,3.356769238370676534e-01,2.727607852812501399e-01
2.399999999999950973e+01,2.739105913643521961e-01,2.779755246191420448e-01,2.773787108474071728e-01,3.424196122692503286e-01,3.834165217883551691e-01,3.771475790419657748e-01,3.542061391380660895e-01,3.833371391163095665e-01,3.536336236043383097e-01,2.462693848234492333e-01
2.424999999999945999e+01,2.759860632510226508e-01,2.774427028632965309e-01,2.788495091705553430e-01,3.340304657263805654e-01,3.878077291456598630e-01,3.914350449192414705e-01,3.712682948187982501e-01,3.944219120190293193e-01,3.722080807875003949e-01,2.545798636074910193e-01
2.449999999999941025e+01,2.745352958128587373e-01,2.781446686152515002e-01,2.892763660752252775e-01,3.104829641023997833e-01,3.970861672602992165e-01,3.906106075073585981e-01,3.896113178078887129e-01,4.008114099419798348e-01,3.917750665602435234e-01,2.669211186846084383e-01
2.474999999999936051e+01,2.753319888117281566e-01,2.754966243713643514e-01,2.714945869174977822e-01,3.096394829077023791e-01,3.861419207856671143e-01,3.607712809047797786e-01,4.096379526244841029e-01,4.048261132447882882e-01,4.042666110436033966e-01,2.785609641538729364e-01
2.499999999999931077e+01,2.728894549957017190e-01,2.728993190890597331e-01,2.746956471859580695e-01,3.006371186131414630e-01,3.798480273336541924e-01,3.330141259020766853e-01,4.287255423619950045e-01,4.154412716709911524e-01,4.058073037351741519e-01,2.912349231631882751e-01
2.524999999999926104e+01,2.708181164160688437e-01,2.708375317138527749e-01,2.744350433398076161e-01,2.759629376103073795e-01,3.908302253040853991e-01,3.299227441282767681e-01,4.413254481118842332e-01,4.135711713845621751e-01,4.056313767872258835e-01,3.108212944353081486e-01
2.549999999999921130e+01,2.699298507905440458e-01,2.733203470198538043e-01,2.729909600057018326e-01,2.470441467291024373e-01,3.802639870164671310e-01,3.238268604022159769e-01,4.467369049655838253e-01,4.137658232399026303e-01,4.029219314170039978e-01,3.340132124501781208e-01
2.574999999999916156e+01,2.634190820230114527e-01,2.656588090596982976e-01,2.586220306887144216e-01,2.575964230323764537e-01,3.724741141601235483e-01,3.344022861459317597e-01,4.529952551150879247e-01,4.207229318412941677e-01,4.064639301251856129e-01,3.549227989496264724e-01
2.599999999999911182e+01,2.486113672060248359e-01,2.589911966334189630e-01,2.554616908672379116e-01,2.721443810854745626e-01,3.814252715509880431e-01,3.309655313099007512e-01,4.592377453794921904e-01,4.281059419691704004e-01,4.173462805566790501e-01,3.756901566047682883e-01
2.624999999999906208e+01,2.363070445390270946e-01,2.599908701382602771e-01,2.594209136083640566e-01,2.518756855871898681e-01,3.636936803227913684e-01,3.626464905576032849e-01,4.719105850484884845e-01,3.991727646061408175e-01,4.270500564305719782e-01,3.900067175578982304e-01
2.649999999999901235e+01,2.399892722013099999e-01,2.657570769288897794e-01,2.631637874808455679e-01,2.267509939152775322e-01,-2.271476365482529499e-15,3.645728774041645526e-01,4.631233927952904672e-01,3.919661064946943219e-01,3.968037048139135270e-01,3.818622958795160338e-01
2.674999999999896261e+01,2.478814231244770017e-01,2.579783105988471270e-01,2.443102682215068100e-01,7.012393412668075066e-08,-1.500699692032548323e-03,2.995854383473098292e-01,-3.013584830330470540e-13,3.882704066444030433e-01,3.714580056613342451e-01,3.820100922024096679e-01
2.699999999999891287e+01,2.640723101230877945e-01,1.900558090486322571e-01,2.070517866850703770e-01,-7.429427779177857384e-03,-1.271572021342913495e-04,5.412777779969670662e-06,3.982550744649981743e-05,-6.651695141099614461e-02,3.323274807020460409e-01,3.153822290517678817e-01
2.724999999999886313e+01,2.112938015850610307e-01,1.790001022722123303e-01,6.718759777655376741e-02,-5.741020804317755952e-03,-4.910610107090466899e-06,9.116950080887500658e-04,5.176381771212824386e-07,-1.689349279642317903e-01,9.141799773337966339e-02,2.680386997119525994e-01
2.749999999999881339e+01,2.076509380730655885e-01,1.495008238302742709e-01,5.980113897314350696e-02,-3.199103327042250502e-03,2.107104010920621756e-08,-7.137065235599185995e-08,8.921303664545295747e-03,-3.219152940199934698e-02,3.497643082524377195e-02,2.266086518308058073e-01
2.774999999999876366e+01,2.365083012280653207e-01,1.112123923647505425e-01,5.507053027273810242e-02,1.364361561742333424e-02,5.852046254405520013e-09,-7.171346202958600259e-07,-5.571097225151729163e-05,1.630009118299920873e-02,-5.054574776654736923e-02,4.382643106210373785e-02
2.799999999999871392e+01,1.867745823483245859e-01,1.372897651669754415e-01,3.348084533662851886e-02,6.674653762206106400e-03,3.306165108791699309e-07,-2.203371665235264853e-03,-5.931690530004931058e-06,-1.327508615097528627e-02,-7.841131033732554045e-02,1.201617881437582434e-02
2.824999999999866418e+01,1.062888802337269567e-01,7.431892919037359768e-02,1.538785854397101138e-02,-7.365881410125150149e-06,-9.469339101146534983e-07,4.011879692396763887e-07,4.903505561707779769e-06,-3.993565903342466937e-03,-8.862106408208486608e-02,4.113188024263549764e-02
2.849999999999861444e+01,1.346857335240774223e-01,1.301102204508589044e-01,-3.872012225768553789e-03,2.561108038828653166e-05,-2.988163964108706951e-05,1.832030674980599069e-07,-5.246718392181200750e-03,-9.974394622316935105e-03,-9.345768732448024585e-02,3.567884452863080702e-02
2.874999999999856470e+01,2.957601378321554619e-02,-3.978147111834730298e-03,-1.891977757027480875e-02,5.423571615395590533e-07,3.688419446528156533e-06,1.876503707171379900e-03,2.410512750014528230e-06,-3.682948737098406741e-03,-5.670317291606202098e-02,-8.656116641710528622e-03
2.899999999999851497e+01,-2.771947107795413173e-02,-3.101714628075081734e-03,-3.552843700222454992e-02,-6.883349287099341240e-03,-9.611604583048639905e-03,-6.446584404045629782e-10,5.205367146867740896e-12,-1.741534861986123936e-02,-5.597070924668458292e-02,5.867534114372463527e-03
2.924999999999846523e+01,-4.786751404746392852e-02,2.765273948183382020e-03,-5.045583226983051117e-02,-1.307390620228591864e-02,1.136531415625560425e-08,-1.650210172587512819e-08,-1.489465769813528261e-02,-2.343064211271862068e-02,-5.032330928130489267e-02,9.077657311025565806e-03
2.949999999999841549e+01,-6.415835061026009534e-02,7.648708428922566457e-03,-6.250440134239704237e-02,1.585459589078976397e-02,-1.813202684495818576e-02,4.729431786563041420e-08,-3.535927770704125339e-02,-9.138399641187808231e-02,1.579203397347214016e-02,2.241527018367505883e-02
2.974999999999836575e+01,-8.102570432467065542e-02,4.729916021254557817e-03,-5.764314364590587131e-02,-7.090779515745272985e-10,-3.646021364707324741e-02,-2.584975472958326442e-02,-6.377414300995162821e-02,-2.066016353488353205e-02,3.089204755818033069e-03,3.327213445413815252e-02
2.999999999999831601e+01,-8.046179116283647126e-02,9.734172789034276421e-03,-6.887693497477231919e-02,4.609606004588228309e-09,-1.249224838846423394e-02,-4.443943674524650916e-02,-4.563812324383144381e-02,-3.406260806014950460e-02,2.400043335605368464e-02,3.245360757355366527e-02
3.024999999999826628e+01,-6.784813982844115077e-02,1.397214341324901207e-03,-6.837988939534495048e-02,-1.515986286924102429e-02,-3.661783306122756709e-02,-1.271556376214257955e-03,-8.623289959399846327e-02,-8.085420159467464341e-02,2.312255083443423911e-02,2.429495509064700381e-03
3.049999999999821654e+01,-6.564764947719152477e-02,-1.585791505360518994e-02,-4.488479567668619136e-02,-2.457929076351408199e-02,-2.968813595904796002e-02,2.068446426391800860e-02,-5.196455804380913784e-02,-9.375369338163849764e-02,1.689598135976614485e-02,-8.162644017993497467e-03
3.074999999999816680e+01,-4.579262879486357268e-02,-6.457095081065318543e-02,-5.458987916984581884e-02,-4.181348429616754681e-02,1.267427018124647926e-02,1.867472226997504703e-02,-3.252135148581977719e-02,-5.976910631753595132e-02,2.975137533555411579e-02,-4.424254090568537079e-02
3.099999999999811706e+01,-5.352196770103925805e-02,-5.254329303755361086e-02,-6.837182547493315943e-02,-3.806597694157201617e-02,-5.257121114543246432e-03,3.964832366870525010e-03,-2.304715175978754374e-02,-7.227661400603105357e-02,4.640388368489567483e-03,-6.641070508653958149e-02
3.124999999999806732e+01,-5.840114611406069245e-02,-3.200262542912850339e-02,-4.407213515759235423e-02,-5.822091890720445390e-02,1.582709379459664584e-02,1.220960036432040471e-02,-3.154124700107510063e-03,-6.752968294667438531e-02,-1.236030285245853441e-02,-7.973904562787137440e-02
3.149999999999801759e+01,-4.743059634390357771e-02,-2.060839001825203604e-02,-2.079008145987882791e-02,-6.482227516812483215e-02,2.679491303011102485e-02,9.601955188323444204e-03,5.982242626791173246e-03,-5.016777170249318851e-02,-1.459212562038552860e-02,-9.012540118236866959e-02
3.174999999999796785e+01,-1.155516550451505912e-02,-2.918233073082351914e-02,-2.247857984818875995e-03,-4.285793463386405877e-02,2.916917618625631745e-02,-7.529931112719315343e-05,-1.060376342938911453e-03,-4.872272841017553230e-02,-2.364297302375036047e-02,-9.068624775285205608e-02
3.199999999999791811e+01,1.169930098797259885e-02,-1.571971448654991416e-02,1.135758489217444716e-03,-5.939434554840105490e-02,4.606867954707968144e-02,-2.196734799215062026e-02,-6.022401695725833858e-04,-4.817304468403817153e-02,-3.167898443216506793e-02,-8.699994686951782741e-02
3.224999999999804601e+01,1.825947169207725249e-02,-4.526209184660953677e-02,6.518276293773606067e-03,-6.356531535954035306e-02,-5.211186350225899662e-10,-4.332732808148696824e-02,-1.491885580128945836e-02,-1.506009797758313742e-02,-5.122708170302735231e-02,-6.330820539615340803e-02
3.249999999999817391e+01,-1.022959579337946387e-02,-2.934753309355230683e-02,-2.006576909144696091e-03,-3.290783880316661830e-02,-2.453969967305636227e-02,-2.003607034505800258e-02,-4.759629026424609492e-03,1.519838796187735234e-03,-7.333614362316209778e-02,-3.816410206675231731e-02
3.274999999999830180e+01,-3.390590402576384305e-02,-1.484940293294987994e-02,-1.505675575797132265e-02,-4.862578511025819616e-02,-3.533236763471256370e-02,3.870652062302768880e-03,-1.439073258271579558e-02,4.886162773141350738e-03,-9.499870945715872816e-02,-3.355677493218962165e-02
3.299999999999842970e+01,-2.229941070585429383e-02,-1.330296538604170895e-02,-7.686465333785201699e-03,-6.374284187846890326e-02,-4.518284734206772651e-02,-1.694620740572925707e-02,-7.815170338898091637e-03,1.154920403320395215e-02,-1.113657702465948168e-01,-2.502206490673241149e-02
3.324999999999855760e+01,2.475938869963268969e-03,-3.787087706176328616e-02,5.187576854857702154e-03,-3.925160705017326918e-02,-2.122819145304555288e-02,-3.567685030446033495e-02,-6.855587562120301270e-04,3.398416323160619729e-02,-1.335687943455149407e-01,-7.372629373992878668e-03
3.349999999999868550e+01,2.424094888697430478e-02,-2.837942720806982747e-02,2.409871709414446173e-02,-4.142886440217454641e-02,3.385682702913822952e-04,-4.295128324124443397e-02,9.014687504482752842e-03,5.218777313536148571e-02,-1.566562364312198974e-01,6.380400976649493530e-03
3.374999999999881339e+01,3.470693815939964594e-02,-2.310926966001973851e-02,3.689771404372541724e-02,-4.378486434107480008e-02,2.924267286392335727e-02,-3.461797011657681555e-02,1.575736616820320665e-02,3.029389690369979626e-02,-1.346195307606231628e-01,4.716266919512639741e-04
3.399999999999894129e+01,3.732961863509687978e-02,-5.460204067553211388e-02,4.381724908042903405e-02,-3.718391162758766244e-02,5.297143945543777294e-02,-3.530685719233665060e-02,1.944734292308716167e-02,3.029317340351906501e-02,2.526467712207918631e-02,-6.068824243316903871e-02
3.424999999999906919e+01,4.162282329352106486e-02,-8.835069669330262998e-02,5.299752409085056043e-02,-3.631737309310455880e-02,3.048533400195136203e-02,-7.752570066721527035e-03,1.561273442644073479e-02,4.050697885383527236e-02,2.698611795922823894e-02,-6.499554047118780153e-02
3.449999999999919709e+01,2.503444218877101408e-03,-8.755528521724495472e-02,5.113332225854613083e-02,-3.332150039304596079e-02,-7.585698408773248634e-05,-8.201771106813251014e-03,2.809316327116512593e-02,6.198312083224453983e-02,4.590755347811678946e-03,-9.339483121852037995e-02
3.474999999999932498e+01,-4.971914677477622807e-02,-5.058614813480080685e-02,2.715971121416917156e-02,-1.600886068416766672e-02,8.466543551565319445e-03,4.394403605072000341e-02,2.002512572737401297e-02,5.561605375944420754e-02,-2.005945883494452547e-02,-9.935465918246130790e-02
3.499999999999945288e+01,-5.373024008264225271e-02,-1.049714310396260286e-02,4.128153770713399034e-02,1.227636702804350659e-02,4.782234043881149047e-04,4.326582338679903217e-02,4.555720402394160956e-02,4.061180633449603533e-02,-3.521818699247710599e-02,-5.862695079253772701e-02
3.524999999999958078e+01,-3.362443951595580488e-02,1.373150792431103266e-02,4.404987572605401774e-02,8.317413599994702422e-03,-2.086481808744564804e-07,2.588616398903096152e-02,4.706452911203748424e-02,-8.374155311795762266e-03,4.963808772839364836e-02,-7.002980979853187793e-02
3.549999999999970868e+01,-4.519292272303086777e-02,3.261406827103333766e-02,5.192429641407603214e-02,2.253582295752314807e-02,-2.418933954308722517e-02,4.188218877439504884e-02,5.808434741222727460e-02,-2.098272361387159765e-03,5.119700476732817751e-02,-2.175212040296879007e-02
3.574999999999983658e+01,-6.011938012969306883e-02,3.993310679150430254e-02,2.510480242312734464e-02,1.067592643200024078e-03,-3.763366016805567982e-02,2.526425471398134268e-02,6.068026380900610334e-02,1.550894181199725420e-02,3.067382727811968079e-02,5.646230773445040999e-03
3.599999999999996447e+01,-3.372332546276501919e-02,2.136409524200723331e-02,3.618685913920973579e-02,6.581838998596238263e-03,-7.584935009572098263e-02,6.303540829167696147e-03,6.171116137596065893e-02,3.602876846486408741e-02,1.645973593793896919e-02,-1.395107824985217758e-02
3.625000000000009237e+01,-1.479071120811301446e-02,6.582539919997699648e-03,2.766234015467951279e-02,-1.916122432886025601e-02,-2.564713285802375925e-02,-1.125467961562739115e-02,-2.821794560865197981e-06,2.383877499495096544e-02,4.629276026107033079e-03,1.093808963755434375e-10
3.650000000000022027e+01,-1.728502998547797867e-04,2.708517892555345127e-02,4.303717739276916032e-02,-2.042979026229379061e-02,-6.047526438607311178e-03,1.042517805273291201e-02,-1.937303502913010483e-02,-7.894859627423575499e-04,-3.702401294742106719e-03,-2.621821740690590600e-08
3.675000000000034817e+01,1.152165691786487603e-02,4.643036909011270807e-02,4.871985371136181714e-02,-2.535395555561364284e-02,9.215603530678911567e-03,-8.497695108886713436e-03,-3.937112518573650244e-02,1.796407285576619509e-02,1.900879208571977855e-02,-2.296883209466600763e-10
3.700000000000047606e+01,3.029975917471085245e-02,6.599803253342606535e-02,2.224175690823339963e-02,9.714985016531471271e-03,-9.829411738558583786e-03,-2.102690866307755160e-02,-9.486948150967752444e-03,3.314951623579344420e-02,1.962149927320840093e-02,1.800312194325846132e-02
3.725000000000060396e+01,4.096241984516120135e-03,6.001287127590645976e-02,-3.296176778399696316e-03,2.945891713228155490e-02,9.411870941325181997e-03,8.323667877193156525e-03,-3.102199040631697154e-03,2.820815937348481253e-02,-2.427607233197537698e-03,3.989599771145958124e-02
3.750000000000073186e+01,8.944467789364243457e-03,7.677187078913104423e-02,-1.620492757142399584e-02,1.525325078822130712e-02,-1.391113442917613074e-02,3.460110701805824140e-03,-1.152773734003628703e-02,2.083895715630246573e-03,4.322649863111248381e-02,2.722962791497822790e-02
3.775000000000085976e+01,2.825055232731860100e-02,5.587318031754141129e-02,-1.146882819231208848e-02,-5.934235267889363848e-03,-6.250411337055766965e-03,-6.626576419910240601e-03,8.982503719822013816e-03,7.394198475189518206e-03,2.534096736126945082e-02,3.617085974186007302e-02
3.800000000000098765e+01,1.852755578398703482e-03,3.346958320194189096e-02,-5.128508513677030971e-03,-2.480204948556600023e-02,-2.003476475298565651e-02,-1.873807402946665521e-02,6.446274280156752932e-03,-8.543118778426794097e-03,7.460040232601078403e-02,3.734831097099314962e-02
3.825000000000111555e+01,2.400217773042094896e-02,1.199489006583641555e-02,-8.016057077429179431e-03,-3.839563386374290205e-02,-3.574943439754948299e-02,-2.805030243365911127e-02,-6.592518231708849492e-03,2.312402448352782192e-02,7.057024466957217967e-02,4.037453547944958032e-02
3.850000000000124345e+01,7.258717761908831112e-02,-9.485116917633843944e-03,-1.575016966494592954e-03,-3.045476258129648992e-02,-4.044942718742607080e-02,-3.571940577728183880e-02,1.439619847223131549e-02,3.805174085679299129e-02,2.646684326213735033e-02,2.037844700479560234e-02
