2.500000000000001110e-01,-4.638247692839640550e-03,1.363453749629058021e-02,5.842773289573534312e-03,8.538095247214407685e-03,1.614909803550909281e-02,2.033440385443217174e-02,1.957463894685286879e-02,5.933710287169676086e-03,6.583638683969725205e-04,8.887857719864281775e-03
5.000000000000003331e-01,-7.919172172196403334e-03,2.188675495979486990e-02,8.448160889244930860e-03,1.415325255350255614e-02,2.927721253273247309e-02,3.462177990087924456e-02,3.039335185512653109e-02,1.304931984510497404e-02,2.305214497416377493e-03,1.421649873995032946e-02
7.500000000000005551e-01,-5.526680449025322961e-03,2.689649124854349635e-02,1.923854066659099263e-02,1.813113753860272348e-02,3.592334393827392724e-02,3.945228680688645656e-02,3.621183657622403795e-02,1.717707095795592900e-02,1.165272243719438737e-02,1.651794414124999055e-02
1.000000000000000666e+00,-3.403330189752373953e-03,3.025878041852219508e-02,2.672667423944983037e-02,2.248807445560216389e-02,3.912538160871267823e-02,4.322180942993728014e-02,3.907816612068536199e-02,1.838035030685358437e-02,1.423225996095029734e-02,1.869378451133757793e-02
1.249999999999995337e+00,-7.717553625296567389e-04,3.327559884792576084e-02,2.303193682919084731e-02,2.796890834801496126e-02,4.289639311075241906e-02,4.842413621138141194e-02,4.317767780904590430e-02,1.720567738885193237e-02,1.464050408739245475e-02,1.758804838007907434e-02
1.499999999999990008e+00,1.058583785007550593e-03,3.546209028295822102e-02,2.818714801484423910e-02,3.666199698270814628e-02,4.868178557279111834e-02,5.451268282487443245e-02,4.906307461284475230e-02,2.312638155703415285e-02,1.782948206578380268e-02,2.179154321470265152e-02
1.749999999999984679e+00,2.534434315107700255e-03,3.496567547676783516e-02,3.354579411427491969e-02,4.308298550766657270e-02,5.477771549920889410e-02,6.032688276018045165e-02,5.638459715046584275e-02,2.853527553207622913e-02,1.923859564879669415e-02,2.459055897271840777e-02
1.999999999999979350e+00,2.664994230243547708e-03,3.367827422239631080e-02,3.927566570274516194e-02,4.933794630876450066e-02,6.133309696777343445e-02,6.515974300063531732e-02,6.136820199085811500e-02,3.340664653489232305e-02,2.360772076405910636e-02,2.563700457841230906e-02
2.249999999999974243e+00,3.211015824558528017e-03,3.266012582084899807e-02,4.433336378637600661e-02,5.652553871928087115e-02,6.685771047976753201e-02,6.780167475724187265e-02,6.588414177236642799e-02,3.932976840471008595e-02,2.863545169215312922e-02,2.746575316945237474e-02
2.499999999999968914e+00,4.617722405362445319e-03,3.287654233236014106e-02,4.971966811565099731e-02,5.791368182105246371e-02,7.344140645078447993e-02,6.751412713821536293e-02,6.987828055103331715e-02,4.768065775125298472e-02,3.369726905059545335e-02,3.041315095533599425e-02
2.749999999999963585e+00,4.940110815836601561e-03,3.432573907911296712e-02,5.553155687344013547e-02,6.551310068062922431e-02,7.764246521227331777e-02,7.442687983026791132e-02,6.349321029682111761e-02,5.064313004193935625e-02,3.933167489355875873e-02,3.177122602753788827e-02
2.999999999999958256e+00,2.442146306553950874e-02,4.184253050405392638e-02,6.760107447246918588e-02,7.073847371883400237e-02,3.913804217881984571e-02,3.703455125318083629e-02,3.931492967389393911e-02,4.662528506620258056e-02,2.350373836500294078e-02,3.458009713145531600e-02
3.249999999999952927e+00,2.525858409324900633e-02,4.585077493274680727e-02,6.247238661438277857e-02,7.585677555542877371e-02,4.555674076175898063e-02,3.579668442388889149e-02,4.812861493021459297e-02,2.865844657319377431e-02,3.536894897842540741e-02,3.649244680463475943e-02
3.499999999999947597e+00,2.072871109033406697e-02,4.633400881655727610e-02,5.265605174230907765e-02,5.979559288576605236e-02,5.067995465303587466e-02,3.724476501243665499e-02,5.005538491789799510e-02,3.044655855186045521e-02,3.775990070425278011e-02,1.276894834658425307e-02
3.749999999999942268e+00,2.328250389376873217e-02,4.616689781215552874e-02,4.992449069528304834e-02,6.833820660693655513e-02,5.137754285231929674e-02,2.935627392766376742e-02,4.218621915364380998e-02,3.139527018141011205e-02,3.162626407025983383e-02,1.341980254367240721e-02
3.999999999999936939e+00,2.428495110386054076e-02,4.620817768175782686e-02,4.810096794134306047e-02,7.169968361152535830e-02,5.864117369079278885e-02,3.369540421353868498e-02,4.471803428416648574e-02,3.043829351606214609e-02,2.523411154690989242e-02,1.339407433127494385e-02
4.249999999999931610e+00,2.462037087056222207e-02,4.699622276245183500e-02,4.939431897199864085e-02,7.115982390043021355e-02,6.502229621161824402e-02,4.246513448489221826e-02,5.087148666858250234e-02,3.660579576131633289e-02,2.260189961857026614e-02,1.339621659320660609e-02
4.499999999999926281e+00,2.586571552770729546e-02,4.840697948687863739e-02,5.685651167122456051e-02,7.264669975912034505e-02,6.377750894770062295e-02,4.982649498728106835e-02,3.979646979316164151e-02,3.992065382783989425e-02,1.659872094267687836e-02,1.492572884995386345e-02
4.749999999999920952e+00,2.632649141887665953e-02,4.773714910000461525e-02,5.802332330644789649e-02,7.214297280872690454e-02,6.882090279299774016e-02,6.055077453926748648e-02,4.963847634855491492e-02,4.204252909220031198e-02,2.073341805639880922e-02,1.433039964867243062e-02
4.999999999999915623e+00,2.716486870351010607e-02,4.709277828688545470e-02,6.147265466892108676e-02,7.482741812525194047e-02,7.443463830865210129e-02,6.426373110875457928e-02,5.034631826128066479e-02,4.677577686046892336e-02,1.618732246567873220e-02,1.500362082421043478e-02
5.249999999999910294e+00,2.732400365715602700e-02,4.738254484910482678e-02,6.446536283162140890e-02,7.713702170687061765e-02,7.880320057816947443e-02,6.521217317879555997e-02,5.083431928907629349e-02,5.411183292400583572e-02,1.814835628492462299e-02,1.459822315007143663e-02
5.499999999999904965e+00,3.305233278358762905e-02,4.748183791500901890e-02,6.436818473544163310e-02,7.492916003381079604e-02,6.025533428968875282e-02,6.530101585907753525e-02,4.609592185213960691e-02,5.619744506002211093e-02,2.481323592368244943e-02,1.639896627628294537e-02
5.749999999999899636e+00,3.253534618630426339e-02,4.508210491655429558e-02,6.961187169313214074e-02,6.652080978436111791e-02,6.704337301685270312e-02,6.709994399864353809e-02,4.956328067377357982e-02,5.701918074526411001e-02,2.995148041459021193e-02,1.790715902428467038e-02
5.999999999999894307e+00,3.730622954368728594e-02,4.675122419807511281e-02,7.177248369945697648e-02,6.504553401983964589e-02,6.483527840505090567e-02,4.629872089191504336e-02,5.390938762832112041e-02,4.588300365286274163e-02,3.990816621075646276e-02,2.168245930032560928e-02
6.249999999999888978e+00,3.519562498937085782e-02,4.517066174868326206e-02,7.260986310462988480e-02,7.262928418546550635e-02,6.354441134323964013e-02,4.792986875891516729e-02,6.302470595777691365e-02,4.969762664694837850e-02,4.644540199198968905e-02,2.128058700977969106e-02
6.499999999999883649e+00,3.528955291061199734e-02,4.502347900686116261e-02,7.461584207709957839e-02,7.398147306882331409e-02,6.656259100158389008e-02,5.467155168283073519e-02,6.397224283939050016e-02,5.552159136685330676e-02,4.281979614384178595e-02,2.088640688264704892e-02
6.749999999999878320e+00,3.685797205604413734e-02,4.463038790350544460e-02,7.802742394372258472e-02,7.407025034155712007e-02,6.550858525994998627e-02,5.917367028286159292e-02,5.342573684053538580e-02,5.789053269959530679e-02,4.266173596552372271e-02,2.160754838537070482e-02
6.999999999999872990e+00,3.766075561400890337e-02,4.413902526555334160e-02,8.151006399940263769e-02,7.665722855211677678e-02,6.351808512589190991e-02,6.203372019972844265e-02,4.889032687552565676e-02,5.823187159561886428e-02,3.845159620884862350e-02,2.210992695026786636e-02
7.249999999999867661e+00,3.818340860362886419e-02,4.278059257330196763e-02,8.099077758892077317e-02,7.469801572961044800e-02,6.026694948673745611e-02,6.358027768679670733e-02,4.840190439884848456e-02,5.454746354493577448e-02,2.429049524018799325e-02,2.569634394710996680e-02
7.499999999999862332e+00,3.692840011108012438e-02,4.295990180914770890e-02,7.149115911868372808e-02,6.786604204688904962e-02,5.294872932061147480e-02,6.851445093322991453e-02,4.968942242632205797e-02,5.464504549223670599e-02,2.978217924491371668e-02,2.616216798273708274e-02
7.749999999999857003e+00,3.927733067520827737e-02,4.313094698576590280e-02,7.241903539006035173e-02,6.477486415968018718e-02,5.766728938865604837e-02,5.485172330157956494e-02,5.436733407830561526e-02,4.198562268778097128e-02,2.395834676234672583e-02,2.850484769253364831e-02
7.999999999999851674e+00,3.955948631517919312e-02,4.086869542251772569e-02,7.457916775908517149e-02,6.437840263227431747e-02,6.262707515755858156e-02,5.843020104701833473e-02,6.118741621834296318e-02,3.200598265994036157e-02,2.434111918251626386e-02,2.886443252907827314e-02
8.249999999999889866e+00,3.920606941856692035e-02,4.314152049185445564e-02,7.718592496661305646e-02,6.634621433176735028e-02,6.665049359374487781e-02,5.935446021056774851e-02,5.164890816089414555e-02,4.001540445963896325e-02,2.268619341316723687e-02,2.985114872205585010e-02
8.499999999999928946e+00,4.112765784891950216e-02,4.821631271412707420e-02,8.039662750129675239e-02,6.572693329921275307e-02,6.313466835118042297e-02,6.138557675286920173e-02,4.557209289211597986e-02,3.211890242177766613e-02,2.102176965835689595e-02,3.010447492292322308e-02
8.749999999999968026e+00,4.047218133198572654e-02,4.834113962154160116e-02,8.060883866192150582e-02,6.323599589469212912e-02,6.273892559298574478e-02,6.386880126955674086e-02,4.775093541585929968e-02,3.388764357110499170e-02,1.950806815044307807e-02,3.060044618830400423e-02
9.000000000000007105e+00,4.081470241602209309e-02,5.186814258356785279e-02,7.129423979635543529e-02,6.263576680182572631e-02,6.273585435782591535e-02,6.029313996224317657e-02,4.834180573338186376e-02,3.486079226756420152e-02,1.717740065844769459e-02,3.140340292430331831e-02
9.250000000000046185e+00,3.295817727171260203e-02,5.253047342812298265e-02,6.895148531134932812e-02,6.478501859325330736e-02,5.516059489348275335e-02,4.597358235911459812e-02,4.207801528392392243e-02,3.584529894262401123e-02,2.133738249275357601e-02,1.728977251226562588e-03
9.500000000000085265e+00,3.319197740144752551e-02,8.170217902961995557e-03,6.686801981607544410e-02,5.636794187207761625e-02,6.103322449643037995e-02,5.446058070490074343e-02,4.239186546307951303e-02,3.096042249265575433e-02,2.166312944426929121e-02,1.506487466947948337e-04
9.750000000000124345e+00,3.024247381279908733e-02,1.089325590295682662e-02,2.312768456502305170e-02,5.915087592397683114e-02,5.544075078898784426e-02,5.473381911647265397e-02,4.434107095377182867e-02,2.780493063722842828e-02,1.286568262726087153e-02,-1.325811865618733466e-03
1.000000000000016342e+01,2.323142956322168245e-02,1.672864793128058317e-02,2.225729916037555781e-02,6.176543949475123141e-02,5.500698877207566700e-02,4.762308470458404691e-02,3.030622250825324576e-02,1.318529987571826975e-02,1.927688354124134154e-02,-1.520676350423012108e-03
1.025000000000020250e+01,2.151527311833991568e-02,2.208546945539420839e-02,3.185824763125626180e-02,5.650416981869625654e-02,6.127678776283319861e-02,5.422651040027570007e-02,3.094659671731841977e-02,1.540717574296415239e-02,1.757866002136335842e-02,-7.432733070602858590e-04
1.050000000000024158e+01,2.158359875254019580e-02,2.396838195711909272e-02,3.956367482749674480e-02,5.681832203757089528e-02,5.020759797297807275e-02,5.396459078551435473e-02,2.512958670413986337e-02,1.533516955232841830e-02,7.576693152724589715e-03,-5.544218674040812160e-04
1.075000000000028066e+01,1.992667761400748749e-02,2.678490573034840103e-02,4.485406198129345684e-02,5.435663376124082180e-02,4.857428291422792588e-02,4.765756537801191239e-02,2.212915600540075328e-02,1.773864720091922892e-02,8.888137512406942345e-03,3.472754047485672609e-04
1.100000000000031974e+01,2.031145187032960472e-02,1.689711212401837082e-02,4.884282248924147474e-02,5.207983269288155026e-02,4.984858014115356450e-02,4.973546499618402422e-02,2.558075078786409273e-02,1.830765706675838850e-02,1.031198042502964353e-02,8.920404904672759282e-04
1.125000000000035882e+01,2.075227660276001904e-02,8.654741997490443192e-03,4.923842209793775904e-02,4.953568600661420462e-02,4.820708300368158755e-02,5.206123235339362582e-02,2.474455591171571475e-02,1.908040952088553219e-02,1.052163657919705751e-02,1.576854427146390019e-03
1.150000000000039790e+01,1.987557612542040567e-02,1.111481601443416525e-02,4.529198989637832351e-02,4.622549967367568097e-02,4.699049555006879625e-02,5.705762140318808989e-02,1.846959492483567569e-02,1.876204333911370842e-02,8.954144941063557628e-03,2.801916178401032877e-03
1.175000000000043698e+01,1.808403150679599447e-02,1.043035476509548455e-02,4.266389920409009023e-02,4.185370918154937558e-02,5.069128683419525661e-02,5.570889965425690482e-02,2.389647272695033520e-02,1.986768484957456005e-02,8.947181117376249576e-03,3.679075519004275721e-03
1.200000000000047606e+01,1.035417665792683940e-02,6.973423052305067690e-03,3.253170653364853560e-02,4.143542697679616221e-02,3.632393081004325897e-02,4.769891287947574526e-02,2.329610467926307785e-02,8.911100120479728548e-03,6.023953927577967854e-03,5.132977121367578686e-03
1.225000000000051514e+01,1.108672552704393841e-02,3.553507284072885460e-03,3.606771659827205656e-02,3.489821418018567573e-02,3.822500334902355357e-02,5.062663510040064235e-02,2.801971079828584343e-02,1.068298129954789108e-02,7.190759601092243380e-03,7.085468824102326459e-03
1.250000000000055422e+01,1.659441212388291717e-02,8.969244203805635043e-03,3.451084710882058870e-02,2.658929739759165536e-02,3.538915531463776576e-02,5.480863589081254317e-02,2.078011068606561845e-02,3.953856972416747335e-03,4.563079503144892336e-03,5.032369760684181521e-03
1.275000000000059330e+01,1.628016587110574578e-02,6.163998188895170732e-03,2.861357486591946733e-02,1.760517352755983436e-02,3.970480677031274636e-02,5.617253256803938360e-02,1.343204519936283189e-02,1.192560328904989329e-02,7.484164430234328813e-03,4.248421688458884141e-03
1.300000000000063238e+01,1.220536910074563643e-02,9.337996347595354726e-03,2.950936404913125435e-02,2.111880625216434534e-02,1.902524258171157251e-02,5.871535363031781668e-02,1.383147343546835099e-02,1.667825814342637977e-02,9.695662327481081172e-03,5.310257359586209418e-03
1.325000000000067146e+01,1.287077092094719884e-02,3.858287286865407471e-03,2.196199179887652064e-02,2.497399102229509033e-02,1.889289766614475619e-02,5.898206569568423263e-02,1.703453272429448356e-02,1.632454182671712675e-02,1.223324650783653468e-02,7.616468695374094613e-03
1.350000000000071054e+01,1.513990537381404086e-02,5.157055005839314941e-03,1.831522177508438168e-02,2.031940187310270901e-02,2.101694477845154202e-02,5.789813477546023462e-02,7.357430939962275422e-03,1.417230028169841685e-02,6.810266305999967268e-03,6.643154229202581466e-03
1.375000000000074962e+01,1.199078354599428936e-02,3.013530942488538544e-03,1.552544716605566873e-02,4.058183395066545379e-02,2.925634442930654180e-02,3.359869328865187216e-02,4.225900472377115170e-03,1.264488017778390809e-02,7.661867374787518885e-03,7.052161890846082165e-03
1.400000000000078870e+01,1.257608119155815413e-02,3.326789168751993851e-03,1.255851273228704781e-02,3.348375657437180353e-02,3.195478544370903423e-02,3.035845553010648595e-02,5.696230170910013615e-03,1.150827786855098539e-02,9.574310997625639155e-03,7.524414394679069910e-03
1.425000000000082778e+01,1.211903694505980095e-02,3.118268435197203790e-03,2.284546808305753032e-02,2.282305528466203881e-02,2.411699842182817022e-02,2.690672265856022816e-02,8.831362313383354576e-03,1.142551051229915605e-02,8.744033462293484757e-03,7.506772787981425867e-03
1.450000000000086686e+01,1.151319176010136454e-02,3.816968942975124644e-03,1.610995169967041618e-02,2.153174595957582996e-02,2.204036503622541429e-02,2.411803065947941763e-02,1.291966566160761623e-02,1.101835466728108212e-02,8.096812570239872789e-03,7.465916171546719930e-03
1.475000000000090594e+01,1.062184351794838097e-02,1.175977510983054405e-03,9.797401366851790985e-03,2.025159468126292231e-02,2.392162077602267775e-02,2.715524241036300704e-02,1.680255499069334413e-02,1.008958364902655738e-02,8.896146580181349753e-03,7.500608118940726814e-03
1.500000000000094502e+01,9.624424562256017265e-03,3.855252851345473812e-04,5.581978517643715679e-03,1.639991160067404488e-02,1.880255332383220374e-02,2.853977869991868033e-02,1.695804648814205895e-02,1.177047896002293356e-02,8.668268330052651682e-03,8.045828629040492966e-03
1.525000000000098410e+01,8.705098244556265519e-03,1.648676409213784780e-03,9.254093099380014328e-03,4.485425210005317305e-03,1.039253317666430539e-02,1.384436677098599584e-02,1.828683201974627345e-02,1.226117425011514009e-02,9.552908509181053803e-03,8.154829545925803419e-03
1.550000000000102318e+01,8.467130972824766719e-03,2.598062981927685370e-03,5.368593981474130764e-03,1.546827536205236213e-02,1.484925875841575788e-02,7.674386597182889132e-03,1.266209440001282195e-02,8.604976005054255916e-03,9.866710615498654538e-03,8.391207672150827537e-03
1.575000000000106226e+01,7.826358952355049262e-03,2.860196705674109170e-03,6.662249166744923720e-03,5.453662485271578743e-03,1.316204257598069770e-02,5.454567478197916604e-03,1.327041810745426334e-02,8.089561209989352616e-03,1.086017165831274639e-02,8.993296315636349972e-03
1.600000000000110134e+01,4.178505428017671545e-03,2.981214996218137757e-03,3.147688835357141581e-03,5.572691884460393222e-03,1.193660048197346668e-02,3.944537139008314104e-03,1.177795721638259796e-02,6.706657840655650543e-03,1.159802190466378141e-02,9.195287625581154492e-03
1.625000000000105160e+01,1.979759521310844525e-03,1.655416115787214934e-03,2.751281778723736922e-03,3.493146344960134167e-03,8.980969923372657954e-03,4.558792760410672676e-03,1.001203006633577530e-02,5.676180081478733770e-03,9.994749105156493577e-03,9.871417838258395375e-03
1.650000000000100187e+01,2.242874804981165662e-03,1.296588239547444808e-03,2.613821288574546316e-03,3.162230830497627949e-03,7.474573883956775813e-03,3.788335378427458086e-03,1.936264310325956379e-03,3.600869730756904672e-03,8.679518734771464808e-03,8.980885409306445591e-03
1.675000000000095213e+01,1.520077198036733166e-03,1.595506194653239064e-03,2.904996239788245000e-04,-1.591828251723544454e-04,4.479530952667061354e-03,-1.159381394381800131e-03,7.041391538911442524e-03,4.101192252886120930e-03,4.191353912247055766e-03,4.082970512844174248e-03
1.700000000000090239e+01,3.592465569384082290e-04,7.479238082094746614e-04,2.669458382058435874e-04,2.131978671876143348e-03,4.534124231329932260e-03,6.471152865840138716e-04,2.169003017087480813e-03,2.648479417817675447e-03,3.230267776690205848e-03,5.734535542481241158e-03
1.725000000000085265e+01,3.704590113067231477e-04,-2.536428567067756652e-05,1.018486660292041847e-05,-8.837484205919806323e-05,2.189778323931022928e-03,-5.381119300111019549e-04,2.243176863796919347e-03,2.158928974780554514e-03,1.250764458969201749e-03,2.612399887916386741e-03
1.750000000000080291e+01,8.335987747076426110e-04,-9.035018104045870863e-23,-5.560418368329792710e-22,8.001384541087710285e-04,1.567720096736329762e-03,-1.542564466931524734e-05,-4.586040330498573816e-04,1.151223838620936846e-03,7.163763122501902361e-04,1.788124034211299252e-03
1.775000000000075318e+01,5.663201382453020728e-04,-1.293815940787383786e-04,-4.209159081423059345e-04,2.265980952753951592e-04,5.921841232124675121e-04,1.575689352101428868e-03,-8.248569574264673224e-04,8.607030641323240062e-04,6.942492753873007183e-04,1.568397203837849127e-04
1.800000000000070344e+01,4.994498621440280792e-05,-1.117843104141145371e-04,-5.216291349927743536e-04,1.237130958117966606e-04,3.469097932120982267e-04,-1.244062096655367509e-03,5.733446026505981309e-05,1.062048011331738804e-04,-1.310077625086651352e-21,-1.764221549521696519e-05
1.825000000000065370e+01,-2.782076270947425695e-05,-1.496494762022083523e-04,-1.702587966682436716e-04,-1.180976365831435570e-04,3.161016148486495343e-05,-1.813688920481159054e-04,-1.726625390084441416e-05,-1.937355014563801062e-07,-1.129377263005733770e-22,7.620880895887677318e-05
1.850000000000060396e+01,5.646886315028669290e-24,-8.139154494129003360e-06,-2.883582442344732306e-07,2.813927187221575187e-04,4.038373956351975526e-04,-1.461131834013668160e-21,8.244454019941857060e-22,1.863472483959460755e-22,2.421523229227778496e-06,6.729412866906690684e-04
1.875000000000055422e+01,8.922080377745297933e-22,-2.638831796834981364e-04,-8.708212843233128619e-04,1.258245825558542818e-03,1.067058878575817635e-03,9.468419147783424278e-05,-2.759682454324576786e-06,-2.710505431213761141e-22,-1.581128168208027372e-22,1.161204590978251820e-06
1.900000000000050449e+01,-1.098986115946546781e-04,-1.767873781046207127e-05,-1.129377263005733770e-22,-1.096460404483046288e-03,-1.635488322232263813e-04,-7.239914086536748921e-05,-1.197139898786077810e-21,-1.676298638042784411e-09,3.162256336416054743e-22,7.512412050013552594e-05
1.925000000000045475e+01,-3.995172067882783366e-22,-2.544427953210232193e-05,-1.303341540989659173e-04,2.342011688272333105e-05,9.834804004257798494e-09,-3.783413831069208564e-22,-1.695786141007063776e-05,1.547592153043150113e-07,-7.360946392070924241e-08,4.958859323953547857e-05
1.950000000000040501e+01,-3.711361207923264370e-05,-4.946783828582798653e-05,-5.772756687710451935e-04,-1.122348546196249696e-04,6.748029146459260032e-22,1.444897035857960832e-21,-9.954700722668367898e-06,-3.162256336416054743e-22,-1.129377263005733770e-22,6.440477699392517540e-05
1.975000000000035527e+01,-9.425006190177538383e-22,-1.295554264932946183e-05,-8.191004801803878710e-04,3.866901168799314866e-05,1.814768589610767270e-05,1.289171821013206128e-06,-4.498206183977120758e-06,-7.710259825649209206e-07,-1.216029313987358156e-06,4.279669286957038776e-05
2.000000000000030553e+01,-1.344467868446437519e-05,-3.344949192948928809e-05,-2.774478362660268605e-04,3.822498041740853198e-05,3.081450674839479256e-05,7.040753474055682585e-04,-1.813022593661139470e-04,3.388131789017201544e-22,-2.484629978612614340e-22,9.726194649960486437e-05
2.025000000000025580e+01,2.682270999638618085e-22,1.043939697275657997e-05,-8.467619242496731259e-04,-2.457873276961956691e-05,1.046185506337828056e-05,5.267301050379800433e-04,4.517509052022935079e-22,-8.470329472543003861e-23,1.626303258728256779e-21,9.410258071745626054e-05
2.050000000000020606e+01,5.872761767629815885e-22,-6.851629417574147112e-05,-1.826109857657638291e-03,-3.574592494489591108e-06,8.219047329091408037e-06,2.814752589940929680e-05,-5.117534042995163079e-06,9.712644461849311031e-22,-4.969259957225228681e-22,9.346757135950049637e-04
2.075000000000015632e+01,5.872761767629815885e-22,-8.674008347122313782e-05,-1.874068410491741728e-03,-2.393251314822929926e-05,3.194220155098229780e-05,-8.977363501341786205e-05,-1.216965092234663572e-05,-7.905640841040136858e-23,-1.129377263005733770e-22,7.018433442477986517e-05
2.100000000000010658e+01,-6.594863671824289149e-08,-8.625469346918987273e-05,-1.619052001746598256e-03,-2.554158684214169239e-05,4.810606425110281212e-06,-2.089347936560607603e-21,-4.766892969902662215e-07,-2.058651958930456994e-07,1.129377263005733770e-22,5.498780863815951237e-05
2.125000000000005684e+01,1.129377263005733858e-23,-5.714240366361004130e-05,-1.212730481971127693e-03,1.176408893527230900e-04,2.109739144699303770e-04,6.792232974170491714e-04,-9.137021138112536116e-08,-5.732390964763177477e-08,3.049318610115481578e-22,4.741366509696148845e-05
2.150000000000000711e+01,-6.550131188002282441e-09,-4.168167695821165921e-07,-4.221381101820596729e-04,-1.334313834157117491e-06,3.535106476157692154e-06,-2.341447394907617701e-04,-1.736417541871315827e-22,-2.935032177450477294e-08,1.694065894508600678e-21,6.630973133475737971e-05
2.174999999999995737e+01,5.576300236090810503e-22,-3.388131789017201544e-22,-5.270589146796530447e-04,2.648500705699950807e-06,4.065758146820641947e-22,-3.716067542863849216e-22,1.192904734049806352e-22,3.458717867955059655e-23,1.581128168208027372e-22,7.548984985970802030e-05
2.199999999999990763e+01,-2.151463686025922891e-21,-4.234488792878296287e-05,-3.335280379651800134e-05,5.959370303011926667e-06,-5.628199330270553490e-05,3.150544576123036778e-05,-3.162225038920516828e-06,-9.455039255263105788e-08,2.123229254450779647e-21,7.778656288306321582e-05
2.224999999999985789e+01,5.630122121280928394e-22,-2.463330091336283285e-06,-1.195739206282154829e-21,-6.776263578034402854e-23,8.070860015398701953e-08,-1.551349666156118328e-21,-9.075792716039632712e-07,-3.163733430927890417e-07,1.129377263005733770e-22,6.648240274238484328e-05
2.249999999999980815e+01,-5.262947579123479394e-05,-8.404743409118948410e-06,-5.633840863367911152e-06,-2.302675499250838803e-05,-5.308073136126949117e-22,2.258754526011467540e-22,-2.803589262500311846e-04,1.802547137472135800e-05,4.385198073187235849e-06,6.517807364663053362e-05
2.274999999999975842e+01,6.588908779003724730e-06,-7.486498141840993764e-06,-1.332309478296792836e-07,-1.145073572152997220e-05,-2.258754526011467540e-22,7.261324585875835900e-04,1.807993058598230388e-05,7.016176028517678289e-06,1.198406577421816127e-06,8.467261827101688098e-05
2.299999999999970868e+01,4.432805757297504970e-22,-2.078206530415748626e-05,-1.453111617917937703e-05,-1.338804587345080474e-05,7.658589564757632295e-22,6.024946746809188482e-04,8.470329472543003861e-23,-8.244454019941857060e-22,7.585238096336309291e-07,4.252830408433097868e-04
2.324999999999965894e+01,3.241665675221145588e-22,-1.600938214826211098e-06,5.293955920339377119e-22,-1.204299503910129968e-06,6.929228935129721519e-07,-3.504598819264667709e-22,-1.966439926610061796e-21,2.201579802071802263e-21,2.032879073410320974e-22,6.741450310192894767e-05
2.349999999999960920e+01,1.834984151896339589e-05,1.436739869114857530e-04,-1.709667547266236208e-05,-4.249619339333483538e-05,-4.622231549420774170e-06,8.121943431583841647e-05,-7.320130370638942981e-05,2.710505431213761141e-22,4.799853367774368463e-22,1.355445419104159570e-04
2.374999999999955946e+01,3.246959631141484853e-22,-1.781273033079508553e-05,-5.789199996452790750e-05,-2.707181383804827850e-05,-3.570769735889612301e-10,-8.149651596838443954e-05,-2.258754526011467716e-23,-2.187286121086886061e-22,-3.896351557369781729e-22,2.502754549551443027e-05
2.399999999999950973e+01,-1.439956010332310680e-22,3.614007241618348345e-22,0.000000000000000000e+00,1.443674612846715585e-06,-7.976226919977995675e-22,1.128728730700691426e-03,-1.753275659142454123e-07,9.938519914450457362e-22,-1.535315056783961311e-06,4.520929509601849679e-05
2.424999999999945999e+01,-2.823443157514334777e-22,-3.415189001176858520e-06,-3.650279429862036693e-06,-1.094929890098264902e-05,2.992849746965194525e-22,-3.658462781930949914e-04,-2.477350129802552736e-06,-3.283645269066969458e-08,4.517509052022935432e-23,3.833201568111269049e-05
2.449999999999941025e+01,-5.544536500568774917e-22,-1.033395111613160075e-05,-4.992819831769156228e-06,-6.782455730221710869e-06,1.355252715606880571e-22,-2.090842091762102402e-04,-5.533285686529741380e-07,5.618651883453525557e-22,-2.032879073410320974e-22,3.351683789484200611e-05
2.474999999999936051e+01,-7.096045816858333816e-09,2.602770600496257013e-04,-9.578168044691437314e-05,-9.893760244591386620e-05,-2.196638776546152534e-21,2.634528586243643821e-04,6.914895025580489337e-05,1.647325414928056602e-05,-1.626303258728256779e-21,1.627202165377711264e-04
2.499999999999931077e+01,-6.580894632958472833e-09,2.399862156669034735e-04,-8.131516293641283895e-22,-1.483925778312764640e-04,-7.184665870257892135e-05,2.638341429075401938e-04,7.648098287569925864e-05,2.845808904758430967e-05,1.148600240723766110e-05,6.003968606385524112e-05
2.524999999999926104e+01,5.325719655861413645e-22,-8.131516293641283895e-22,1.603715713468142146e-21,4.517509052022935432e-23,8.336215922561073168e-22,1.492716347069651317e-21,-5.752765433435456720e-22,-5.590417451878382501e-22,-6.095107916284069686e-22,7.711471072189924086e-08
2.549999999999921130e+01,8.023634997691739637e-05,-4.355278740594053854e-05,-9.033206807652757124e-05,-2.309672701522299385e-05,3.310487102185557434e-22,-5.339347841467423448e-04,-9.023165097807461454e-06,1.242314989306307264e-21,9.543237872398450813e-22,9.126999208286617858e-06
2.574999999999916156e+01,-2.278165697719378802e-22,-2.104450356692169750e-06,1.444191175068582138e-21,-9.283107067981859856e-06,-7.905640841040136858e-23,1.923470651056640573e-22,9.147955830346444264e-22,-4.037523715245498421e-22,7.755645423297187903e-23,6.928023647750798779e-22
2.599999999999911182e+01,1.503770237322068192e-21,5.846442924219162872e-08,-1.415250882704060153e-22,9.157220253207037271e-22,1.480444610122596076e-08,-1.227322865242825094e-08,-3.378040273777851290e-08,8.999725064576941749e-24,-2.881676672638067624e-22,-9.899387378304928674e-23
2.624999999999906208e+01,-1.178787518262234776e-21,-8.037802115240158920e-06,4.937047492379024932e-08,-2.337349977179970756e-05,-1.166082024053420166e-21,-7.940933880509066303e-25,-1.256592397269957465e-07,-1.694065894508600713e-23,3.614007241618348345e-22,-2.714034735160654141e-22
2.649999999999901235e+01,8.329157314667287169e-22,-5.074149033620297193e-06,-2.903134511642131498e-05,-8.661484022006154387e-06,6.478639984066355176e-06,-4.136344225758500058e-22,-2.101106302754312782e-06,1.863472483959460755e-22,8.879728730382581938e-22,2.502636885253117848e-06
2.674999999999896261e+01,-1.157611694580877296e-22,2.216103787118062801e-05,-4.024440026858296677e-07,-4.862918739794028759e-07,1.835238052384317464e-22,-3.367501577701862354e-07,-8.054033871225783233e-07,1.615009486098199368e-21,-4.263399167846645692e-22,3.228458782742913232e-05
2.699999999999891287e+01,-1.004439903285724641e-21,-3.835315796711929615e-08,-3.938703204732496784e-22,4.163025184393410252e-07,2.188672605380446063e-06,7.882870087437898548e-05,6.324512672832109487e-22,3.726944967918921511e-22,3.734822122499311314e-06,-5.788940798891109143e-22
2.724999999999886313e+01,8.089164646278568840e-22,-4.348102462572075801e-22,1.420191908229710305e-21,-5.262601323902960411e-09,-6.776263578034402854e-23,-3.264758593870166893e-04,-2.815202062124372371e-05,2.190991890231123734e-21,-8.479164657782474926e-07,3.927841800266270139e-05
2.749999999999881339e+01,-7.228014483236696691e-22,-3.221783185803036257e-07,3.246959631141484853e-22,4.517509052022935432e-23,-6.244111536215258779e-09,-6.933998385537023124e-04,1.726215584561395944e-05,8.973776500235698187e-06,5.227488718060842500e-05,-6.582151860955292579e-23
2.774999999999876366e+01,3.353948861800269237e-05,5.646886315028669290e-24,-7.008871060662349676e-06,-1.634773588200799790e-21,9.664595623177458143e-08,-4.083649901212750978e-04,-5.646886315028668849e-23,2.315223389161754592e-22,1.010944099756220594e-05,-7.430949460183039229e-22
2.799999999999871392e+01,4.912791094074942568e-22,-3.169665769230514061e-05,-5.434005687774413050e-05,-3.533357715947403079e-05,1.061614627225389823e-21,3.450776934074550759e-22,-3.000239682150394341e-07,-1.400427806127110072e-21,1.198567048344080510e-07,5.067749508095726802e-06
2.824999999999866418e+01,-8.929138985639082992e-22,1.956682107759322939e-06,5.082197683525802434e-23,-1.631950145043285390e-21,2.204756175624006009e-21,9.609642579804569332e-06,-4.685129283194864130e-07,2.696388215426189613e-22,-4.686915641473795297e-22,-2.982261835124515997e-22
2.849999999999861444e+01,-5.804381503658765722e-22,-7.569312119010944161e-08,-2.973438575257283733e-22,9.154132112253506660e-23,8.075352016105773199e-09,-3.337746149955065227e-22,-2.894029236452193240e-23,5.293955920339377119e-23,-1.568422673999212902e-21,1.721197418600340089e-22
2.874999999999856470e+01,6.910377128016334252e-22,2.710505431213761141e-22,4.712764103404221150e-05,1.709706207657067599e-05,1.242314989306307170e-22,9.887980422991168340e-04,-4.517509052022935432e-23,-9.300014363783212415e-07,2.309929433241414858e-21,1.441830792232845124e-06
2.899999999999851497e+01,7.588003485819774243e-24,-8.698119605826830641e-07,2.692417748485934930e-22,1.983468818153820155e-22,1.058892772412971361e-07,-5.421010862427522283e-22,-5.724013254408009808e-07,-4.771618936199225406e-22,-1.703947945559900889e-21,-1.136910121117383403e-21
2.924999999999846523e+01,-1.694065894508600772e-22,3.030872667141484910e-07,-2.860397101412336839e-07,4.883486823518098156e-10,-1.005871576621089146e-05,-2.761560137492125467e-04,-1.677402778981337481e-04,3.049424838972574574e-05,3.024597427684231756e-05,2.609130469440832393e-06
2.949999999999841549e+01,1.235609311807210612e-21,-6.052926690851258095e-06,-8.840060844798714501e-07,-1.005851624864481723e-22,-1.411721578757167389e-22,3.849993882939415469e-06,0.000000000000000000e+00,7.252256383050732899e-06,2.861049435957923617e-06,5.946621126488095847e-05
2.974999999999836575e+01,-8.675029101462792664e-22,-2.167186393610979116e-06,-1.440115121308553235e-07,-8.258571235729428588e-23,2.912049389382757394e-08,-3.743399924147471232e-05,1.202786785101106609e-21,-4.065758146820641947e-22,2.258754526011467540e-22,5.849821291975011623e-23
2.999999999999831601e+01,1.161493928922459408e-21,2.682270999638618085e-22,-5.928535988968572188e-07,-4.941025525650085390e-23,-8.576208590949790557e-22,6.434686376830393070e-04,-4.065758146820641947e-22,0.000000000000000000e+00,-4.254315026014893199e-08,4.172397331154306340e-06
3.024999999999826628e+01,2.154287129183437291e-21,5.646886315028669554e-22,1.513365532427683425e-21,-6.933645399861560441e-06,8.376618590695484641e-06,-7.984577449247159085e-04,-2.936380883814907942e-22,4.305750815209360747e-22,-3.088140953531303633e-22,1.046659834289576614e-05
3.049999999999821654e+01,9.917344090769100775e-23,-3.911982426262620421e-06,4.058699538926856066e-23,5.823351512373314831e-22,-1.439956010332310680e-22,-2.531641412123922610e-05,4.527813120478628916e-06,5.533948588728095448e-22,3.685425490827199921e-06,9.691468638167953974e-22
3.074999999999816680e+01,-7.907405493013583358e-22,-2.258754526011467540e-22,-1.581128168208027325e-21,-2.850275976595049266e-06,-1.049262830199634303e-05,-1.169377957590577371e-04,-2.075183289148506790e-06,-6.889201304334976254e-22,2.823443157514334777e-22,6.440979703079576122e-23
3.099999999999811706e+01,-9.918226416755822732e-22,6.225947885110734449e-07,-7.009729987445821209e-07,-1.372899235341345334e-22,3.231457407447190697e-06,-4.116076270773079947e-07,-1.319358990599735239e-06,5.293955920339377119e-23,-2.054054897091678501e-22,1.876354443365619992e-21
3.124999999999806732e+01,4.404571325722361914e-22,-3.234275646688312587e-06,-4.188355362743864932e-07,-4.955142741437657623e-22,-8.470329472543003391e-22,-2.607273290767143607e-22,-2.960174962176335177e-07,5.646886315028668849e-23,1.389134033497052661e-21,-6.523675198907727019e-06
3.149999999999801759e+01,-1.013263163152956811e-21,-4.544522475568197077e-06,-6.132423256401024800e-06,-9.729888686661434523e-07,1.810011055780119259e-06,-1.213974194988524982e-05,1.835238052384317652e-21,-1.052085506568778960e-21,-8.971490633001798987e-22,-2.081407002680098660e-22
3.174999999999796785e+01,-2.823443157514334645e-24,-1.242314989306307170e-22,-1.345472190175169499e-05,1.485131100852539993e-21,5.568766962694186864e-06,9.311352865755405416e-05,-3.077553041690624634e-22,6.084520004443391158e-22,-2.155169455170160470e-21,5.607970289146371143e-06
3.199999999999791811e+01,-1.658772855039671623e-21,-3.556000193941838894e-06,-2.844819995885228271e-06,3.021084178540338052e-22,2.880116703123978931e-07,-1.020480483210365805e-04,2.033010857777306628e-06,-3.538127206760150500e-22,2.169816066549766301e-21,-8.814436607365063092e-23
3.224999999999804601e+01,1.922367743573236481e-23,-3.988113459988997837e-22,-2.476968637404031761e-07,2.858736196983263832e-23,7.086842325360979529e-22,-4.856322230924655516e-22,-7.136675613053759221e-07,-2.080877607088064781e-21,-4.064875820833918580e-22,5.492487237645714080e-06
3.249999999999817391e+01,7.757520323604967849e-06,3.035027513476130287e-08,-4.677226814409319140e-08,-1.218575457063178793e-06,-1.131945682635128625e-05,-1.579445409289184643e-03,6.471215888127002439e-05,4.517509052022935432e-23,3.437542044273702598e-22,-1.115789442810196121e-21
3.274999999999830180e+01,1.129377263005733770e-22,-3.822831416762203962e-05,-1.568064452397338376e-04,-4.469370510166707669e-05,3.370651540657780109e-05,2.971683693815298753e-03,-1.810790575435012933e-06,7.538593230563273131e-22,-1.648184943198992953e-22,-2.306753059689211487e-21
3.299999999999842970e+01,1.416802620547373981e-06,-2.298850970163439182e-05,-3.351296253732379861e-05,-1.207981907657412243e-05,1.136851062531561250e-06,-1.392840596587589883e-03,-8.257936306680866963e-05,3.636772784948429158e-06,-4.404571325722361914e-22,8.724439356719293718e-22
3.324999999999855760e+01,9.634999775017667862e-22,-4.589209343360830685e-07,-2.046996289197892737e-23,2.371692252312041175e-22,7.528535984050263833e-09,-2.178815424684709507e-04,-4.291633599421788748e-22,9.590184324888652745e-07,2.253107639696439022e-21,-1.081908124920024077e-21
3.349999999999868550e+01,-4.552802091491865075e-22,-1.597010035969045494e-21,-9.309616744049715298e-10,1.849355268171889227e-22,2.484629978612614340e-22,-8.403705965687697588e-04,-8.501639281931687675e-06,1.091087693016134661e-06,-1.129377263005733858e-23,1.617957865283600047e-05
3.374999999999881339e+01,7.058607893785836943e-23,-2.491688586506400340e-22,1.911118087242515309e-22,1.976410210260034156e-22,-1.328946135789505918e-07,-3.839882694219495146e-22,-8.973585191665992472e-06,2.831590483726044557e-05,3.731121032583879934e-05,3.834780628045665677e-08
3.399999999999894129e+01,1.016439536705160487e-22,-2.541098841762901393e-22,-5.597909739159325286e-06,5.364541999277236170e-22,1.524659305057740789e-22,-1.485469179346476964e-04,-4.992597850565010337e-05,-3.614007241618348345e-22,4.517509052022935432e-23,9.741761219411177455e-22
3.424999999999906919e+01,-1.975527884273311071e-21,3.947033825590384564e-07,-1.252236818760900278e-06,-7.830655815005432090e-08,-3.514337807007383018e-09,-2.132034935825048155e-05,-6.952861245884228791e-07,8.258571235729428588e-23,1.838059974925401171e-07,1.179248930260388336e-05
3.449999999999919709e+01,-1.241873826312945675e-21,1.267020116934557697e-22,3.571798605452884658e-07,-6.456861570840593915e-22,2.357575036524469647e-22,-2.069208845913649774e-21,-1.574864735647341640e-08,-3.556621988999582684e-10,-3.557538378468061763e-22,2.020526509596195828e-23
3.474999999999932498e+01,1.198286922568818094e-21,-8.922080377745297933e-22,2.188168447073609487e-23,-1.634773588200799790e-21,2.842730454083144805e-06,-3.369758238953529206e-04,9.176190261921587320e-24,8.159750725216426951e-22,1.695477616087358066e-21,-1.323488980084844280e-22
3.499999999999945288e+01,1.136259405702175048e-21,-9.260893556647018370e-22,3.275194062716628379e-22,-2.536917906413206133e-06,0.000000000000000000e+00,7.876076037283233659e-05,2.661095175957260558e-22,3.952820420520068429e-23,2.594359614968016703e-07,1.815086472658504257e-05
3.524999999999958078e+01,9.354420111239680272e-22,1.108135610591711626e-06,-2.273465913590411861e-06,2.252754709301749675e-21,-9.472651793460592702e-22,4.602212346748365188e-22,-3.882234341582209907e-24,-5.646886315028669290e-24,-2.611684920700759445e-23,-8.393236239453061738e-22
3.549999999999970868e+01,4.877498054606013513e-22,2.359465603643155216e-07,-1.199963341943592210e-21,-3.956709112821905265e-07,-2.117582368135750848e-22,1.659544890278054546e-22,3.178138204177073006e-22,-4.842205015137083517e-22,4.588095130960793660e-23,1.015223236912817915e-09
3.574999999999983658e+01,-8.405699094015527305e-22,6.925123814754562757e-08,-1.129377263005733770e-22,-4.380751554352858012e-07,1.250785318778850275e-21,-4.452449435602141278e-05,-5.223369841401519008e-22,8.075047430490996842e-22,-1.207152314170368061e-06,-3.035201394327909697e-23
3.599999999999996447e+01,-1.710830088256342168e-22,-2.024408743937777916e-21,-9.194220805622409735e-07,-1.428618121402917195e-21,-1.874766256589518119e-21,-1.500983890588138234e-04,-2.385226724731719582e-06,-3.354623176147265266e-08,-2.710505431213761141e-22,-5.548948130502390814e-22
3.625000000000009237e+01,-8.698851903104320764e-22,-3.178881929600181451e-07,3.628758629208877558e-22,3.815729020332946607e-22,-3.995172067882783366e-22,-4.502509510248640654e-22,-2.876382716717728360e-22,1.835238052384317464e-23,3.928115292891818255e-22,2.780278419581859166e-06
3.650000000000022027e+01,-6.917435735910120251e-22,1.208103280152907445e-08,-2.470512762825042812e-22,1.011498511179510452e-21,8.291689318786217632e-08,-3.476364387689524653e-23,3.317545710079343198e-23,3.981054852095211838e-22,-6.070402788655819394e-23,3.036139755120946074e-05
3.675000000000034817e+01,-1.088790267616465215e-21,3.697069602511612469e-08,-4.222564940643481937e-06,6.268043809681823374e-22,3.754580750848161051e-06,-4.800271209998704865e-06,1.160435137738391555e-21,-1.976410210260034156e-22,-7.637413741076275238e-22,4.083404666555106475e-22
3.700000000000047606e+01,9.511474136876415227e-23,6.532718200822462742e-07,-4.779789655619385451e-07,-2.507284308246164238e-07,5.283317607104909436e-09,2.083458410599230137e-21,-3.021084178540338052e-22,-1.129377263005733770e-22,1.501718829402936668e-21,8.504299023031848806e-22
3.725000000000060396e+01,9.843449289381029625e-24,-3.275194062716628379e-22,1.037262429991828644e-21,6.727735648764625402e-22,3.689492515558807385e-08,1.456791889733185495e-05,-3.535859598934239730e-06,-1.101142831430590478e-22,1.610068460572549263e-21,-2.809325941726762779e-22
3.750000000000073186e+01,7.529549389199360260e-23,2.285368382980603640e-08,-2.642075007939438192e-08,5.575859073097449289e-22,-1.083496311696125951e-22,1.003645809897673687e-23,-7.050731828252225388e-07,7.496241583200558076e-22,-9.215894931324133213e-22,-8.298275905131974246e-23
3.775000000000085976e+01,-2.265813133905253539e-22,9.938519914450457362e-22,1.429481497593500836e-07,-4.235164736271501930e-23,1.632739375828624225e-05,-5.758503621374940482e-05,-1.672681254706937494e-05,-1.415262031102802368e-07,-6.298969320893457603e-07,1.197272247684086362e-21
3.800000000000098765e+01,-3.811648262644351972e-23,3.108142692194789317e-07,1.154788251423362944e-21,-2.038173029330660191e-21,2.541098841762901393e-22,-3.773437825494939911e-04,2.233431617720526351e-06,8.685030409133239328e-05,8.314095287964848389e-05,-5.421010862427522283e-22
3.825000000000111555e+01,1.920294277504436732e-21,6.725089913304534641e-08,-7.567420018251622302e-06,5.025728820375515734e-22,-2.682270999638617968e-23,1.162864671193498348e-03,-9.938519914450457362e-22,-4.065758146820641947e-22,-3.388131789017201427e-23,9.672075886971562132e-06
3.850000000000124345e+01,-1.135024149320762522e-21,-3.367642281807855761e-05,-1.209745706839582984e-04,-1.061796888861443308e-05,-4.319544658595055449e-05,-1.256028517208999115e-03,2.781091510151619722e-22,3.851794095040258726e-22,-4.746913808570975115e-23,4.202959837756103956e-22
3.875000000000137135e+01,8.569149983056005498e-22,-2.289635935546780874e-23,-1.267633190284687410e-06,1.341135499819309043e-22,-1.081039724129053434e-05,-3.701357514303948087e-22,-5.117539395398699963e-08,-8.413860609392717278e-22,1.312901068244165516e-22,1.462245770571906165e-21
3.900000000000149925e+01,2.279930349692825067e-22,-2.147020697334700362e-06,-1.018811554628819765e-07,1.002322320917588841e-22,1.424427072965981905e-21,6.141063154568258140e-04,-4.115886356508676221e-06,2.654036568063474559e-22,1.623479815570742426e-22,8.966574838239447996e-06
3.925000000000162714e+01,1.481866494701664051e-22,-9.180945523069046993e-09,4.376336894147218857e-22,1.195551712009976125e-21,2.274690703093853338e-10,1.848304372536286130e-05,1.903465002004307228e-07,-4.799853367774368933e-23,1.185846126156020588e-21,1.470712987892507384e-05
3.950000000000175504e+01,3.031672090381017050e-22,1.755828713579226854e-22,-9.370886488662824923e-06,-1.681396175224310739e-06,-2.625802136488331032e-22,-4.210084129998316994e-05,-2.492182118242496400e-07,6.860966872759833198e-22,-8.117399077853712425e-24,-5.616004905493356395e-22
3.975000000000188294e+01,5.460715531830068176e-22,4.768559549408065194e-07,-1.475723682060612034e-06,-3.336282300368223638e-07,-3.811648262644351972e-23,1.771037766101580331e-04,-1.702150481461051709e-07,2.541098841762901393e-22,4.856322230924655516e-22,3.743469812723746484e-08
4.000000000000201084e+01,6.546829648819780212e-07,-5.128511546909824200e-07,3.134021904840911687e-22,7.340952209537269856e-22,-5.427877868208773211e-06,-3.011841428669402403e-03,3.418387213203154766e-06,-1.151964808265848544e-21,0.000000000000000000e+00,-3.811648262644351620e-22
4.025000000000213873e+01,2.779747621241385091e-05,3.624749168474747093e-07,6.508036478070541703e-22,-5.258391831759914798e-07,1.084202172485504457e-21,-2.089149366785913650e-04,9.938519914450457362e-22,-9.599706735548737866e-23,1.637597031358314189e-22,1.131847775768558963e-21
4.050000000000226663e+01,1.106613252548274604e-21,5.092913284952945414e-09,-5.867152946199978401e-08,-5.032450137977681594e-08,1.194186342366100921e-07,2.518444473461381970e-04,5.872761767629815885e-22,4.291633599421788748e-22,-2.710505431213761141e-22,6.791788133907510221e-07
4.075000000000239453e+01,-3.059906521956160107e-22,-4.093992578395785474e-23,9.039477164899121218e-07,-4.461040188872648967e-22,1.564118807488499273e-05,2.820688208861294268e-04,1.807003620809174173e-22,1.504207141445225239e-07,-9.035018104045870863e-23,-5.639827707134883555e-22
4.100000000000252243e+01,-6.585681164902185813e-22,1.642295440331512295e-06,-1.913633570296051353e-06,-5.646886315028669290e-24,-1.496424873482597263e-22,-1.772888825487098135e-04,-1.466374472577993717e-05,-9.035018104045870158e-22,1.625002061373954794e-07,1.362311323500666570e-22
4.125000000000265032e+01,-1.072908399855447234e-21,1.054151647794222944e-05,1.517937046646641457e-05,1.357827592426089842e-05,1.423694460714126551e-04,7.433734545117320425e-04,-7.002139030635550360e-22,-2.371692252312041175e-22,-1.087025615643018950e-22,5.154989577430468846e-22
4.150000000000277822e+01,-6.363335016247932012e-22,-2.324398010627218649e-07,-1.670341023112377150e-08,-3.306957798238664435e-22,1.325447943768978229e-06,2.406985291780970230e-22,-1.703771480362556403e-22,8.569149983056005498e-22,-4.619858866482829716e-22,2.381397838165996806e-22
4.175000000000290612e+01,3.804589654750566091e-22,-5.646886315028669554e-22,7.062002487152271664e-07,1.605833295836277781e-23,3.897005965772174247e-07,1.298783852456593988e-22,-5.110432115100945843e-22,-3.541376382269116842e-07,1.092672501958047467e-21,-1.046262155056405675e-21
4.200000000000303402e+01,2.276401045745932537e-22,-1.848183421277246953e-09,8.001612414483601712e-06,-1.959395451142196872e-06,1.011539884310886988e-04,1.160890093747270289e-03,8.300922883092144113e-22,-9.088824828359979875e-08,1.317136232980437163e-21,1.640574881563505084e-23
4.225000000000316192e+01,-1.468190441907453971e-22,-9.373584084453730134e-07,-1.140753044913797856e-06,-6.622841656923308955e-07,-1.694065894508600772e-22,-2.032259392323222322e-03,-8.357391746242430225e-22,-2.258754526011467716e-23,4.009289283670355365e-22,-1.341135499819309043e-22
4.250000000000328981e+01,-2.484629978612614340e-22,3.162256336416054743e-22,2.815958394318304005e-08,3.614007241618348345e-22,7.991924227221856804e-05,1.518930837470360571e-04,-2.421297052950890948e-04,-3.159588860317312126e-06,-2.216402878648752485e-22,-4.292515925408512116e-22
4.275000000000341771e+01,8.797672413617322872e-22,7.583934620893078075e-08,-9.447402583947816857e-08,-1.025615726967082074e-21,7.225994541709030458e-06,-1.050602083537754393e-05,-7.100959541148551527e-22,-1.134318288531384016e-21,1.854649224092228492e-22,1.467308115920730839e-22
4.300000000000354561e+01,-2.264401412326496245e-21,-1.305842460350379752e-22,-2.123229254450779647e-21,-4.432805757297504970e-22,-5.082197683525802434e-23,-3.009078739086796499e-06,-2.068957564982417370e-07,-1.347673591081033048e-07,-7.697411908173454820e-22,1.306942554624655424e-05
4.325000000000367351e+01,9.204424693496730376e-22,4.845734319083976987e-22,1.175611144710031030e-21,4.053240146884006229e-22,-8.597384414631149495e-22,8.032093949994454838e-22,3.670476104768634928e-22,7.228014483236696691e-22,8.056417493780857961e-05,5.481009029524701865e-22
4.350000000000380140e+01,-4.411629933616148089e-24,-5.533948588728095448e-22,5.804306766982232151e-07,2.315223389161754592e-22,-3.162256336416054743e-22,3.635183065299706108e-23,-9.912920656537546972e-07,-1.111407345826310208e-06,7.757410075270634403e-22,1.179085111687998440e-06
4.375000000000392930e+01,8.470329472543003567e-24,3.293468080021995156e-07,-4.715150073048939294e-22,3.514657447773290581e-06,1.016644924751281632e-04,1.464017163329273249e-04,-3.541315017149139241e-06,-1.508582638215002651e-07,1.062673418409457676e-21,-1.637597031358314189e-22
4.400000000000405720e+01,-8.664441189622114136e-23,1.011333424557775031e-07,2.682270999638618085e-22,1.439956010332310680e-22,3.358590295610408118e-07,-1.358459124963764751e-05,-7.001671118706032317e-07,-1.422334346386185979e-07,4.182225177068108112e-23,1.192259533172015060e-21
4.425000000000418510e+01,8.131075130647921741e-22,-7.857103974563298386e-09,-4.170405877054835304e-08,1.096025340707595700e-21,-6.264352539243711337e-08,1.883236586062061318e-21,-1.679722563062248228e-07,-1.651344440839943786e-07,-2.301106173374182594e-22,-4.852792926977762751e-24
4.450000000000431299e+01,-5.532183936754649889e-23,1.457438476984073075e-08,-3.599152138446839749e-07,2.428161115462327758e-22,9.267103304072490774e-09,-1.207021949837378021e-21,-4.178695873121215113e-22,-5.233045392846336512e-07,-8.155630488973243348e-07,8.881493382356028673e-22
4.475000000000444089e+01,-3.001286989213235477e-24,-2.964509925567197859e-09,8.075047430490996842e-22,5.690120288378107976e-22,-1.061827395819730428e-07,3.070494433796839105e-23,-1.531059375538990526e-06,-1.143769386898156044e-07,-1.270549420881450609e-23,-1.192445562645192257e-21
4.500000000000456879e+01,-1.891706915534604282e-22,-2.964615315390051469e-22,4.060464190900302683e-22,1.811944646334824137e-21,-2.207910559489098044e-07,1.216970718316469238e-04,-3.100269960655420192e-06,-2.642092722756873745e-07,-2.091244937432062702e-21,1.099069365361790894e-21
4.525000000000469669e+01,8.545327181414478339e-23,2.289783941680968494e-06,-4.265345156013000645e-06,-1.019968840652053369e-22,7.901710029510410982e-07,-3.329898273893468227e-22,-6.579105238454745499e-07,-2.111935481820722425e-21,6.945670167485263307e-22,-3.264606150875949380e-23
4.550000000000482459e+01,-2.118994089714508236e-21,5.329289626947330765e-07,1.943750601946618274e-07,-1.009116231015357642e-21,-1.716653439768715499e-21,-3.220841195494118618e-04,8.734191595215330237e-07,-3.796689369745512852e-07,-1.450720387370334117e-21,4.273987079687324221e-22
4.575000000000495248e+01,-9.599706735548736925e-22,1.324960512101685649e-07,-2.192692114035596634e-07,-7.177912267081658901e-07,7.277806810712351050e-07,1.324194840874222974e-21,8.922080377745297933e-22,-7.905640841040136858e-23,-1.426449899917413837e-07,2.055408861508480544e-04
4.600000000000508038e+01,2.385423450480421171e-22,-7.087741884277131774e-22,-5.938485787451189659e-08,-2.591391423006125344e-22,1.349605829291852006e-21,-1.658772855039671717e-22,5.025728820375515734e-22,1.392917006165128500e-22,-2.175639418062139586e-21,-1.358804077703441584e-21
4.625000000000520828e+01,-4.263399167846645692e-22,-3.236671953298194873e-09,2.823443157514334645e-24,-6.218544666866363803e-08,-4.630446778323509185e-22,3.647941420275813232e-05,-2.554880951741826294e-06,-1.273378061214637400e-07,-1.271961142460207708e-21,-1.030468519894059749e-21
4.650000000000533618e+01,-4.948084133543871624e-22,-3.832824086325709147e-22,-3.952820420520068429e-23,3.331662925866914962e-22,9.035018104045870863e-23,-3.963582563997358906e-04,5.306874572257323829e-05,1.438852017164946418e-05,-8.926536570167431088e-08,7.411538288475128672e-23
4.675000000000546407e+01,5.131607938782302900e-22,9.583397205871017041e-07,1.052232944339278814e-07,3.952820420520068312e-22,7.446831327944057492e-23,-5.135497912944842814e-05,-2.705170190127730898e-06,2.766974294364047724e-22,5.173959586145017955e-22,-1.736803531755314987e-08
4.700000000000559197e+01,3.713379205873051970e-22,-1.627714980307013979e-21,-2.132343670335984320e-07,2.343457820736897931e-21,-2.099745429257270600e-05,-9.805339932233439958e-05,1.355252715606880571e-22,-1.129377263005733770e-22,1.818680989328779192e-07,-9.966754346025601359e-22
4.725000000000571987e+01,-2.808443615740039881e-22,8.300922883092144113e-22,1.680112403723419443e-08,1.355252715606880571e-22,2.551261741616316054e-06,-3.366297465221617605e-04,-1.268089258956981400e-06,-2.234755259172595989e-21,1.102554553009347678e-21,-9.803524038481803772e-22
4.750000000000584777e+01,-2.941674839735247207e-22,-1.694065894508600713e-23,-1.793003405427084808e-09,1.045732759464371655e-21,-2.477769015840371627e-06,-1.108101338697210856e-04,-1.411721578757167294e-21,-4.811445192914469645e-08,5.082197683525802434e-23,6.570681623127890448e-22
4.775000000000597566e+01,8.274011940497085638e-22,-7.478595063466093548e-22,-7.155663752325392080e-23,-3.368546408508310551e-08,4.009289283670355365e-22,-9.537392462736409091e-22,4.729267288836510704e-23,4.679857033580009298e-22,-1.379251982445752451e-21,-4.398493301602653994e-08
4.800000000000610356e+01,2.982261835124515997e-22,1.300182683742477772e-06,-4.723973332916171088e-22,-9.162073046134016262e-22,-6.119864420031779619e-08,-4.841471689048151540e-05,-9.435919678581323173e-08,-6.838822140510856599e-08,-7.058607893785836612e-25,9.881168725313448822e-22
4.825000000000623146e+01,-1.552893736632883963e-23,2.813584719822864653e-07,-1.629668181392487036e-07,7.023314854316907417e-22,1.129377263005733911e-21,-5.444311310755923887e-04,-1.581128168208027372e-22,0.000000000000000000e+00,-2.541098841762901217e-23,1.930529258950426337e-22
4.850000000000635936e+01,1.298783852456593988e-22,-5.872761767629815885e-22,2.674163846386364325e-08,1.067967374329797129e-21,8.023916757668387150e-08,-1.502699453537896014e-04,-1.694065894508600772e-22,0.000000000000000000e+00,-1.627750435996471520e-07,-9.391238522706626731e-09
4.875000000000648726e+01,-3.383720159083585648e-22,-1.129377263005733858e-23,-1.140671035635791133e-21,5.382188519011700698e-22,1.567010952420455844e-22,3.812199716386053607e-22,-6.882142696441190490e-23,-1.414096206183588355e-08,-6.561656601489768016e-07,1.143968729011169214e-21
4.900000000000661515e+01,4.207812630683082007e-22,1.375172603927901741e-06,1.816885671860474242e-21,-4.551116825542903838e-07,8.915021769851510993e-22,3.205899945071786789e-04,-2.488643173488707515e-06,-9.413817860579578289e-08,-1.119848142349123047e-21,-1.862148994979375939e-22
4.925000000000674305e+01,1.183199148195850955e-22,7.552710446350845129e-23,-5.073215158296068416e-07,-9.704291132228609595e-08,2.338897801093965312e-06,-3.070494433796839105e-22,-3.414681825137175005e-06,-6.511701683984103385e-08,-2.602861660833527240e-23,3.608713285698009199e-23
4.950000000000687095e+01,-8.823259867232295076e-25,1.034029150757286884e-07,-5.745551914165528392e-06,-1.174747728153432176e-05,6.324512672832109487e-22,-9.392912911217028379e-05,1.314740333193620478e-06,-6.748621267023671420e-06,-5.872761767629815885e-22,8.608854652458550450e-22
4.975000000000699885e+01,-4.935731569729746360e-22,2.164169180234737502e-21,-2.091288960668677422e-06,2.505805802293972103e-23,-8.710322140931721720e-22,1.167140815237488019e-21,-3.955860122444631814e-06,-1.160199398376951750e-06,1.401839527705867084e-21,-5.037705065631644660e-07
5.000000000000712674e+01,-1.130083123795112417e-21,6.406183670865661789e-09,-2.505952852048062054e-05,1.648890803988371412e-21,4.164578657333643585e-22,-1.819015407106956244e-05,-3.795211677725898345e-05,4.235581044114111751e-07,-5.682179354497598609e-22,1.329224098998545463e-22
5.025000000000725464e+01,7.503300191094344075e-22,1.543146086954073123e-06,-7.030465135103616326e-09,-9.543237872398450813e-22,2.071197326377832763e-07,5.563065346289963047e-23,-3.488792010225719967e-07,-2.936380883814907942e-22,-7.835054762102279218e-23,1.104848600574828057e-21
5.050000000000738254e+01,5.622181187400419027e-22,-7.024455567786896899e-07,-1.237903359372691038e-22,8.976564007425457174e-23,1.174022957933929345e-21,5.264508290532489785e-22,5.075139075632016788e-22,1.095495945115561867e-21,-4.341043854678289802e-22,8.798509072341060936e-23
5.075000000000751044e+01,-6.229221466266000849e-23,-9.705585853955525502e-23,-2.904169867807510852e-07,-7.250103722390600984e-08,1.146910993298956222e-07,-1.451426248159712576e-23,-2.050694531939861273e-06,2.710505431213761141e-22,-4.503214187478829568e-07,-1.053629577045544524e-21
5.100000000000763833e+01,-2.371692252312041175e-22,-1.989115704468848860e-21,5.891270534168059863e-08,-4.171637265227429584e-22,-3.258943137987995252e-06,-2.080017693881611434e-03,6.324512672832109487e-22,-1.143494478793305533e-22,4.589732964595290530e-06,-5.195135409826375952e-22
5.125000000000776623e+01,-5.943347846567673996e-22,-1.626303258728256779e-21,-5.549113265646411091e-09,-9.491412679622825044e-07,-5.243421049559123984e-05,-1.675374431054329257e-03,-1.411721578757167212e-23,2.654036568063474559e-22,-6.426862487292004124e-22,-5.292191268365931325e-22
5.150000000000789413e+01,1.151964808265848544e-21,-6.493919262282969705e-22,2.669722652589957539e-07,-6.215766372278470599e-07,-5.312846901120251201e-05,-1.933159853234882319e-03,1.129377263005733770e-22,0.000000000000000000e+00,5.230428449295305008e-22,-9.783230540787169142e-22
5.175000000000802203e+01,7.668042518207950157e-08,5.038875985144667901e-06,-5.316516649271130572e-07,-2.317118863110915472e-05,-1.671945639225377612e-05,-4.083117373102576353e-05,1.148435504318955638e-21,-1.919941347109747573e-22,-6.238228023312510640e-07,5.704347794914019337e-22
5.200000000000814993e+01,-8.922080377745297933e-22,2.335407601522019772e-05,-8.212608450074063940e-05,-7.310390123164369652e-05,-6.324512672832109487e-22,4.718869114926353583e-04,1.431490152329053449e-04,1.162626328276692774e-05,4.197916269144588556e-05,-7.489182975306773017e-22
5.225000000000827782e+01,-1.119495211954433700e-21,-7.599238458188061197e-06,-5.646886315028668849e-23,5.900996199204958941e-22,-4.821429499957913932e-08,-6.245798083318577186e-04,-5.837442561895478465e-08,2.089347936560607556e-22,5.491596941365381334e-22,-1.347664712121060786e-21
5.250000000000840572e+01,2.258754526011467716e-23,7.275660086519751009e-22,1.244883093607235244e-08,1.639891078923794569e-21,1.015796662658399469e-07,1.114084652475473168e-04,1.462543555592425360e-21,-1.129377263005733858e-23,-4.517509052022935432e-23,2.065348669721735770e-21
5.275000000000853362e+01,6.439215051106129387e-22,-7.977280466696354915e-08,-3.656358888981063400e-22,-7.284483346386983744e-22,8.954485317552368430e-09,1.561687597245446809e-04,2.025820465516534927e-21,3.486922294058384924e-08,-1.711006553453686700e-21,-1.146541260716209235e-21
5.300000000000866152e+01,-5.475273910611001387e-22,-1.341135499819309043e-22,-7.448688746211363501e-06,5.655709574895901348e-22,-9.133838614558872265e-22,-1.016166930431409125e-04,-5.809234296585743773e-22,-3.027003751080157204e-07,-3.444600652167488127e-22,-9.543458453895131420e-22
5.325000000000878941e+01,-1.816179811071095925e-21,-1.981521624584404969e-06,-1.550955001064450033e-07,-7.199780051661553399e-23,-6.102740006194547051e-06,1.029605135270558270e-03,-9.091486967196158151e-22,-1.987703982890091472e-21,1.492895569535704498e-22,-5.799087547738426458e-22
5.350000000000891731e+01,9.837249489998347421e-10,-3.162256336416054743e-22,1.586775054523056124e-21,-4.841156655630803557e-06,-2.591166855303678684e-05,-1.115121322136265324e-21,-4.088650835477534285e-06,-1.693433918213306311e-07,2.470512762825042812e-22,8.424448521233395807e-22
5.375000000000904521e+01,2.102163721517762517e-21,-1.411721578757167212e-23,-2.011703249728963329e-23,2.162845691254652733e-21,1.891706915534604282e-22,-3.588490007246406769e-04,-9.776171932893383143e-23,-8.639736061993863609e-22,6.926258995777351809e-23,-1.860301624944674212e-22
5.400000000000917311e+01,-3.011158011189701813e-22,-4.136344225758500058e-22,-1.391251615865188367e-21,-5.117490722994731842e-22,-1.445602896647339338e-21,2.695770416781470558e-03,3.409307612698559072e-22,2.562274665444258921e-22,9.091486967196158151e-22,3.858576976063193497e-22
5.425000000000930100e+01,-1.482307657695025734e-23,-3.176373552203626742e-23,-8.817660946459987889e-06,5.308073136126949117e-22,3.327952110388368387e-07,-5.637710725458871782e-04,-2.291465477030536406e-06,-1.366419352112153046e-07,7.002139030635550360e-22,-1.011498511179510452e-21
5.450000000000942890e+01,-1.722167977185735558e-21,-2.682270999638618085e-22,1.531089849807513582e-07,-3.529303946892918471e-23,-1.445356546341114002e-09,7.386198989043920696e-22,-3.426854302080619959e-07,-4.087188031222432676e-09,-5.533948588728095448e-22,-1.928588141779635069e-21
5.475000000000955680e+01,-1.149494295503023491e-21,-5.477479725577809336e-22,2.526981625975329395e-22,-1.077496494986407992e-21,-1.348899968502473313e-21,-1.948991842250096627e-05,-1.597892361955768767e-22,3.186821154432003031e-08,1.032321404466178538e-21,-3.577611294666015316e-22
5.500000000000968470e+01,7.588003485819773949e-23,5.730035959439472545e-08,-1.760345731406962081e-09,5.745706825541670721e-22,-1.500274955495892211e-07,-7.705388044874876140e-05,-1.501139784449103239e-06,2.894029236452192888e-22,-2.747719897835950832e-07,-4.501994623746150226e-10
5.525000000000981260e+01,7.519182058855362808e-22,1.966099595411808661e-08,-7.693882604226561586e-23,2.401818170221222503e-21,1.173228360133495289e-07,3.013253535408169459e-22,-1.578525318257129289e-06,-1.129377263005733858e-23,2.532275581895668659e-22,-1.715241718189958299e-22
5.550000000000994049e+01,8.421795803144147758e-06,3.435632578434598942e-07,-4.909549373071127072e-07,2.159934015498466090e-21,-6.644273267425209451e-06,-1.900033622286936797e-03,4.969259957225228681e-22,1.708631494868434228e-06,8.357391746242430225e-22,-2.541381287174472793e-08
5.575000000001006839e+01,1.793501294542700291e-08,1.669401481740569831e-06,-3.313143338258524111e-04,-3.218725199566341326e-22,-1.573455703477989784e-06,-2.117582368135750892e-24,7.360736623008774825e-05,5.987606791160433790e-06,-1.919941347109747573e-22,-2.293341704691018183e-21
5.600000000001019629e+01,1.149240626781840605e-21,-2.258754526011467540e-22,-1.347657601185875099e-06,-3.352838749548272606e-23,6.296278241256966431e-22,7.442179327806310897e-05,-1.664678905105945875e-07,-1.538332044924552491e-06,2.148640242868408492e-21,-2.949902363481612783e-07
5.625000000001032419e+01,-5.798646384745065245e-22,-1.132200706163248122e-21,-7.453889935837843021e-22,2.247460753381410223e-21,1.619725545617841937e-08,-1.954278277327351344e-04,-3.107599671698243436e-06,1.064438070382904223e-21,-8.470329472543003567e-24,-7.377110254829430533e-08
5.650000000001045208e+01,-1.270549420881450609e-23,-2.573922145592728888e-06,-3.259609367300272888e-05,-5.217859056180091244e-06,4.824821813140135235e-07,-8.635897204366916420e-04,5.638819263626386169e-06,-9.035018104045870863e-23,3.560513856450911547e-06,7.393891768740663674e-23
5.675000000001057998e+01,7.030373462210693416e-22,1.286965078150711595e-06,4.905615197233194157e-07,-7.588003485819774184e-22,-3.670476104768634928e-23,7.235073091130482220e-23,1.151964808265848544e-21,9.938519914450457362e-22,5.826128345423411247e-06,-2.726387298974779287e-23
5.700000000001070788e+01,-4.870439446712227161e-23,2.004644641835177494e-21,-1.736665263177248971e-06,4.434984894679354428e-08,2.819913853567441777e-22,-7.017825658985878874e-07,-2.568395906323396129e-08,-1.042325778456765482e-07,3.402249004804773072e-22,1.340970063696798352e-21
5.725000000001083578e+01,-4.758780457191645244e-05,4.461040188872648967e-22,-7.849171977889850511e-22,-3.420341469186576446e-05,-1.132099330997588465e-09,2.145816799710894374e-22,-3.252423728021437569e-04,1.829251188162536984e-04,1.989023795951963276e-04,6.310395457044537488e-22
5.750000000001096367e+01,7.256248914811839747e-22,-2.538313713203711839e-06,-1.629913437005917149e-05,-6.176520217261449459e-06,-2.555216057550472921e-22,9.093196473795434734e-22,-1.108750277577562357e-06,6.776263578034402854e-23,-1.807003620809174173e-22,3.805237612897065961e-23
5.775000000001109157e+01,2.646977960169688560e-22,-3.798077730213578515e-06,-3.229472390296049622e-06,1.807003620809174173e-22,2.823443157514334424e-23,1.969399854568647275e-22,-7.748586815403402609e-22,2.092877240507500556e-22,-3.952820420520068429e-23,-1.081555194525334730e-21
5.800000000001121947e+01,-1.709594831874929688e-21,9.629301275750556622e-08,-7.651530956863847236e-22,-9.599706735548737866e-23,1.807003620809174173e-22,-9.168124445448767434e-04,2.613668933684247533e-05,7.813976702985910393e-06,7.736234251589277345e-22,2.481541837659083025e-22
5.825000000001134737e+01,-2.541098841762901393e-22,6.832732441184690142e-22,1.750534757658887590e-22,5.089052836520523262e-07,1.028709554571201969e-05,-5.006239350503015854e-05,-1.759323989290640809e-05,4.206930304696358639e-22,1.072908399855447187e-22,-2.826972461461227777e-22
5.850000000001147527e+01,1.021998190421516738e-21,5.565542774193440365e-07,-1.302309477457812178e-06,-7.949758234682608609e-07,-6.657256623348181862e-06,-2.152335452179628903e-05,1.521825548074113384e-06,-6.564886456440562508e-08,1.764651973446459118e-22,2.328347988214262450e-22
5.875000000001160316e+01,1.118789351165055006e-22,2.145816799710894374e-22,-2.025779105491403684e-06,5.195135409826375952e-22,4.187165885652731352e-06,-5.477936194424315713e-04,1.364493951183913719e-05,-7.058607893785836943e-23,8.699734229091043191e-22,-4.328691290864164539e-22
5.900000000001173106e+01,3.079303907320528831e-22,-4.330067393137000166e-05,-1.168532223082069458e-04,-4.671838649628464536e-05,1.780198088313613957e-05,4.154090711403500601e-04,1.724922818159441427e-06,-9.974552494331306785e-07,-6.324512672832109487e-22,-4.796324063827475933e-22
5.925000000001185896e+01,3.169314944309840743e-22,5.929230630780102938e-23,4.799853367774368463e-22,8.812869157966589497e-07,6.878200006458447984e-05,1.237580263689916425e-04,2.402180646459255785e-05,-2.608739028214753154e-07,6.562299526254019750e-24,-3.872528755728254570e-22
5.950000000001198686e+01,-2.145816799710894374e-22,3.061000003841158838e-08,6.738048783298649888e-08,-1.926999955003533572e-21,-1.208433671416135221e-21,-6.898607478310704371e-04,1.546409652208093291e-05,1.401986872508377851e-06,1.078555286170475845e-21,-2.283459653639718066e-22
5.975000000001211475e+01,1.185846126156020588e-21,-1.076014677747070258e-09,-5.063448256307933344e-22,1.425838794544738917e-21,8.449498126265978862e-06,-1.185957017171519133e-04,-1.109496631297320936e-06,-5.423667116642137789e-09,-3.773359231330550026e-07,-7.983285527871781674e-22
6.000000000001224265e+01,-2.115817716162304583e-22,-3.606948633724562346e-22,3.094446337283642216e-08,-2.295812217453843236e-21,1.212973809450957047e-07,8.292320204721591986e-22,-2.310609327838710434e-06,-1.420336516270203814e-06,-1.442308888344952466e-06,2.728620686628672429e-22
6.025000000001237055e+01,5.082197683525802787e-22,-5.223369841401519008e-22,-8.509892213602562362e-06,-2.021585300780263516e-21,2.208657399609717100e-08,-1.017451834544136908e-05,1.180199239840991788e-21,-1.281137332722129460e-22,-6.883570490814579873e-07,-8.591402340540009155e-09
6.050000000001249845e+01,1.202080924311727915e-21,1.104374659734600039e-07,-5.673830987376847564e-07,-1.926867606105524832e-21,9.130118019213194666e-09,1.084202172485504457e-21,-5.592937734562413292e-07,-5.430385576036456534e-22,-4.941025525650085537e-24,8.329157314667287404e-23
6.075000000001262634e+01,-8.907356562841853913e-24,-2.834031069355013306e-22,-1.024849000325237564e-06,-1.019968840652053463e-21,4.729267288836510704e-23,2.765209642390601459e-22,1.581128168208027372e-22,-1.129377263005733858e-23,2.545510471696517290e-22,2.085818632613714792e-22
6.100000000001275424e+01,-1.111322667502409696e-21,1.080849333735956225e-21,-1.121965724717258753e-21,2.217108739438131273e-21,2.719261087411623957e-07,1.269799443792735881e-21,-9.882051051300171249e-22,-6.013933925505533047e-22,-1.694065894508600772e-22,-1.163677685739599483e-21
6.125000000001288214e+01,-1.618185859650403115e-21,-1.291725244562807989e-22,-2.932851579868014943e-22,-1.612984263147889716e-07,-1.450914787899079854e-06,-1.896263243535336728e-04,-2.145816799710894374e-22,-3.574096868841814513e-08,1.355252715606880571e-22,-1.824556535773648294e-07
6.150000000001301004e+01,-9.997635755560914517e-22,-4.800729050818956316e-07,-7.745422066469530471e-06,4.235164736271501930e-23,7.449418380782221120e-08,-5.175944819615145531e-23,1.468896302696832665e-21,-1.187787243326811620e-21,-6.661561199760383894e-24,-4.398652250017694095e-08
6.175000000001313794e+01,-8.883258034329475408e-22,-2.082201096068149550e-21,-1.480537463918819099e-06,-1.363035061838665624e-08,1.227133903976253462e-06,-6.159374281844191227e-04,-1.644286189063258387e-05,-4.517509052022935432e-23,1.510542089270169026e-22,4.395748065855130120e-22
6.200000000001326583e+01,-4.249281952059073694e-22,3.815359434405398517e-08,-9.712644461849311031e-22,7.340952209537269856e-22,4.517509052022935432e-23,-1.694863163120202037e-03,1.477982528427919578e-05,2.324928975015709753e-22,-5.304101559371600348e-07,-2.346860505840475861e-09
6.225000000001339373e+01,6.153737853169655148e-05,-1.191493012471049199e-21,1.725123769241258322e-21,-4.638762916042737158e-06,5.293179045512934034e-07,-9.035018104045870863e-23,5.697254941730303072e-05,1.014261110051534471e-06,4.223609371201027241e-05,-9.405595018469627591e-23
6.250000000001352163e+01,-3.105787473265767926e-23,-2.270548893793767195e-06,-2.566996399076726775e-05,-1.691965007918418037e-05,-7.759463777014633966e-07,-1.066864736130847735e-03,-1.876240853284079387e-07,-1.059578602321283435e-07,7.939169228535619884e-22,1.308710019807230226e-22
6.275000000001364953e+01,7.746990714913000393e-06,3.090080748936770483e-06,4.799853367774368463e-22,-2.613420971575063996e-06,-3.432439231243858733e-08,4.486332412792126050e-05,1.177375796683477577e-21,4.517509052022935432e-23,1.175072834480904977e-06,-1.991167112387980384e-21
6.300000000001377742e+01,1.355252715606880571e-22,3.303125121306664832e-07,-6.312240717696771945e-07,-5.192488431866205850e-22,-1.088437337221776056e-21,1.258884799479956511e-04,1.024144226029066982e-05,-1.581128168208027372e-22,-1.385871283880031501e-06,4.334904590652615071e-11
6.325000000001390532e+01,-2.969147575829664808e-22,7.256115296931494391e-08,-4.501774362701294362e-08,1.205229725176846586e-21,2.399926683887184466e-23,-6.227748050799890580e-22,-7.228014483236696691e-22,9.035018104045870863e-23,6.550388125433256758e-22,-1.747005453711994532e-23
6.350000000001403322e+01,3.137157277185014670e-05,4.461040188872648967e-22,-1.901525504236782347e-07,-1.468190441907453971e-21,1.125050624085697445e-05,2.767169039853159280e-03,-1.807003620809174173e-22,-7.228014483236696691e-22,6.317277508002657946e-05,-8.651702191531332447e-07
6.375000000001416112e+01,-1.143494478793305533e-22,1.637597031358314189e-22,-2.889227240126817281e-06,-5.791609178650459259e-06,-2.001164336674660273e-06,-8.817963649656500530e-04,4.403744974130813819e-05,1.554703235211759614e-05,2.258754526011467716e-23,-3.195117763096838389e-07
6.400000000001428191e+01,5.050530452408564026e-22,-1.642738825394922842e-06,-1.876419421638234479e-05,-1.189375430102913493e-21,2.778977408322791327e-06,3.876372889538963213e-04,-5.972532122313064483e-06,6.776263578034403089e-22,-9.903620123887298114e-07,1.086143289656295583e-22
6.425000000001405454e+01,-5.322190351914521116e-22,9.416376791959915701e-08,-2.878037822035473176e-04,4.743384504624082350e-22,-1.581981989421870569e-05,-1.380491734728466890e-04,-3.034629134066102517e-05,3.221794062868616094e-05,3.383942244968838914e-05,1.025524397280684548e-04
6.450000000001382716e+01,-1.266490721342523771e-21,2.520196926558129168e-06,3.614007241618348345e-22,1.387016451128916862e-22,5.453913865131229498e-05,-3.550652478032680342e-04,-4.201637324699279070e-06,3.769296615281636565e-22,-1.462896485987114707e-22,-2.517536157963040765e-08
6.475000000001359979e+01,2.319723251694042826e-21,1.238582607926869612e-06,-5.844527336054672829e-22,-2.258754526011467716e-23,-2.371692252312041175e-22,7.194225143231740543e-04,1.129377263005733858e-23,9.938519914450457362e-22,-6.550388125433256758e-22,-1.107716160031678578e-21
6.500000000001337241e+01,6.776263578034402854e-23,-2.367457087575769764e-21,-3.517072820820124874e-07,-1.863472483959460755e-22,2.766974294364047724e-22,-8.215924675763872261e-04,1.443260408518233214e-04,1.727379141370151076e-06,-1.097179560138704848e-06,-3.162256336416054743e-22
6.525000000001314504e+01,1.122076015465599056e-21,1.083275730199445156e-21,-8.374906907597003087e-08,-6.769204970140617090e-22,-1.729358933977530063e-22,4.199871696802572522e-23,-2.773384368309001046e-06,-1.745902694493676810e-07,-5.173518423151656741e-22,-8.305581152394447381e-08
6.550000000001291767e+01,-3.910468773157353257e-22,6.452961766620143990e-09,3.162256336416054743e-22,-1.782023364487229278e-07,-2.753351323566762771e-05,-1.115776037597952574e-04,-6.465471619891383422e-07,-9.315324509306142782e-09,2.752857078576476196e-23,3.367021136938897305e-09
6.575000000001269029e+01,5.386600148945316595e-22,3.614007241618348345e-22,-7.310853120587513855e-06,5.897466895258066412e-22,2.587245410229610365e-07,1.327018284031737279e-22,7.340952209537269856e-22,-1.919941347109747573e-22,-2.195936884699972286e-07,-1.848598064890043470e-09
6.600000000001246292e+01,1.063732209593525529e-21,9.562182449943285141e-08,-1.493193527312115205e-06,-6.155611074678283999e-07,-5.672453463798954739e-08,1.888177611587711282e-23,-9.102074879036836680e-22,1.355252715606880571e-22,-1.129377263005733858e-23,3.375724079828906129e-22
6.625000000001223555e+01,-2.338163864816558384e-22,-2.522971579005728606e-08,-1.268722805884152557e-08,-2.404331322260807918e-07,-1.863472483959460755e-22,-2.282935946368517394e-04,-3.805797001318951606e-06,-1.637597031358314189e-22,9.599706735548736925e-22,1.581128168208027372e-22
6.650000000001200817e+01,-1.005145764075103147e-21,-3.741062183706493156e-23,-4.037848427907479045e-06,-3.600080705316890719e-08,-4.348102462572075801e-22,4.413684679719366262e-04,-1.376199392387288629e-06,-2.654036568063474559e-22,-4.997494388800372678e-22,1.573848978817560766e-22
6.675000000001178080e+01,1.186728452142743767e-21,-7.504175816259444097e-06,-1.593510544375304581e-05,2.388632911257127197e-21,2.374515695469555575e-21,9.749107617226413580e-22,2.315223389161754310e-21,-4.969259957225228681e-22,1.063010904956428402e-07,-1.287061144949505517e-07
6.700000000001155342e+01,-1.259961509040771792e-21,4.517509052022935432e-23,-7.741919298233049956e-06,-1.073547373140494407e-05,-5.219084246609645059e-05,-9.643062492095089925e-04,-8.329157314667287169e-22,-1.467828242485330805e-08,-1.067261513540418435e-21,8.761055885168308295e-22
6.725000000001132605e+01,3.341719324922077021e-06,-3.401309067004897874e-06,-1.701732509669178460e-05,-4.005895824428871565e-06,1.029674156668042732e-06,1.007969207232617546e-21,-2.707347297571676772e-06,-6.342341343180036404e-07,4.686915641473795297e-22,1.826414792517085106e-21
6.750000000001109868e+01,2.129582001555186764e-21,1.415956743493438894e-21,5.582019947735651501e-08,6.366864320194824541e-22,5.746493139082783229e-07,5.924377837853124887e-22,1.499248316640111615e-21,7.764468683164419814e-24,-1.442831537773880138e-06,-4.384608700272749134e-22
6.775000000001087130e+01,4.313526611175944355e-06,-3.736473746988254075e-06,-4.181918225860768853e-05,1.270549420881450697e-22,-9.302734295850634734e-08,-4.381509596215109954e-04,-4.731574500481860925e-05,-2.541098841762901393e-22,-1.028613885080003091e-07,2.254342896077851466e-23
6.800000000001064393e+01,1.489710178334483650e-07,1.479131284142822035e-21,1.136435870899519769e-22,-1.881024102555286420e-07,1.056674771711476382e-06,1.226636510330943435e-03,2.484629978612614340e-22,-7.423229649447487304e-08,-6.620157682241619448e-08,-3.322839665999682698e-22
6.825000000001041656e+01,-1.376869702281599782e-22,-6.370393624141717306e-23,2.029931308637732482e-07,-7.135648556818654410e-08,1.127753963706364147e-07,3.614889567605071713e-22,-4.138416735408304063e-06,-1.637597031358314189e-22,-6.409047255997438644e-07,1.168199606421556060e-22
6.850000000001018918e+01,1.079261146959854351e-21,2.983493953143408484e-06,-2.470131260461202421e-06,4.348102462572075801e-22,-9.633661226737644083e-06,-2.187745756172725618e-03,-4.517509052022935079e-22,-1.550070293475369681e-21,-1.524659305057740789e-22,-1.023851074993635527e-21
6.875000000000996181e+01,4.644443356029491246e-06,6.136706780111916210e-07,-3.469558031364785437e-06,-1.261077988053726103e-06,-4.667589248732364468e-05,-1.721391242895788619e-03,-1.581128168208027372e-22,2.936380883814907942e-22,-2.337810934421869131e-21,4.117374217043950949e-22
6.900000000000973444e+01,6.035109749186890104e-22,-1.186252504161891514e-05,-3.418324933798941122e-05,-3.060805443587369422e-06,-4.718195542493837781e-05,2.092877240507500556e-22,3.493512110136963299e-06,9.797347756574741140e-22,-7.835054762102278513e-22,-9.943908562455345895e-09
6.925000000000950706e+01,-5.191606105879482482e-22,1.213614779586023077e-07,3.246959631141484970e-23,-5.368071303224128700e-22,5.999816709717960578e-23,-3.671799593748719979e-22,-6.311241376961991182e-08,-3.888461085084468340e-08,-5.519831372940524390e-22,1.235256381412521384e-24
6.950000000000927969e+01,5.560418368329792710e-22,1.920663184784658795e-08,-2.092433268380412766e-07,-4.341447287647500533e-06,9.039927692978367652e-06,2.286839894567219925e-03,1.597010035969045635e-22,4.997494388800372678e-22,-6.163907267917698334e-07,-1.180055861868149253e-22
6.975000000000905231e+01,-4.856322230924655516e-22,1.835238052384317464e-22,4.486490756216755815e-06,-6.862930229595522861e-06,1.507688823723867018e-05,2.516239254845769897e-03,-9.505727021989803711e-06,-5.685388471216227417e-07,-4.517509052022935079e-22,4.937496221703193095e-22
7.000000000000882494e+01,1.817591532649852936e-22,-1.055967740910361212e-21,2.479298134118703866e-07,-7.708590265138653712e-07,8.491442478504549002e-07,-4.717049380883905186e-05,-8.590078979865353646e-07,-2.760430031872137266e-07,-2.965198679461858878e-07,9.830876144070223461e-22
7.025000000000859757e+01,1.355252715606880571e-22,5.308073136126949117e-22,-1.976410210260034250e-21,1.347738740395026314e-07,1.702434299999427600e-04,5.974888063463225808e-04,-9.071511418806229481e-04,-1.279017833407519993e-05,-2.629907619119955338e-06,-8.618560238312506552e-22
7.050000000000837019e+01,-1.064438070382904223e-21,-1.464184343116569472e-05,-8.882313934706216856e-05,-5.894712719731115205e-05,3.388131789017201427e-23,-2.513527469098999519e-05,1.253515526959036207e-07,-1.807003620809174032e-21,-3.874129543837104887e-06,-1.729358933977529828e-23
7.075000000000814282e+01,1.094084223536804667e-21,6.691560283308972980e-22,-1.057519199055933730e-06,1.199963341943592210e-21,1.089800343462395672e-05,-4.113564503674356021e-05,-4.753990403675432279e-06,8.583267198843577496e-22,-1.345370664555580407e-21,-1.720761885403739650e-07
7.100000000000791545e+01,2.222579160555815117e-22,-5.660121204829518185e-22,-1.098806679804890888e-06,1.084202172485504457e-21,-2.732966885958562254e-05,-8.964841980675228772e-05,7.340952209537269856e-23,-1.210707413494822201e-07,-6.845471022618006467e-22,9.169793398517845022e-22
7.125000000000768807e+01,4.225459150417546534e-22,6.860966872759833198e-22,2.332869908896219026e-21,1.079614077354543698e-21,2.241465936388159354e-06,4.385160154014450886e-23,-3.456039431461195487e-06,-4.740798208058875703e-08,-5.044147375348363326e-22,9.327535018038763703e-22
