2.500000000000001110e-01,-3.682821194133649723e-01,1.202631075856386289e-03,2.440529746533229571e-01,-2.416485506359244279e-02,-8.292382273492358152e-03,-2.641978802576417859e-02,4.009919912423831612e-02,-5.229323463458960403e-02,6.436777899543986992e-02,-8.396837731183562359e-02,6.478239850770672881e-02,-1.095126476282926725e-01,3.977530723277987457e-02,-1.192342782730740625e-01,-2.442156318366306422e-04,-1.094327421885406271e-01,-4.015403153287787352e-02,-8.404217140171708900e-02,-6.512224166040445072e-02,-5.244698884326237653e-02,-6.499494859405670344e-02,-2.656065154740862300e-02,-4.067486210320714335e-02,-2.406926280902592244e-04,3.812150840029948965e-04,6.762592707899063582e-04,2.134366049397578538e-04,2.623345013423999668e-04,-6.479569460206906998e-04,4.482260694341477498e-04,-9.683566076541105924e-05,7.941714722568901522e-04,-2.927083575509159346e-04,1.014018794768051929e-03,9.996634048716288988e-05,9.795215464437868284e-04,6.796092258452674732e-04,3.422068760978035258e-04,5.740749960854132005e-04,1.077241395950723923e-06,7.293306077630486942e-04,4.047523447506306345e-04,-1.066121773361573978e-04,1.000000000000000000e+00,0.000000000000000000e+00,0.000000000000000000e+00,0.000000000000000000e+00,0.000000000000000000e+00,0.000000000000000000e+00,0.000000000000000000e+00,0.000000000000000000e+00,0.000000000000000000e+00,0.000000000000000000e+00
5.000000000000003331e-01,-3.675221526358938284e-01,1.656384270639854606e-03,2.410422373007645724e-01,-2.616014833211531554e-02,-9.405884575833986169e-03,-2.561788495390559389e-02,4.012702222001951480e-02,-5.210781345200669185e-02,6.297807657925702518e-02,-8.353171580291327003e-02,6.459508323675816621e-02,-1.084727926412698412e-01,3.893697728202773906e-02,-1.179013058015768445e-01,-7.027033259628574790e-05,-1.081980192342875263e-01,-3.899215297694158533e-02,-8.366526984210634343e-02,-6.389679025294919823e-02,-5.253671396270270799e-02,-6.368329630393632090e-02,-2.616635059569093896e-02,-4.079021128253720180e-02,-4.293183499664765188e-04,7.591959174060053817e-04,1.113847811476411515e-03,-6.702112229745399116e-05,4.310348316483926827e-04,-1.178062335436944833e-03,6.808878777918818534e-04,1.180776395267498906e-05,1.472082742967517361e-03,-6.454860328010751354e-04,1.725589856403749161e-03,3.554485639105498364e-04,1.579101621690705932e-03,1.086712614417101709e-03,6.938482944731802710e-04,1.306955943282623721e-03,1.597698592864511108e-04,1.316628988218484933e-03,6.448602735468602146e-04,1.201993031878190133e-04,1.000000000000000000e+00,0.000000000000000000e+00,0.000000000000000000e+00,0.000000000000000000e+00,0.000000000000000000e+00,0.000000000000000000e+00,0.000000000000000000e+00,0.000000000000000000e+00,0.000000000000000000e+00,0.000000000000000000e+00
7.500000000000005551e-01,-3.669410479355071919e-01,1.968440177437358329e-03,2.380190828573892636e-01,-2.695064576707779935e-02,-8.895830419368267947e-03,-2.444812827705121483e-02,3.974342019853514818e-02,-5.152159006006765130e-02,6.095065684609941165e-02,-8.284000815286149400e-02,6.443183254927474513e-02,-1.068772560669103561e-01,3.807948079672064667e-02,-1.160965280775598102e-01,5.033226093107165226e-04,-1.065296702627623604e-01,-3.744040817845541852e-02,-8.292928477489752703e-02,-6.205106218115115368e-02,-5.230002526108877559e-02,-6.173772810240266834e-02,-2.550964083756839668e-02,-4.056994665183536602e-02,-2.778968892155976090e-04,6.404306220596466242e-04,1.360519658098457377e-03,-3.166807801132772641e-04,9.779282343820325327e-04,-1.566496925115045454e-03,8.890192630037893270e-04,-1.178319304231905231e-04,1.798382977587883970e-03,-4.761375820579925281e-04,1.963913477814205593e-03,5.628196088394610448e-04,1.846356588114332576e-03,1.272248856544808517e-03,9.303249011310915726e-04,1.456215147738134730e-03,5.221685579550169789e-04,1.562505692510158650e-03,8.102878752267797524e-04,3.201291642442343670e-04,1.000000000000000000e+00,0.000000000000000000e+00,0.000000000000000000e+00,0.000000000000000000e+00,0.000000000000000000e+00,0.000000000000000000e+00,0.000000000000000000e+00,0.000000000000000000e+00,0.000000000000000000e+00,0.000000000000000000e+00
1.000000000000000666e+00,-3.664007155587658549e-01,2.209039082856634195e-03,2.347079277840487532e-01,-2.735377257820902422e-02,-8.209291519050329264e-03,-2.306003751607707195e-02,3.917959069798434418e-02,-5.040020926620916025e-02,5.860185336895516739e-02,-8.189891401024702866e-02,6.404444395932974710e-02,-1.050308901343168788e-01,3.738926433712381342e-02,-1.140699701668133198e-01,1.221308219281902474e-03,-1.046672876755114084e-01,-3.565264381143024713e-02,-8.201349041261810080e-02,-5.996886404487262318e-02,-5.174157698201056060e-02,-5.956570219691598861e-02,-2.474409788155391629e-02,-4.011140488622148143e-02,-1.586004128660199156e-04,5.535229807976986766e-04,1.511784704847035513e-03,-3.894557580390809186e-04,1.336281167672947936e-03,-1.714724079564772892e-03,1.152987221469252508e-03,-3.498586017157168950e-04,1.940295077956838117e-03,-4.564565445194712287e-04,2.150491681527576596e-03,5.513280211104918446e-04,1.935840068399817147e-03,1.389906380779560441e-03,1.017421143906466728e-03,1.638111397464345979e-03,7.159887369601414340e-04,1.664570123135457975e-03,8.783550616484643711e-04,4.237992071668761416e-04,1.000000000000000000e+00,0.000000000000000000e+00,0.000000000000000000e+00,0.000000000000000000e+00,0.000000000000000000e+00,0.000000000000000000e+00,0.000000000000000000e+00,0.000000000000000000e+00,0.000000000000000000e+00,0.000000000000000000e+00
1.249999999999995337e+00,-3.658781461395897994e-01,2.425549383443081908e-03,2.309151709858841550e-01,-2.758700912356502888e-02,-7.568322366409203049e-03,-2.152319565495760742e-02,3.859938900644596660e-02,-4.915286988266458906e-02,5.602688733082104855e-02,-8.063274486482950587e-02,6.341823557161187230e-02,-1.030336708182599259e-01,3.652670594406715043e-02,-1.118028899003935261e-01,1.846344891278970095e-03,-1.026724345557899626e-01,-3.371543052963369563e-02,-8.104017509721098134e-02,-5.764157239085915957e-02,-5.108821305326739781e-02,-5.717843894337850535e-02,-2.382858135310525483e-02,-3.941828562446089007e-02,-5.494231736822889568e-05,4.777515792947424926e-04,1.667396177307725602e-03,-3.750587495754406165e-04,1.133254408942190646e-03,-1.963478442981207977e-03,1.506500772507312702e-03,-4.562735455570748715e-04,2.143229154302354281e-03,-6.851574415283241421e-04,2.431339337618103856e-03,4.754733112289339205e-04,2.143018597888053742e-03,1.504477614819572148e-03,1.091537467668254446e-03,1.814698766720237002e-03,7.725951126055367098e-04,1.887870656986246048e-03,1.073582034025821665e-03,6.550741540273926841e-04,1.000000000000000000e+00,0.000000000000000000e+00,0.000000000000000000e+00,0.000000000000000000e+00,0.000000000000000000e+00,0.000000000000000000e+00,0.000000000000000000e+00,0.000000000000000000e+00,0.000000000000000000e+00,0.000000000000000000e+00
1.499999999999990008e+00,-3.653725408364609795e-01,2.626831128759166134e-03,2.266290137251355530e-01,-2.770977410186334366e-02,-7.004718126800886686e-03,-1.982482607320291620e-02,3.799628268752291288e-02,-4.794939492366698947e-02,5.303216121282428031e-02,-7.898234461792087713e-02,6.269162588964174998e-02,-1.007622647200734634e-01,3.541333339650213491e-02,-1.092266020898351453e-01,2.609895794396768515e-03,-1.003486988280384157e-01,-3.154380580636705067e-02,-7.995686897696135942e-02,-5.500142284029939377e-02,-5.031164349849297224e-02,-5.444616624090169166e-02,-2.279901064589500911e-02,-3.918557040614802783e-02,3.082786770760526595e-05,4.151490560627767818e-04,1.758411576842607406e-03,-4.171742078427185954e-04,1.380836634293496502e-03,-2.217951279720283518e-03,1.864265778528427855e-03,-4.980091609803247686e-04,2.420520026832181665e-03,-8.209114796466909780e-04,2.723692629638232391e-03,7.242797772599124471e-04,2.539807754877903070e-03,1.715971612739955509e-03,1.214357695661113677e-03,2.073323663558968803e-03,7.950357695149339043e-04,2.142758694733520094e-03,1.213856855752968840e-03,1.972893744874134789e-04,1.000000000000000000e+00,0.000000000000000000e+00,0.000000000000000000e+00,0.000000000000000000e+00,0.000000000000000000e+00,0.000000000000000000e+00,0.000000000000000000e+00,0.000000000000000000e+00,0.000000000000000000e+00,0.000000000000000000e+00
1.749999999999984679e+00,-3.648777008562162916e-01,2.823164853649196004e-03,2.218192257680122736e-01,-2.773175185147115293e-02,-6.533674125641159534e-03,-1.812215968657192658e-02,3.722159908410923451e-02,-4.647642217546367471e-02,4.983677752755390211e-02,-7.698036989972648070e-02,6.191640001819111172e-02,-9.821809915658759327e-02,3.416728016571088378e-02,-1.063400617869345866e-01,3.722865464312823981e-03,-9.761573046816542087e-02,-2.909338198934426425e-02,-7.864492212734673637e-02,-5.208939057317742150e-02,-4.945450693374414675e-02,-5.135914394901525820e-02,-2.154898405797758473e-02,-3.886854447266348961e-02,1.193339644007286864e-04,3.490623555964435395e-04,1.705875950131971507e-03,-6.242431700801866082e-04,1.657346359512876580e-03,-2.310751936758391988e-03,2.179610051554236368e-03,-5.366316964143596439e-04,2.674739825872511200e-03,-8.718166077670526978e-04,3.021969469933992979e-03,9.728402395312747957e-04,2.890945305628321062e-03,1.879189655026284374e-03,1.512784638373716609e-03,2.202618966948863798e-03,1.058513246614126765e-03,2.365851585572734377e-03,1.383334896604511725e-03,3.424878230299869793e-04,1.000000000000000000e+00,0.000000000000000000e+00,0.000000000000000000e+00,0.000000000000000000e+00,0.000000000000000000e+00,0.000000000000000000e+00,0.000000000000000000e+00,0.000000000000000000e+00,0.000000000000000000e+00,0.000000000000000000e+00
1.999999999999979350e+00,-3.643989755793146657e-01,3.012781802216757399e-03,2.165176320915594976e-01,-2.769212146043554049e-02,-6.110744481863106259e-03,-1.647415584288371496e-02,3.622546834787367109e-02,-4.470455766697271210e-02,4.649459425886601216e-02,-7.464393449380173073e-02,6.101279337910375106e-02,-9.536001367344285051e-02,3.305920662760672424e-02,-1.031598476433316508e-01,5.259934736634564942e-03,-9.457806964363478508e-02,-2.647968996417405727e-02,-7.701085016272300743e-02,-4.894131915842086372e-02,-4.833488098177138315e-02,-4.799634632807710244e-02,-2.015254341078120265e-02,-3.834433508553367065e-02,1.455979093400812570e-04,3.386037050294452900e-04,1.652238620965587861e-03,-7.286929721081886191e-04,1.939087402404413756e-03,-2.440832534599776324e-03,2.508448667208267296e-03,-6.815077653268962910e-04,3.032304100394079324e-03,-6.528553685219314322e-04,3.263604228641760283e-03,1.318208045892027341e-03,3.133187083085226150e-03,1.970177176425326644e-03,1.819231750995653181e-03,2.391784231229256326e-03,1.290156916220687195e-03,2.557642837280102183e-03,1.489635588817892885e-03,4.892515785799860135e-04,1.000000000000000000e+00,0.000000000000000000e+00,0.000000000000000000e+00,0.000000000000000000e+00,0.000000000000000000e+00,0.000000000000000000e+00,0.000000000000000000e+00,0.000000000000000000e+00,0.000000000000000000e+00,0.000000000000000000e+00
2.249999999999974243e+00,-3.639377898304311243e-01,3.188525698437860711e-03,2.108088121256365133e-01,-2.762380441258808703e-02,-5.697392101967870687e-03,-1.486517044697122786e-02,3.508295556053623449e-02,-4.264270813312519975e-02,4.300623070466388920e-02,-7.202948881729814845e-02,6.012353243945241232e-02,-9.211690676873671157e-02,3.227413772445181933e-02,-9.979229650444515487e-02,7.170453585129440803e-03,-9.131221543620202108e-02,-2.374124468640535779e-02,-7.505894902421851589e-02,-4.558260017187398816e-02,-4.697882013090950298e-02,-4.437151388261346280e-02,-1.869439687093252950e-02,-3.762761541969811968e-02,1.678582521106513161e-04,3.258774235743389308e-04,1.630155406906739091e-03,-8.328017558940845055e-04,2.215081372457859948e-03,-2.461558626098430021e-03,2.423688928416286789e-03,-6.273601451901447213e-04,3.380677414741026145e-03,-4.177688356944784099e-04,3.300968148541789157e-03,1.524772590166822289e-03,3.326046096048086188e-03,1.999034896404179411e-03,2.111645946596574664e-03,2.488338417165223034e-03,1.495697519468063659e-03,2.721531684159068064e-03,1.497063684618750229e-03,6.108996271297908402e-04,1.000000000000000000e+00,0.000000000000000000e+00,0.000000000000000000e+00,0.000000000000000000e+00,0.000000000000000000e+00,0.000000000000000000e+00,0.000000000000000000e+00,0.000000000000000000e+00,0.000000000000000000e+00,0.000000000000000000e+00
2.499999999999968914e+00,-3.634917667446465606e-01,3.330871804966051286e-03,2.049214630484448574e-01,-2.749778828885974732e-02,-5.371100636920650949e-03,-1.324454159468484854e-02,3.394003266706462768e-02,-4.026254389183259175e-02,3.946659066232859059e-02,-6.938219621890459599e-02,5.926092838995151296e-02,-8.845606531221997249e-02,3.219454730240513957e-02,-9.651959282708374999e-02,8.689888288630178564e-03,-8.778397404346850730e-02,-2.089106285323617460e-02,-7.281666420873876555e-02,-4.208267704364264394e-02,-4.539269076694254362e-02,-4.052517328004150848e-02,-1.714499564992322603e-02,-3.674530150519852295e-02,4.573665603072595313e-04,-7.579944550213535566e-05,1.679269824912263008e-03,-7.421115159731264720e-04,2.536628742828010014e-03,-2.341583095960872440e-03,2.847864142522452905e-03,-4.856332086554131689e-04,3.799963712741708053e-03,4.202995593201356260e-04,3.170147569080167434e-03,5.783201537204862158e-04,3.596411414773215218e-03,2.156416099961123121e-03,2.360998949054813473e-03,2.444789735757009301e-03,1.728868522614415010e-03,2.867349222952475865e-03,1.670323049517754730e-03,6.462535513177189699e-04,1.000000000000000000e+00,0.000000000000000000e+00,0.000000000000000000e+00,0.000000000000000000e+00,0.000000000000000000e+00,0.000000000000000000e+00,0.000000000000000000e+00,0.000000000000000000e+00,0.000000000000000000e+00,0.000000000000000000e+00
2.749999999999963585e+00,-3.629557716710094528e-01,3.481001887171819575e-03,1.987997493626741941e-01,-2.672518021133132859e-02,-6.227514989495005863e-03,-1.150313408802031492e-02,3.289620758919858251e-02,-3.720982772429885788e-02,3.792124154042366552e-02,-6.627619631633986652e-02,5.954113138136676170e-02,-8.491990355274227353e-02,3.282541933853774796e-02,-9.425707017410989152e-02,9.714200401782871822e-03,-8.415963714335716883e-02,-1.794872811938186263e-02,-7.102578969802050834e-02,-3.975173845143323975e-02,-4.371926801293896797e-02,-3.749693833229631595e-02,-1.548539610851139454e-02,-3.580631417626144175e-02,1.235433822586574351e-03,-1.060948139404537969e-03,2.037427070252531298e-03,-7.250248333223694450e-04,3.849460003403238489e-03,7.695866373000313787e-04,3.339605737467975406e-03,1.322268706949391312e-03,3.258263925549110401e-03,2.093334148616218858e-04,1.363020403096162729e-03,5.614325319510130247e-04,3.467893032836386058e-03,2.071606607389661278e-03,1.107331760672799733e-03,5.561271105085217230e-04,1.838781843678872260e-03,1.039395575335415409e-03,1.771993495330300566e-03,7.883288455280606849e-04,1.000000000000000000e+00,0.000000000000000000e+00,0.000000000000000000e+00,0.000000000000000000e+00,0.000000000000000000e+00,0.000000000000000000e+00,0.000000000000000000e+00,0.000000000000000000e+00,0.000000000000000000e+00,0.000000000000000000e+00
2.999999999999958256e+00,-3.619716620056633305e-01,3.881749825734637227e-03,1.911978715957834973e-01,-2.612297049403635579e-02,-6.749061627939324445e-03,-9.384630984531372802e-03,3.173535294776979460e-02,-3.358285289181132255e-02,3.865758692024144627e-02,-6.294723391355648567e-02,6.128316299603302902e-02,-8.155252610718477513e-02,3.297362907526881631e-02,-9.285153611890281655e-02,1.053069646670062171e-02,-8.074770333734462846e-02,-1.518115936284153943e-02,-6.984983905945536808e-02,-3.858909926302383359e-02,-4.164012218128863158e-02,-3.639718511297900666e-02,-1.378188634204792658e-02,-3.464717784004879564e-02,6.213316369644243794e-04,1.234368852305764658e-05,2.325726195384942348e-03,-7.619381273873992218e-04,3.773393249249330696e-03,9.017936635545171229e-04,3.571845026863884089e-03,1.433283125806014083e-03,3.193151008303233510e-03,3.406140521648602019e-04,1.717185123305584689e-03,7.548415086532905133e-04,3.001728518005061103e-03,1.906541252146845165e-03,1.726568157327646293e-03,6.807689849599621139e-04,2.365545617484000277e-03,2.575814003092998135e-04,1.861226424383108412e-03,1.034085824292639913e-03,1.000000000000000000e+00,0.000000000000000000e+00,0.000000000000000000e+00,0.000000000000000000e+00,0.000000000000000000e+00,0.000000000000000000e+00,0.000000000000000000e+00,0.000000000000000000e+00,0.000000000000000000e+00,0.000000000000000000e+00
3.249999999999952927e+00,-3.601329129141703778e-01,4.140565480413194166e-03,1.834618081804414436e-01,-2.580264938000883732e-02,-6.793828499180124339e-03,-7.524720536303517587e-03,3.238598975740260288e-02,-3.010042047844246546e-02,4.047784136474361083e-02,-5.941784991068877614e-02,6.361542786060843391e-02,-7.897069497485173506e-02,3.375975545272080769e-02,-9.118277291031362530e-02,1.163658932362180744e-02,-7.854515463267407183e-02,-1.396311456372447898e-02,-6.844157980235020255e-02,-3.813259358177580743e-02,-3.935989222609802274e-02,-3.608718066604461178e-02,-1.267832563326393505e-02,-3.382742514336795764e-02,4.968193718590069264e-04,3.702427646487625040e-04,2.386695306447303606e-03,1.085975722900645252e-03,3.788355212553485424e-03,1.195243263308326011e-03,3.948718074053614302e-03,1.714968259795291924e-03,2.795515924342833764e-03,6.907130385844498970e-04,2.246111268458021726e-03,9.492561231037501684e-04,2.383477193096812143e-03,5.076797115616597756e-04,1.760988286772347628e-03,4.213824870828471311e-04,2.655185585572117715e-03,4.241563145989531397e-04,6.125252066493619505e-04,-4.518300170650213954e-04,1.000000000000000000e+00,1.000000000000000000e+00,0.000000000000000000e+00,0.000000000000000000e+00,0.000000000000000000e+00,0.000000000000000000e+00,0.000000000000000000e+00,0.000000000000000000e+00,0.000000000000000000e+00,1.000000000000000000e+00
3.499999999999947597e+00,-3.570265131761561905e-01,4.152044156407797004e-03,1.782982019135968821e-01,-2.583888085990702216e-02,-6.327935571558109679e-03,-6.064171128192494958e-03,3.343622210347896306e-02,-2.679717168887873688e-02,4.167785316626383685e-02,-5.600418116165867960e-02,6.575102669858975957e-02,-7.667067023260294711e-02,3.474229094685914870e-02,-8.916399645560414700e-02,1.257195017304245550e-02,-7.657685175055098381e-02,-1.276175132813442067e-02,-6.700622513352375020e-02,-3.752837867523450832e-02,-3.742503149732098050e-02,-3.538089829686452692e-02,-1.262622867822006494e-02,-3.453038464350940973e-02,5.454551155493795548e-04,5.047930676280519384e-04,1.867079616219618305e-03,6.093018533381332549e-04,3.673553843178347430e-03,4.787704243897568965e-04,3.733728586606333780e-03,1.586543493620748814e-03,2.859487626286473169e-03,6.994530514839381518e-04,2.928527349945882381e-03,2.205482610668344813e-04,2.578367688265648279e-03,1.255243705910302938e-03,2.186430728335659636e-03,5.130716006852477796e-04,1.732881361971066753e-03,6.620983188665046683e-04,7.171136132469870623e-04,-5.338923750608323303e-04,1.000000000000000000e+00,1.000000000000000000e+00,0.000000000000000000e+00,0.000000000000000000e+00,0.000000000000000000e+00,0.000000000000000000e+00,0.000000000000000000e+00,0.000000000000000000e+00,0.000000000000000000e+00,1.000000000000000000e+00
3.749999999999942268e+00,-3.535946670924228208e-01,4.289866532157127210e-03,1.730530495210965691e-01,-2.593070038816774198e-02,-5.721818448640910056e-03,-4.874050722483354824e-03,3.419093018405434253e-02,-2.362453983706306465e-02,4.177052627714068073e-02,-5.270897765528752971e-02,6.750218065636044706e-02,-7.432665848365628547e-02,3.552611634576732097e-02,-8.656393661084929581e-02,1.291979071393025910e-02,-7.451692020287563334e-02,-1.114056538827457032e-02,-6.530615591296901057e-02,-3.662183499363881600e-02,-3.636121189476428789e-02,-3.434117591342470549e-02,-1.253562266054020907e-02,-3.538508046087641967e-02,5.921569092359168498e-04,5.456083259507385659e-04,1.826236596352590318e-03,5.431679172248091245e-04,3.798136121411054087e-03,-2.683254816287795321e-04,3.959137943100357951e-03,9.968709011590006809e-04,2.953130767671830609e-03,5.439079384622300681e-04,3.416651552098778737e-03,3.434109066285495181e-04,2.776255840486028907e-03,1.167668824351388978e-03,2.348947182447377619e-03,7.577471607941336715e-04,1.752465789717168321e-03,8.713328050434716084e-04,7.706092380786431790e-04,-5.595628983368759095e-04,1.000000000000000000e+00,1.000000000000000000e+00,0.000000000000000000e+00,0.000000000000000000e+00,0.000000000000000000e+00,0.000000000000000000e+00,0.000000000000000000e+00,0.000000000000000000e+00,0.000000000000000000e+00,1.000000000000000000e+00
3.999999999999936939e+00,-3.488742739592537445e-01,4.235560102594959631e-03,1.676261352592550158e-01,-2.588881200056173879e-02,-5.386665183133021451e-03,-3.817009836495932965e-03,3.483301768338485649e-02,-2.068173206544283299e-02,4.192971080057580208e-02,-4.959209408291936905e-02,6.926799719716184023e-02,-7.284785937026733160e-02,3.747477157122307972e-02,-8.386560339538470799e-02,1.331523115240207389e-02,-7.324556517020125446e-02,-1.007278130306778034e-02,-6.423337120856555116e-02,-3.559700129962169862e-02,-3.549275208881679661e-02,-3.311145045209185067e-02,-1.264362690570751228e-02,-3.588042865063842402e-02,1.180149370901491289e-03,1.467050782379148029e-04,2.145602294767605216e-03,3.729426890401357341e-04,3.808359536440343411e-03,3.982613126188294379e-04,3.888243269201950656e-03,1.333297980157806695e-03,1.883441672779945274e-03,1.552654247586542947e-03,3.511181269019864916e-03,4.709241711797895334e-04,1.889812572485706239e-03,5.726241483609902528e-04,1.635674779351334708e-03,7.026536971432821447e-04,1.869337721029133963e-03,8.502170497583328790e-04,8.999829416399450716e-04,-1.740658802888548251e-04,1.000000000000000000e+00,1.000000000000000000e+00,0.000000000000000000e+00,0.000000000000000000e+00,0.000000000000000000e+00,0.000000000000000000e+00,0.000000000000000000e+00,0.000000000000000000e+00,0.000000000000000000e+00,1.000000000000000000e+00
4.249999999999931610e+00,-3.429551641456199951e-01,4.075035068970889185e-03,1.625870443019789557e-01,-2.592987701319664218e-02,-4.886465411203213399e-03,-2.751309206425628720e-03,3.535791468701945245e-02,-1.788540717837995217e-02,4.204008429692090293e-02,-4.678988458558504954e-02,7.082362880907527858e-02,-7.221001436848452359e-02,3.941641106400162187e-02,-8.169233205854420365e-02,1.479363631404322782e-02,-7.242330131902874335e-02,-9.549744032605889110e-03,-6.376797971366196527e-02,-3.475205818424290799e-02,-3.455947684572829165e-02,-3.197597710199451271e-02,-1.292532806509395088e-02,-3.594890683761182287e-02,1.153259930175692125e-03,3.743651924624820252e-04,2.174963071677876985e-03,3.464898248523184563e-04,3.912211807750700168e-03,-2.699698930172188239e-04,3.862654108174248292e-03,7.560298438382961894e-04,2.167227006932908109e-03,1.582840262296082061e-03,3.035910519307028974e-03,6.567041447339768984e-04,2.132783944212371559e-03,3.562390173589772137e-04,1.827825269040613074e-03,7.060668332213188578e-04,2.264555463630496968e-03,7.836937364110402402e-04,9.050911181016048964e-04,-3.057057152593686074e-05,1.000000000000000000e+00,1.000000000000000000e+00,0.000000000000000000e+00,0.000000000000000000e+00,0.000000000000000000e+00,0.000000000000000000e+00,0.000000000000000000e+00,0.000000000000000000e+00,0.000000000000000000e+00,1.000000000000000000e+00
4.499999999999926281e+00,-3.367937748632527928e-01,3.930782215658679135e-03,1.569175142922399624e-01,-2.599464726122750063e-02,-4.262588795997637042e-03,-1.645024164469594766e-03,3.587194450472681179e-02,-1.552501871091062531e-02,4.143745554255500591e-02,-4.394496050646586743e-02,7.153235412549320549e-02,-7.105142991029876620e-02,4.138658203164570504e-02,-7.970777922356120371e-02,1.599256108295328896e-02,-7.141299610602286352e-02,-8.761240143643890185e-03,-6.270114194711148836e-02,-3.394726973729710051e-02,-3.362525784871778917e-02,-3.063365854595773846e-02,-1.329563693738042632e-02,-3.590392414920194619e-02,1.204662213860131651e-03,4.538650676558743033e-04,2.139814074319288436e-03,2.648873907415873067e-04,3.365460920606055169e-03,-4.610852125103353594e-04,4.040485537212113246e-03,2.403462166574751695e-04,2.548753290894794320e-03,1.207738580412258487e-03,3.260304778048362610e-03,8.905693096280823057e-04,2.264589423801618810e-03,7.939134345257180736e-04,2.347436376823885083e-03,5.474145230185370904e-04,5.630717457546639175e-04,1.311559407802898123e-03,1.195899783310876716e-03,-3.314941978199683541e-04,1.000000000000000000e+00,1.000000000000000000e+00,0.000000000000000000e+00,0.000000000000000000e+00,0.000000000000000000e+00,0.000000000000000000e+00,0.000000000000000000e+00,0.000000000000000000e+00,0.000000000000000000e+00,1.000000000000000000e+00
4.749999999999920952e+00,-3.301019158323950098e-01,3.989353954525265422e-03,1.524649493812113843e-01,-2.609847582022282661e-02,-3.619305128416991629e-03,-9.184474265955716631e-04,3.614176959266869604e-02,-1.349031785620372417e-02,4.104836810339752839e-02,-4.159332294502027932e-02,7.217014366560500771e-02,-6.952937130924781439e-02,4.305467252777805953e-02,-7.778579589093191637e-02,1.756959586890069827e-02,-7.031374300412619738e-02,-7.530422078131988016e-03,-6.194787092854912858e-02,-3.321652360554779720e-02,-3.457257914106866975e-02,-2.898522043203325543e-02,-1.351202224615157682e-02,-3.606045404254841491e-02,1.227788915976655692e-03,5.599417270954531794e-04,2.046551334433890056e-03,2.066355507880399762e-04,3.159378103004921445e-03,3.641205571500020951e-05,3.341913974887697654e-03,6.605143803079584772e-04,3.079261703431494714e-03,1.403913270356453059e-03,3.093920962184083280e-03,1.086019764384746605e-03,2.658941116284054169e-03,9.216493681054264281e-04,2.101763704102954308e-03,7.670510309904928718e-04,1.697384629098127023e-04,9.369951426340990134e-04,1.102239758725278435e-03,2.921711387926444561e-05,1.000000000000000000e+00,1.000000000000000000e+00,0.000000000000000000e+00,0.000000000000000000e+00,0.000000000000000000e+00,0.000000000000000000e+00,0.000000000000000000e+00,0.000000000000000000e+00,0.000000000000000000e+00,1.000000000000000000e+00
4.999999999999915623e+00,-3.230670006853514353e-01,4.094845490281384670e-03,1.478423668658407075e-01,-2.627056713255889603e-02,-2.753605954150837015e-03,-1.661799843771793745e-04,3.639550933269440625e-02,-1.175581629792682783e-02,4.126385817795976546e-02,-3.960284789514114528e-02,7.386439655200471854e-02,-6.780715818267687989e-02,4.530227207921060789e-02,-7.628616540769694865e-02,1.907207870804604466e-02,-6.887145750278264589e-02,-6.420560389478037130e-03,-6.108776222766967162e-02,-3.189250638393857640e-02,-3.556042133085005746e-02,-2.821339929616065861e-02,-1.385177462364427931e-02,-3.593232166882441569e-02,1.246298342398014739e-03,7.153916462810256663e-04,2.208799488227906026e-03,1.946742698461821966e-04,3.010324571268584940e-03,3.086070687658941511e-04,3.380617239121373567e-03,1.735370533263582132e-03,3.004362547538815507e-03,1.876187071800341794e-03,2.628732011711975951e-03,1.292234534337314373e-03,2.887646463833463181e-03,6.125597630837377331e-04,2.390593234052105706e-03,1.217607410779552191e-03,6.261202189963773227e-04,5.052565870263412079e-04,1.081805279714012722e-03,1.900755546223749349e-04,1.000000000000000000e+00,1.000000000000000000e+00,0.000000000000000000e+00,0.000000000000000000e+00,0.000000000000000000e+00,0.000000000000000000e+00,0.000000000000000000e+00,0.000000000000000000e+00,0.000000000000000000e+00,1.000000000000000000e+00
5.249999999999910294e+00,-3.158169363165139742e-01,4.047939801702593599e-03,1.431787843863475407e-01,-2.645917808372944685e-02,-1.795562194912281306e-03,6.396246635553131136e-04,3.665669115763368902e-02,-1.015562434557672027e-02,4.191746606742097203e-02,-3.758689954937585037e-02,7.621923164736699174e-02,-6.625358456356428283e-02,4.785235327964771496e-02,-7.467513076946601103e-02,2.080093032520676302e-02,-6.716082239215417915e-02,-5.669245402593121007e-03,-5.992128724089099828e-02,-2.992764207696082049e-02,-3.627992168469581363e-02,-2.723154806193111427e-02,-1.427174269312276970e-02,-3.558455583778294407e-02,1.309307282081772659e-03,6.168266069133923786e-04,2.231548939479298041e-03,1.670763720671100835e-04,2.990755775813262046e-03,6.045251546658298022e-04,3.408439576132879338e-03,1.585189175482435960e-03,2.909512049867868898e-03,1.735207340712720519e-03,3.207624149834389319e-03,1.218337436383119202e-03,3.113378664459571545e-03,3.975316796585183889e-04,2.718795403338103347e-03,1.510739421232315830e-03,9.107991334811353298e-04,8.761126234873734550e-04,1.017295400032810788e-03,2.866853363641704141e-04,1.000000000000000000e+00,1.000000000000000000e+00,0.000000000000000000e+00,0.000000000000000000e+00,0.000000000000000000e+00,0.000000000000000000e+00,0.000000000000000000e+00,0.000000000000000000e+00,0.000000000000000000e+00,1.000000000000000000e+00
5.499999999999904965e+00,-3.081652275023857301e-01,4.051145905031861005e-03,1.377473182357726866e-01,-2.651186601961968287e-02,-1.096803432628758049e-03,1.432083460361915700e-03,3.683632776595496122e-02,-8.560677854133126249e-03,4.283292940880910338e-02,-3.564759356062179724e-02,7.805488919399891645e-02,-6.480207314723676615e-02,5.007628850956964001e-02,-7.277933866826108433e-02,2.258717672193112300e-02,-6.685658562620513945e-02,-4.853152359778222305e-03,-5.871120058511905548e-02,-2.792461251350168011e-02,-3.676618472038611224e-02,-2.583093641388916478e-02,-1.480295200398780257e-02,-3.503027156311887269e-02,1.509691612295731332e-03,5.175358741516042490e-04,2.290830013489721702e-03,1.027154090333543961e-04,3.167729937540088303e-03,6.280767700380825418e-04,3.378407059348601492e-03,1.038961202516608655e-03,2.989854672958558359e-03,1.464469789183818916e-03,3.377804298489948780e-03,1.367872949231729255e-03,1.807327356319779737e-03,7.597944241510882178e-04,2.531605346821106262e-03,1.390786337075633873e-03,1.236091978320403347e-03,1.004403114741789921e-03,9.914256618344858586e-04,5.050085941518512407e-04,1.000000000000000000e+00,1.000000000000000000e+00,0.000000000000000000e+00,0.000000000000000000e+00,0.000000000000000000e+00,0.000000000000000000e+00,0.000000000000000000e+00,0.000000000000000000e+00,0.000000000000000000e+00,1.000000000000000000e+00
5.749999999999899636e+00,-3.004482678600074452e-01,4.046353578266215223e-03,1.319322277436253965e-01,-2.654808472149004089e-02,-3.735954434417690937e-04,2.220823531865571358e-03,3.696235755276290613e-02,-6.916025690170226649e-03,4.358605924988138286e-02,-3.370298478893436755e-02,7.906488493102048487e-02,-6.315006256709157495e-02,5.181306185950467630e-02,-7.082303201987755203e-02,2.439089863373853154e-02,-6.656382127799452542e-02,-3.962502407521211779e-03,-5.733351503569043134e-02,-2.595964767200809042e-02,-3.693248626118405403e-02,-2.447121255527330216e-02,-1.540432540829759361e-02,-3.428902144998580148e-02,1.511913379614976752e-03,5.357128193345242007e-04,2.447294435231888322e-03,1.090935226064289782e-04,2.729181321282996096e-03,6.275276003501579439e-04,3.400585030455699400e-03,4.126513316082185763e-04,3.240825717212182568e-03,1.037634328255780582e-03,3.531691503484570872e-03,1.193800205566774176e-03,1.903841748350370037e-03,5.456064459001291238e-04,2.981721246392211432e-03,1.576617042260739605e-03,1.529981384097303145e-03,9.829714606572892421e-04,9.174297206013297878e-04,5.721919045033818044e-04,1.000000000000000000e+00,1.000000000000000000e+00,0.000000000000000000e+00,0.000000000000000000e+00,0.000000000000000000e+00,0.000000000000000000e+00,0.000000000000000000e+00,0.000000000000000000e+00,0.000000000000000000e+00,1.000000000000000000e+00
5.999999999999894307e+00,-2.924399132241554122e-01,3.979541756888416160e-03,1.254313779512153115e-01,-2.654098738498626014e-02,3.247270145140874380e-04,3.119737590033070176e-03,3.707940991494296235e-02,-5.770325043625335742e-03,4.427602128656276531e-02,-3.172279327395517712e-02,8.009223094978676349e-02,-6.134574433732905424e-02,5.330002925669750924e-02,-6.897411411346279775e-02,2.618611754981495926e-02,-6.612301403868239835e-02,-3.219007753912187745e-03,-5.683949034076161977e-02,-2.415869482668148854e-02,-3.677224176139703982e-02,-2.312800215537462109e-02,-1.605597955946292191e-02,-3.347048810405274522e-02,1.745773920428165052e-03,4.782877982902934981e-04,2.484763041898285698e-03,2.663128182771845644e-05,2.666223027745026446e-03,3.255110057872417874e-04,3.608673875182007770e-03,1.065800575744926988e-03,3.415579851989773621e-03,1.126490542997547273e-03,3.214434352332674275e-03,1.354590332636565995e-03,2.173672775385738880e-03,5.093875009312526757e-04,1.144351917570108701e-03,1.052106881100996986e-03,1.030981386818720976e-03,7.223699664962884327e-04,1.181630198904875780e-03,4.776189560347549631e-04,1.000000000000000000e+00,1.000000000000000000e+00,0.000000000000000000e+00,0.000000000000000000e+00,0.000000000000000000e+00,0.000000000000000000e+00,0.000000000000000000e+00,0.000000000000000000e+00,0.000000000000000000e+00,1.000000000000000000e+00
6.249999999999888978e+00,-2.837196794698947366e-01,3.856110988264882522e-03,1.188869994090048093e-01,-2.651775610887279963e-02,1.008947364134544188e-03,3.904005924334069243e-03,3.709774814676189414e-02,-4.848997661491895837e-03,4.458725941146737121e-02,-2.986621822628998668e-02,8.144793739756467366e-02,-5.942699403642047462e-02,5.497001687097842482e-02,-6.747966857792682405e-02,2.762719760885021594e-02,-6.585574587995306206e-02,-2.516039985521930419e-03,-5.677679926158383378e-02,-2.328169984290066538e-02,-3.711908784160294211e-02,-2.194359772610577838e-02,-1.665187811067713602e-02,-3.274142468072005485e-02,1.815946592634241951e-03,4.497111198655054246e-04,2.517692228781354298e-03,-6.084763308855766081e-05,2.596089979798178564e-03,6.130397199700717979e-05,3.427604007514909595e-03,1.051539595394466791e-03,3.763423447171481383e-03,1.284311995671669031e-03,3.035708957618426206e-03,5.211027191462760163e-04,1.745355567082833900e-03,6.672940262262760588e-04,2.092458017931305911e-03,2.657481843061220718e-04,1.388279766411168546e-03,8.735953119736039737e-04,1.238659927565712634e-03,4.158059214826790554e-04,1.000000000000000000e+00,1.000000000000000000e+00,0.000000000000000000e+00,0.000000000000000000e+00,0.000000000000000000e+00,0.000000000000000000e+00,0.000000000000000000e+00,0.000000000000000000e+00,0.000000000000000000e+00,1.000000000000000000e+00
6.499999999999883649e+00,-2.748100622421517647e-01,3.559490467500481259e-03,1.120463094328464498e-01,-2.648263984430793833e-02,1.721948306881252670e-03,4.702869644673488350e-03,3.707647886451220093e-02,-3.987991999481326454e-03,4.469358639045918624e-02,-2.808602240158686661e-02,8.297502455797874099e-02,-5.715456136554271371e-02,5.688254726086922758e-02,-6.609383340539548568e-02,2.850807223967361664e-02,-6.564483500192863641e-02,-1.509684051065021421e-03,-5.674157457981614944e-02,-2.258545149022788551e-02,-3.741139309650709510e-02,-2.047502483707830390e-02,-1.724801477073612324e-02,-3.199509752918025529e-02,1.829945520273713790e-03,4.184717760515262760e-04,2.590795770219467536e-03,-8.425178771869023359e-05,2.655927118703720665e-03,1.483997098950557270e-05,3.575187952463325294e-03,1.154721108007478875e-03,4.191528391750281440e-03,1.324420579360525031e-03,2.969678284016887167e-03,7.008616295023090007e-04,2.142206569149745360e-03,9.235262162438030633e-04,1.767848186341632044e-03,4.213717932824652987e-04,1.556470363301374346e-03,1.115847079149329558e-03,1.175718660621211890e-03,5.641716704795748851e-04,1.000000000000000000e+00,1.000000000000000000e+00,0.000000000000000000e+00,0.000000000000000000e+00,0.000000000000000000e+00,0.000000000000000000e+00,0.000000000000000000e+00,0.000000000000000000e+00,0.000000000000000000e+00,1.000000000000000000e+00
6.749999999999878320e+00,-2.657231854965967921e-01,3.099867377107434763e-03,1.054946590928750316e-01,-2.635517381629370534e-02,2.079180546358435407e-03,5.514823436463070841e-03,3.704971709530232443e-02,-3.114121759758304089e-03,4.479096992480120082e-02,-2.619192008399284788e-02,8.500434968731811203e-02,-5.468461529665309684e-02,5.908519047183800887e-02,-6.490268261210878353e-02,2.984435427137949876e-02,-6.515955065895338849e-02,-1.477873980072609377e-04,-5.694977137963845581e-02,-2.189675638388307102e-02,-3.760033879866406942e-02,-1.878151129847287909e-02,-1.783518903844217088e-02,-3.114028451838600497e-02,2.043754820208651055e-03,-3.689616878704291621e-05,2.607238165289465712e-03,-1.389361745429017647e-04,2.670237943031000295e-03,-4.533415409470343811e-05,3.745525770541746711e-03,1.652676810282969035e-03,4.012355377287455185e-03,1.956279622081498297e-03,3.026073506887773726e-03,9.941707305489507103e-04,2.232582307368249225e-03,1.070566390940255004e-03,1.524377541968477629e-03,2.486419621556088953e-04,1.475438130044118626e-03,9.341359208010536781e-04,1.369811144365436347e-03,4.838313809551297970e-04,1.000000000000000000e+00,1.000000000000000000e+00,0.000000000000000000e+00,0.000000000000000000e+00,0.000000000000000000e+00,0.000000000000000000e+00,0.000000000000000000e+00,0.000000000000000000e+00,0.000000000000000000e+00,1.000000000000000000e+00
6.999999999999872990e+00,-2.563018038684226063e-01,2.491567439558028951e-03,9.952536536670776590e-02,-2.634620400875956753e-02,2.839982186198828067e-03,6.229109777816515224e-03,3.698924438203052278e-02,-2.348901208211994114e-03,4.483049982835304870e-02,-2.427498041620186273e-02,8.719109715357023505e-02,-5.229425153323333242e-02,6.190436100848394074e-02,-6.352680156171559844e-02,3.139976753606684573e-02,-6.459326148467788020e-02,1.615476901317876692e-03,-5.730221769410372146e-02,-2.106526695788331696e-02,-3.819803611928614812e-02,-1.749039280338445315e-02,-1.831497991216704882e-02,-3.050400741730130427e-02,1.875676316264795985e-03,4.188083177463860661e-04,2.550954469730166464e-03,-1.880766321402112088e-04,2.582731717752338903e-03,-1.417313938078244330e-04,3.759732536224915603e-03,1.270504185401276787e-03,4.338243938284660345e-03,1.843104819948030619e-03,3.400405608152230839e-03,1.062355636838707273e-03,2.613724193869053185e-03,1.141377038378316644e-03,1.701382743807281590e-03,5.741688518800963127e-04,1.410522926841197748e-03,8.568705630797015995e-04,1.378614472394945004e-03,3.755089244948764697e-04,1.000000000000000000e+00,1.000000000000000000e+00,0.000000000000000000e+00,0.000000000000000000e+00,0.000000000000000000e+00,0.000000000000000000e+00,0.000000000000000000e+00,0.000000000000000000e+00,0.000000000000000000e+00,1.000000000000000000e+00
7.249999999999867661e+00,-2.470977472697815092e-01,1.794260941109238061e-03,9.319781665951944183e-02,-2.629416676352765159e-02,3.517590023666324235e-03,6.998808854729262653e-03,3.690492320168720780e-02,-1.527331232730813398e-03,4.484613312026659165e-02,-2.229649566116986489e-02,8.895025485836402512e-02,-4.980340759988654414e-02,6.459139853017974164e-02,-6.181055878456933467e-02,3.322652671289912790e-02,-6.415265766288719140e-02,3.163617164950480436e-03,-5.733268662256544440e-02,-2.006326843412675753e-02,-3.846743907560098291e-02,-1.625268304430345714e-02,-1.878818988319386554e-02,-2.991551904919583296e-02,1.938153869247214540e-03,2.882027424089453988e-04,2.641507985801724943e-03,-2.048775359950607102e-04,2.757629533245159990e-03,-3.832045366666526177e-05,3.734689452553299760e-03,1.077826919512463611e-03,3.636353798033694403e-03,1.699557371205493621e-03,3.193778560773137543e-03,1.165570617812838970e-03,1.891494412272565553e-03,6.721619876149649651e-04,1.821128046021725259e-03,7.419611155821073277e-04,1.503366524243780885e-03,6.046699484318219641e-04,1.470504964579982376e-03,6.700322178577539567e-05,1.000000000000000000e+00,1.000000000000000000e+00,0.000000000000000000e+00,0.000000000000000000e+00,0.000000000000000000e+00,0.000000000000000000e+00,0.000000000000000000e+00,0.000000000000000000e+00,0.000000000000000000e+00,1.000000000000000000e+00
7.499999999999862332e+00,-2.378712283482743439e-01,1.032135219144025839e-03,8.667498040683810356e-02,-2.622604261636501954e-02,4.194008423297017167e-03,7.875687954457000553e-03,3.682214736208321015e-02,-5.082313534919326043e-04,4.502821370741359741e-02,-2.035780721940031596e-02,9.027977267323764043e-02,-4.781763942556729874e-02,6.683269058113844308e-02,-6.028372803171687389e-02,3.493669350254857697e-02,-6.389914141206548548e-02,4.615081827600102209e-03,-5.727815389489194359e-02,-1.880020565630407398e-02,-3.872213514980730326e-02,-1.524604918604226950e-02,-1.925780999505392194e-02,-2.933052893913385556e-02,1.875384586181928423e-03,4.486667710623533606e-04,2.749396259909719486e-03,-2.276825858116479087e-04,2.948813853035372155e-03,4.393285195268939773e-05,3.728443099607948313e-03,5.386199574085239351e-04,3.922784409011613113e-03,1.330853732563584777e-03,3.378652494675508239e-03,1.001359400979363488e-03,2.190849068108836634e-03,1.132096472205998232e-03,1.939416264440880014e-03,7.544419832761922479e-04,1.658429037019817660e-03,5.716721110949607703e-04,1.351165093222180934e-03,3.577261109346891116e-04,1.000000000000000000e+00,1.000000000000000000e+00,0.000000000000000000e+00,0.000000000000000000e+00,0.000000000000000000e+00,0.000000000000000000e+00,0.000000000000000000e+00,0.000000000000000000e+00,0.000000000000000000e+00,1.000000000000000000e+00
7.749999999999857003e+00,-2.285980984280643336e-01,1.376998336597434758e-04,8.012721487258923914e-02,-2.618992177025632889e-02,5.088698190095497509e-03,8.830707523701032333e-03,3.673153946804860043e-02,5.987106588536498250e-04,4.536591126525521545e-02,-1.835915558005912426e-02,9.119410236321716379e-02,-4.577519575738520780e-02,6.902739532083794483e-02,-5.912824470685778405e-02,3.636150270909626475e-02,-6.355520374365587755e-02,6.333174447110801950e-03,-5.738482089957707560e-02,-1.743468593488537235e-02,-3.892729070546755571e-02,-1.414990162156028013e-02,-1.972714208805512182e-02,-2.868848685809450433e-02,1.910946386886653095e-03,4.484321865348680288e-04,2.801372136386583774e-03,-2.590161098009164482e-04,3.056145470854824443e-03,-1.538477976588046008e-05,3.828786756195219111e-03,4.642576932327859918e-04,3.677254109058987561e-03,1.318068542700761648e-03,2.817713205582046080e-03,9.456097879726674000e-04,1.957658423038444694e-03,8.767915622822864069e-04,1.887682604817029260e-03,7.259499868898853896e-04,1.639968858433891574e-03,6.820980234160634818e-04,1.441569194266096882e-03,2.579359384968497762e-04,1.000000000000000000e+00,1.000000000000000000e+00,0.000000000000000000e+00,0.000000000000000000e+00,0.000000000000000000e+00,0.000000000000000000e+00,0.000000000000000000e+00,0.000000000000000000e+00,0.000000000000000000e+00,1.000000000000000000e+00
7.999999999999851674e+00,-2.192791495723818151e-01,-8.420710598810998704e-04,7.370913705510859226e-02,-2.612917517818497820e-02,5.912504725055592672e-03,9.711566989233226185e-03,3.658955933893358325e-02,1.737362765660971147e-03,4.552174221658378261e-02,-1.627488965020552555e-02,9.195364045799724051e-02,-4.388027842235986409e-02,7.081566706623847185e-02,-5.795832296767779168e-02,3.795208974141311281e-02,-6.337431118626177251e-02,7.914059905028877559e-03,-5.739856522039215453e-02,-1.606467120138097351e-02,-3.914043999312878663e-02,-1.294872577850621556e-02,-2.017297758091012028e-02,-2.806238067631990421e-02,1.921865461537566443e-03,4.024699977687773477e-04,2.659982550363199864e-03,-3.238115427031758222e-04,2.831933797294356858e-03,-1.191375621316864897e-04,3.874606199463100607e-03,1.843599741640701453e-04,3.724272446907814834e-03,8.599519603112110513e-04,3.150468212776542931e-03,9.566535469687411503e-04,2.107594410630603699e-03,1.012471941385186197e-03,1.874388233271299248e-03,8.391498835229943207e-04,1.622346897025232076e-03,6.479395031968192189e-04,1.435281381805332632e-03,2.247432260479843532e-04,1.000000000000000000e+00,1.000000000000000000e+00,0.000000000000000000e+00,0.000000000000000000e+00,0.000000000000000000e+00,0.000000000000000000e+00,0.000000000000000000e+00,0.000000000000000000e+00,0.000000000000000000e+00,1.000000000000000000e+00
8.249999999999889866e+00,-2.099899184655854567e-01,-1.910259137235081894e-03,6.708915573793974851e-02,-2.604724275223873828e-02,6.734238462571632070e-03,1.061544692496534451e-02,3.640789335561259860e-02,2.834211919212116688e-03,4.564103964505492050e-02,-1.419727135167439709e-02,9.238115004913227679e-02,-4.204422741243858674e-02,7.222787484146730996e-02,-5.659268792278963206e-02,3.954494116435101903e-02,-6.317355691564160991e-02,9.564467768615808260e-03,-5.748936093398277630e-02,-1.464117607153345504e-02,-3.934860453934757585e-02,-1.171856411043257010e-02,-2.061833739017151709e-02,-2.742277049385270088e-02,1.945855910551222336e-03,3.995397658307332724e-04,2.786323816506852853e-03,-3.837160304446860350e-04,3.031203301329732976e-03,-1.085500034273163150e-04,3.818337188062884916e-03,3.100179770588163238e-05,3.485489996157031031e-03,9.196883849371728431e-04,2.990397373557894360e-03,7.845782655340005716e-04,2.028335842868355006e-03,9.325340313054182725e-04,1.780088829692367093e-03,7.534672696586736064e-04,1.631767106907443298e-03,6.504593536097342003e-04,1.436558031975824871e-03,2.451891172197918564e-04,1.000000000000000000e+00,1.000000000000000000e+00,0.000000000000000000e+00,0.000000000000000000e+00,0.000000000000000000e+00,0.000000000000000000e+00,0.000000000000000000e+00,0.000000000000000000e+00,0.000000000000000000e+00,1.000000000000000000e+00
8.499999999999928946e+00,-2.006586217722754473e-01,-3.209332004419085393e-03,6.016633813721716795e-02,-2.595044059171766615e-02,7.620532782665364983e-03,1.152637727985338784e-02,3.617292812699914040e-02,4.035208900890207250e-03,4.582344720429762375e-02,-1.224773854748629001e-02,9.245118238671450051e-02,-4.032326959948336065e-02,7.375168933882822464e-02,-5.538884106169677385e-02,4.099954332396996831e-02,-6.294809969520623327e-02,1.118953619503463594e-02,-5.754942532164687707e-02,-1.326480236601843346e-02,-3.953441399080899477e-02,-1.049372889960252693e-02,-2.107626830363241999e-02,-2.671123684375337898e-02,1.967039625791753774e-03,3.712067619891420414e-04,2.690374558653368074e-03,-4.674402759800110442e-04,2.986578291683617079e-03,-1.608291616243046258e-04,3.675185632950489414e-03,-4.565477326127569363e-04,3.506827291396253602e-03,7.224320907639232439e-04,3.149688371023297902e-03,7.505273485965142499e-04,2.117764547551987103e-03,9.383650384420922069e-04,1.820989768372959297e-03,7.588948645707602279e-04,1.735852373826056450e-03,5.889141648183848039e-04,1.412473731056362609e-03,2.552421663826215273e-04,1.000000000000000000e+00,1.000000000000000000e+00,0.000000000000000000e+00,0.000000000000000000e+00,0.000000000000000000e+00,0.000000000000000000e+00,0.000000000000000000e+00,0.000000000000000000e+00,0.000000000000000000e+00,1.000000000000000000e+00
8.749999999999968026e+00,-1.913488523015319798e-01,-4.569767947431913058e-03,5.278068367806162259e-02,-2.582173995257188923e-02,8.506778196623784524e-03,1.242707653095103532e-02,3.586785880394183224e-02,5.243298536164082285e-03,4.592525363213868089e-02,-1.038102542938165555e-02,9.206573822320109068e-02,-3.874262126642282617e-02,7.500612969932866914e-02,-5.405077062601334331e-02,4.251634109196168743e-02,-6.269460650276863223e-02,1.278558141784890030e-02,-5.759363114051740257e-02,-1.188267009187325869e-02,-3.967502486508568682e-02,-9.330413633467279574e-03,-2.155001355615924347e-02,-2.593690805132689223e-02,2.000277026265465455e-03,3.655001433565985584e-04,2.778317603557974632e-03,-5.225066187600181048e-04,3.090097929739692769e-03,-2.258389466153812026e-04,3.748140413039763481e-03,-4.397983790933695765e-04,3.281886284194536312e-03,5.653015624751347610e-04,2.989857941131652923e-03,8.361374055014095035e-04,2.033930298528977779e-03,8.270512994782645410e-04,1.816982606454418340e-03,6.994583433231522668e-04,1.736885987222696465e-03,5.565646850619427807e-04,1.405294242794427866e-03,2.940974277771602114e-04,1.000000000000000000e+00,1.000000000000000000e+00,0.000000000000000000e+00,0.000000000000000000e+00,0.000000000000000000e+00,0.000000000000000000e+00,0.000000000000000000e+00,0.000000000000000000e+00,0.000000000000000000e+00,1.000000000000000000e+00
9.000000000000007105e+00,-1.820847525880384676e-01,-6.058406521048276261e-03,4.503908242891416225e-02,-2.566914498652721893e-02,9.435245378241042744e-03,1.340512633899242773e-02,3.551631638898162385e-02,6.530600958138630188e-03,4.595055022425847263e-02,-8.439453101622787848e-03,9.202646199217283385e-02,-3.716603415879146666e-02,7.587059367604120919e-02,-5.296318711337133500e-02,4.389832592537723510e-02,-6.244452370810198855e-02,1.438451535132926652e-02,-5.760603712798685605e-02,-1.044375069518192235e-02,-3.980079639459463414e-02,-8.129816019619953010e-03,-2.203033031281016740e-02,-2.510471358387778018e-02,2.001500969214360486e-03,3.910947150127434368e-04,2.787878474815162592e-03,-5.840403186529590255e-04,3.070042993933997429e-03,-3.361644308257880380e-04,3.682837305431312623e-03,-3.317401019256846538e-04,3.347696638137487996e-03,1.186184606128020725e-04,2.935495365514740641e-03,6.361468060088132717e-04,2.097646380745475398e-03,9.492628214134253214e-04,1.842122591483315308e-03,7.453026984092553289e-04,1.737289885149786734e-03,5.521752577015888192e-04,1.376921898590629124e-03,3.027938136871406553e-04,1.000000000000000000e+00,1.000000000000000000e+00,0.000000000000000000e+00,0.000000000000000000e+00,0.000000000000000000e+00,0.000000000000000000e+00,0.000000000000000000e+00,0.000000000000000000e+00,0.000000000000000000e+00,1.000000000000000000e+00
9.250000000000046185e+00,-1.729512668298629485e-01,-7.628803341360956836e-03,3.767585797315295415e-02,-2.550668455732697792e-02,1.031317415033076480e-02,1.155292937674828706e-02,3.502211873354261346e-02,6.638578694195539608e-03,4.726960239332611557e-02,-6.417623078952757430e-03,9.275524075782019817e-02,-3.630433217982633604e-02,7.694977725878182628e-02,-5.237395244891276946e-02,4.503725181061087740e-02,-6.223436749943071084e-02,1.649753918261350275e-02,-5.757560478997844622e-02,-8.921399432629447887e-03,-3.991705706226549022e-02,-6.959846302282413077e-03,-2.247334863964033091e-02,-2.427032850199073444e-02,1.958394470799661863e-03,3.032949280271996970e-04,-9.978336979698474919e-11,-6.227644307625507811e-04,2.470529090681679134e-03,7.090398322070667805e-04,3.733819181807073069e-03,1.036197915554034021e-04,2.389417416242915586e-03,5.245503434856682232e-04,2.224290301857229611e-03,6.454304476776773778e-04,2.111539503888417053e-03,1.314017426545585534e-03,1.831592700768501546e-03,7.657693837471264350e-04,1.683192495227378875e-03,5.221462153106597344e-04,1.414219891932292760e-03,2.803226480089091228e-04,1.000000000000000000e+00,1.000000000000000000e+00,0.000000000000000000e+00,0.000000000000000000e+00,0.000000000000000000e+00,0.000000000000000000e+00,0.000000000000000000e+00,0.000000000000000000e+00,0.000000000000000000e+00,1.000000000000000000e+00
9.500000000000085265e+00,-1.640680785931246666e-01,-9.111476461452605591e-03,3.104250790848394129e-02,-2.534593785939967189e-02,1.109917784937026163e-02,9.702265146287121153e-03,3.440407604048197759e-02,7.499569504631185130e-03,4.844632949135063704e-02,-4.568796673321250286e-03,9.274990339010161233e-02,-3.548451540584531688e-02,7.775774538917448742e-02,-5.177253170669912641e-02,4.639842239400739088e-02,-6.172833404726906642e-02,1.839811863226903377e-02,-5.752982961234515830e-02,-7.356439655169522140e-03,-4.001030399684032957e-02,-5.855966275412873706e-03,-2.285962145787328800e-02,-2.348133941801796090e-02,1.908385147648277141e-03,2.623960586351201151e-04,-3.458433517137091558e-12,-8.991344616191629261e-04,2.759858863276829378e-03,4.535718879126970872e-04,3.371069269481993119e-03,-6.365677102117945317e-04,2.708054936254284707e-03,1.287733596328613820e-04,2.481270582850429209e-03,6.937434876382521810e-04,2.222658397986239202e-03,8.252641632307724639e-04,1.875749852063062374e-03,8.736456633250554073e-04,1.688998196780379683e-03,4.848750455574892676e-04,1.397765062906833637e-03,2.640305491025636618e-04,1.000000000000000000e+00,1.000000000000000000e+00,0.000000000000000000e+00,0.000000000000000000e+00,0.000000000000000000e+00,0.000000000000000000e+00,0.000000000000000000e+00,0.000000000000000000e+00,0.000000000000000000e+00,1.000000000000000000e+00
9.750000000000124345e+00,-1.554066398514813985e-01,-1.047869941099666136e-02,2.458757324218454124e-02,-2.517602701934066808e-02,1.185064209090813669e-02,7.897798746325233529e-03,3.356455667928383985e-02,8.696654217592209718e-03,4.938171501606457292e-02,-3.107033038170503147e-03,9.193751203555459994e-02,-3.426433628875488052e-02,7.822538190834812943e-02,-5.067478408637308973e-02,4.817126385999669080e-02,-6.119334352657670312e-02,1.984469138803784255e-02,-5.742043401216933435e-02,-5.819221868787224743e-03,-4.008215904986122541e-02,-4.824854725171874754e-03,-2.321956375346714146e-02,-2.273103583082741047e-02,1.868567941250592239e-03,2.384610415020457840e-04,1.184496863811532474e-10,-5.717169226813105867e-04,2.919266272349722424e-03,5.596059266663814527e-04,2.937909719847964056e-03,-9.558088466974466865e-04,3.188954081056917609e-03,5.101130185021028986e-05,2.829591050953126925e-03,1.189180436812647002e-03,2.295531534409489711e-03,7.640659868180330744e-04,1.811269145117099010e-03,6.757718370624818610e-04,1.655657483564093981e-03,4.212323768899475904e-04,1.379323852127688731e-03,2.606068524499634601e-04,1.000000000000000000e+00,1.000000000000000000e+00,0.000000000000000000e+00,0.000000000000000000e+00,0.000000000000000000e+00,0.000000000000000000e+00,0.000000000000000000e+00,0.000000000000000000e+00,0.000000000000000000e+00,1.000000000000000000e+00
1.000000000000016342e+01,-1.467314797502083934e-01,-1.221261309304688680e-02,1.859895793620803747e-02,-2.501022898986466833e-02,1.261093129907655749e-02,6.090692537577799964e-03,3.330215046703727949e-02,9.354570071178092486e-03,5.046725727383356147e-02,-1.617434591064531363e-03,9.221678000837957301e-02,-3.262038839945894525e-02,7.909464647166716822e-02,-4.976856274862085511e-02,4.974988265664929271e-02,-6.082508161348896408e-02,2.136199209227492360e-02,-5.729774323748272613e-02,-4.407514501764994534e-03,-4.015463621548452655e-02,-3.737889357444494024e-03,-2.354753616736456751e-02,-2.188929935042382979e-02,1.896466027236441048e-03,2.021195030874992115e-04,4.550673446105057422e-06,-4.513964777048538770e-04,1.751450363600630389e-03,2.862246504945477289e-04,3.293665921045912156e-03,1.962524212816252301e-04,3.374016497680141537e-03,4.438915300205953612e-04,2.714529614230030800e-03,6.734128740684844436e-04,2.088328585672865646e-03,7.304542490322678532e-04,1.872133613742738055e-03,7.172751414427631748e-04,1.620350645403972238e-03,4.084649822059793485e-04,1.451820163150709889e-03,2.101829857471638281e-04,1.000000000000000000e+00,1.000000000000000000e+00,0.000000000000000000e+00,0.000000000000000000e+00,0.000000000000000000e+00,0.000000000000000000e+00,0.000000000000000000e+00,0.000000000000000000e+00,0.000000000000000000e+00,1.000000000000000000e+00
1.025000000000020250e+01,-1.380885661343672632e-01,-1.399575741070657742e-02,1.296911905078078006e-02,-2.484472710597260270e-02,1.338071568523539236e-02,4.335970237781839112e-03,3.293986227160033281e-02,9.212570782886850621e-03,5.164428896147636033e-02,-2.879246134677298521e-04,9.251776163520149254e-02,-3.095314243434607246e-02,8.007454240144527835e-02,-4.858759702407362824e-02,5.124062042549121926e-02,-6.048176641879192406e-02,2.286478181037739435e-02,-5.718963294900219346e-02,-2.999044134343536484e-03,-4.017565880733435513e-02,-2.757969276817102099e-03,-2.384360155040329485e-02,-2.102834634476802300e-02,1.872839350998964760e-03,1.916536874215540225e-04,1.212823197445291751e-04,-8.793122045759708960e-04,1.700505688754347334e-03,7.224842148844880414e-04,2.752671945788133078e-03,-4.184526445403162313e-04,3.002366092528316842e-03,5.200011886794312071e-04,2.953403073470638272e-03,7.269238508123348434e-04,1.933760798155192626e-03,6.098464424397880826e-04,1.787922350954072826e-03,5.511291225530790417e-04,1.712104335376937476e-03,3.201973067664755953e-04,1.457831270181584715e-03,2.660833435186172723e-04,1.000000000000000000e+00,1.000000000000000000e+00,0.000000000000000000e+00,0.000000000000000000e+00,0.000000000000000000e+00,0.000000000000000000e+00,0.000000000000000000e+00,0.000000000000000000e+00,0.000000000000000000e+00,1.000000000000000000e+00
1.050000000000024158e+01,-1.295921729943692036e-01,-1.604243616206479928e-02,8.049951487097955355e-03,-2.469104308385029756e-02,1.411530530703456777e-02,2.676998891992312789e-03,3.273513109168062901e-02,9.671079254219189930e-03,5.318842800515674596e-02,7.144598149830260229e-04,9.275838012607100225e-02,-2.973283736519978862e-02,8.115904438519869202e-02,-4.753118175786154309e-02,5.271648485425624309e-02,-6.026041688637352733e-02,2.417773627626783328e-02,-5.715840880964113274e-02,-1.783566912039673919e-03,-4.020401063989548912e-02,-1.827638868878649720e-03,-2.409168235801281699e-02,-2.016200241670096371e-02,1.812138311796711960e-03,6.566990039859640471e-05,1.329405678104375143e-04,-5.251973810043446440e-04,2.293396179553471980e-03,6.821732136696459980e-04,2.823158813320841322e-03,3.729240788051235960e-05,3.004387730183927067e-03,1.549944373864476309e-04,2.562257998348694589e-03,5.486425607651563251e-04,1.884430368270151659e-03,5.019609402640386924e-04,1.710010134443927217e-03,4.514266583009811612e-04,1.656053957395990607e-03,2.142851871109254804e-04,1.464789167023380131e-03,1.463814303996837545e-04,1.000000000000000000e+00,1.000000000000000000e+00,0.000000000000000000e+00,0.000000000000000000e+00,0.000000000000000000e+00,0.000000000000000000e+00,0.000000000000000000e+00,0.000000000000000000e+00,0.000000000000000000e+00,1.000000000000000000e+00
1.075000000000028066e+01,-1.222126138644776816e-01,-1.602326086855088150e-02,6.646657600185935932e-03,-2.464355683061432434e-02,1.422301651909127843e-02,1.125537375715815252e-03,3.280838159161229145e-02,1.065638775327654511e-02,5.408533057753085738e-02,1.961986120912750497e-03,9.260129674717065829e-02,-2.786220122567718491e-02,8.194683978520071743e-02,-4.645940570706947464e-02,5.363143266547687471e-02,-6.104140969214301438e-02,2.465548124883377643e-02,-5.711912996076442400e-02,-1.565393847484725619e-03,-4.020537391475485778e-02,-1.692777248642967454e-03,-2.415850964694647371e-02,-1.999663962365104408e-02,1.377461871486773117e-03,-6.075973387612116722e-05,-8.004470815417597288e-05,3.332798046966126398e-04,2.586140360460323709e-03,6.013832668623948514e-04,2.726148264213970867e-03,-1.055618705724636203e-04,3.585237721046785012e-03,1.152073937296898502e-03,2.221796137129927913e-03,9.793958453433271143e-04,-2.399744511407869219e-04,2.250846704365876366e-04,1.212302264611185782e-03,-3.323244822741794119e-04,1.342465218346898005e-03,-7.153902992924187222e-05,1.419036605355581456e-03,2.275382748176001704e-05,1.000000000000000000e+00,1.000000000000000000e+00,0.000000000000000000e+00,0.000000000000000000e+00,0.000000000000000000e+00,0.000000000000000000e+00,0.000000000000000000e+00,0.000000000000000000e+00,0.000000000000000000e+00,1.000000000000000000e+00
1.100000000000031974e+01,-1.153615131782327330e-01,-1.591122747276307869e-02,7.120074428981043070e-03,-2.465950337554080607e-02,1.418043972955572614e-02,-3.242402590205213393e-04,3.290702352956241528e-02,1.202659283027970698e-02,5.435466513088503537e-02,3.149072357308014061e-03,9.235365636854638016e-02,-2.552491699096538780e-02,8.341493001245869898e-02,-4.553303539717396681e-02,5.496405004370078645e-02,-6.249559294771793450e-02,2.470185855156095331e-02,-5.728521215943709055e-02,-1.874530661667798363e-03,-4.021558625269418263e-02,-1.764012670227792885e-03,-2.413761844240825544e-02,-1.995845027524811854e-02,1.342717570171066610e-03,4.479837170872474070e-05,2.816887839509429030e-05,-1.279736054293773430e-04,2.808508778236460876e-03,-3.666726659114031834e-04,2.353115199293074472e-03,-1.311360707327329433e-04,3.633857742354748739e-03,9.778897963498207370e-04,2.444785530625387046e-03,9.465063518228457665e-04,1.788162313846889870e-04,-1.106029436134900213e-04,1.236738980464600381e-03,-8.853961812133898524e-05,1.377068231982193827e-03,1.602759789063517502e-05,1.356526359578333297e-03,8.469026341770364229e-05,1.000000000000000000e+00,1.000000000000000000e+00,0.000000000000000000e+00,0.000000000000000000e+00,0.000000000000000000e+00,0.000000000000000000e+00,0.000000000000000000e+00,0.000000000000000000e+00,0.000000000000000000e+00,1.000000000000000000e+00
1.125000000000035882e+01,-1.086798215797867284e-01,-1.575358961110917555e-02,7.032119466753712807e-03,-2.465724782694119974e-02,1.423078480191094022e-02,-1.667224099111870757e-03,3.259176617591693498e-02,1.346100148779614050e-02,5.394240633675581598e-02,3.883041996248619027e-03,9.174004101885031848e-02,-2.309627992314634490e-02,8.433700185456897980e-02,-4.419970144159889036e-02,5.628310344878231092e-02,-6.354035411664146760e-02,2.451802620864510646e-02,-5.735949168846150859e-02,-1.866705812094508147e-03,-4.020961732297036184e-02,-1.757936079756001156e-03,-2.414311802011512298e-02,-1.986722423922442776e-02,1.323748654120220905e-03,7.878666759169415256e-05,-7.878679762803120974e-07,3.064909747594804716e-06,2.517217419856171510e-03,1.129726159401263312e-05,1.701561882643508068e-03,-6.773537589752882211e-04,3.690213658738385367e-03,3.814396768129341662e-04,2.794064402964286254e-03,1.013840428312220553e-03,5.216805024003817737e-04,-8.789968081368990864e-05,1.281557444240405755e-03,1.691776873149984639e-04,1.321988885316274570e-03,6.331233326311222205e-05,1.303463781543964025e-03,1.097502323620066546e-04,1.000000000000000000e+00,1.000000000000000000e+00,0.000000000000000000e+00,0.000000000000000000e+00,0.000000000000000000e+00,0.000000000000000000e+00,0.000000000000000000e+00,0.000000000000000000e+00,0.000000000000000000e+00,1.000000000000000000e+00
1.150000000000039790e+01,-1.022415699710200743e-01,-1.560339601393967435e-02,6.709654101395782187e-03,-2.464749694074156589e-02,1.433231073764227106e-02,-3.009389817650887436e-03,3.255520795970658771e-02,1.473024791350467481e-02,5.373313378934923418e-02,5.418432995276712544e-03,9.122842697707984894e-02,-2.140142890509749013e-02,8.400643663197444877e-02,-4.298955216150023018e-02,5.752331839258457979e-02,-6.411855129360730099e-02,2.433331742493820976e-02,-5.735910933563691944e-02,-1.616040399280180544e-03,-4.019623721702549057e-02,-1.686207398446875434e-03,-2.415988374855732729e-02,-1.972858161451509704e-02,1.243446519683044692e-03,1.160361352869299317e-04,-7.022364189528708753e-07,2.845741461472616508e-06,2.484750633306149689e-03,-2.167541481951727864e-04,3.756692103665403796e-03,6.808196526599707065e-04,2.597894581216123305e-03,-5.618503276110057296e-04,1.162868577065296651e-03,4.982589763933324093e-04,9.431377483925957586e-04,-4.265527189622196521e-05,1.262857770317846011e-03,2.646300439216834753e-04,1.240531656640062432e-03,8.831824935070463876e-05,1.228708076300327832e-03,1.452453416643896609e-04,1.000000000000000000e+00,1.000000000000000000e+00,0.000000000000000000e+00,0.000000000000000000e+00,0.000000000000000000e+00,0.000000000000000000e+00,0.000000000000000000e+00,0.000000000000000000e+00,0.000000000000000000e+00,1.000000000000000000e+00
1.175000000000043698e+01,-9.616617453785492042e-02,-1.547378412579814011e-02,6.487265207025873746e-03,-2.464146528697076788e-02,1.445250368143339605e-02,-4.275857027008707865e-03,3.252357034910699496e-02,1.605445572967325457e-02,5.318071658932450180e-02,7.823352055283347775e-03,9.219541098169649340e-02,-1.988472880604570669e-02,8.325247940322232088e-02,-4.307998259259629426e-02,5.801708080504650034e-02,-6.414039086894368635e-02,2.428904284266681507e-02,-5.729877044202963399e-02,-1.133760758209898228e-03,-4.021142075977643393e-02,-1.540576885020183973e-03,-2.417237424337849439e-02,-1.956501961439587739e-02,1.178154534730306525e-03,1.103020010276789341e-04,-1.452411413749708502e-07,7.539758154689313545e-07,2.491101738437598301e-03,-5.291597280604235475e-04,3.167153697443422268e-03,6.690870033624703086e-04,2.412130947002938050e-03,-6.191433738473000725e-05,1.310746935631324156e-03,4.352200182000933934e-04,1.325881876404169397e-03,2.597011951523968865e-04,1.254337179216372762e-03,2.106306708183838946e-04,1.210996009808081855e-03,1.111038729055362207e-04,1.170886017289807495e-03,1.413412569167065650e-04,1.000000000000000000e+00,1.000000000000000000e+00,0.000000000000000000e+00,0.000000000000000000e+00,0.000000000000000000e+00,0.000000000000000000e+00,0.000000000000000000e+00,0.000000000000000000e+00,0.000000000000000000e+00,1.000000000000000000e+00
1.200000000000047606e+01,-9.050891510571823506e-02,-1.535775828855467928e-02,6.544434458466434103e-03,-2.464473480339614275e-02,1.453206875222169507e-02,-5.454307771709358127e-03,3.249059729700742860e-02,1.749217528614424935e-02,5.215560355934401038e-02,9.916431454586961680e-03,9.319720929511597640e-02,-1.902463831754184001e-02,8.384121390495183346e-02,-4.284248949456410938e-02,5.849241214652300958e-02,-6.375713729978199629e-02,2.444386062243656538e-02,-5.728769273432913339e-02,-9.922966497972875253e-04,-4.020671925905398847e-02,-1.539358781654416976e-03,-2.417232012336391345e-02,-1.940338731415222964e-02,1.086334250382939856e-03,4.398044267889461497e-05,1.932805597513315754e-07,-1.603434805937759617e-06,2.513054801519665985e-03,-8.718103928022268240e-04,3.015648521296141783e-03,4.625147016407789758e-04,1.711691044507485365e-03,7.713562617378223393e-04,1.385039655266464805e-03,3.582142152628398166e-04,1.651722802697427189e-03,6.428091674340013334e-05,1.088207709257705625e-03,4.335609970709601005e-05,1.114441149561978773e-03,-5.436050430569461754e-05,1.096572260450591951e-03,1.379377293894127232e-04,1.000000000000000000e+00,1.000000000000000000e+00,0.000000000000000000e+00,0.000000000000000000e+00,0.000000000000000000e+00,0.000000000000000000e+00,0.000000000000000000e+00,0.000000000000000000e+00,0.000000000000000000e+00,1.000000000000000000e+00
1.225000000000051514e+01,-8.505723146862098627e-02,-1.524030533261511167e-02,6.726492965528459850e-03,-2.465205342093795479e-02,1.458178719584818893e-02,-6.589537566394538387e-03,3.245498372605891413e-02,1.867025942419906978e-02,5.180809309128940610e-02,1.169669576710910888e-02,9.319632825749823990e-02,-1.819450105650231506e-02,8.497526431948312919e-02,-4.233742038767707161e-02,5.908071490863691516e-02,-6.328334734451994403e-02,2.473253906005846645e-02,-5.721099652265139446e-02,-8.960690950112388826e-04,-4.017563674245512584e-02,-1.613331608394509434e-03,-2.416500238543596232e-02,-1.935764329229181305e-02,1.088196821829705025e-03,5.610057630652669246e-05,8.736864220690847231e-07,-2.882382517107707576e-06,1.906732897951595633e-03,2.610136722312815342e-04,2.562218972053138290e-03,-5.038425172514172674e-04,1.992739474810167194e-03,6.369962423432074840e-04,1.813276740523217783e-03,4.550296488878168748e-04,1.544370255006994458e-03,3.476792242659658134e-04,1.173963733568951983e-03,1.856485239139575821e-04,1.097357019040667023e-03,4.792352838696600526e-05,1.109572378956508610e-03,-2.346562657369916132e-05,1.000000000000000000e+00,1.000000000000000000e+00,0.000000000000000000e+00,0.000000000000000000e+00,0.000000000000000000e+00,0.000000000000000000e+00,0.000000000000000000e+00,0.000000000000000000e+00,0.000000000000000000e+00,1.000000000000000000e+00
1.250000000000055422e+01,-7.952705203559573555e-02,-1.509661348465352049e-02,6.827774292733857983e-03,-2.465605116886574605e-02,1.460329884193071505e-02,-7.747931394588961768e-03,3.244802752030052917e-02,1.923895609478601040e-02,5.224797409508084856e-02,1.290419653191922714e-02,9.194163270963789936e-02,-1.713200483874750477e-02,8.540990710912650663e-02,-4.127822313176239544e-02,5.981499366820457880e-02,-6.279702748376221610e-02,2.525389272918411240e-02,-5.710297503869823238e-02,-6.652647647389006149e-04,-4.015508225319039393e-02,-1.653642385567002677e-03,-2.415989369705345141e-02,-1.939813231641940305e-02,1.119960514363851131e-03,2.657369322005275635e-05,-6.218601283856643966e-06,2.438472688089119022e-05,1.351764260856014180e-03,3.988883793471152098e-04,1.885548809477765111e-03,-1.202474147905951843e-03,2.235193141855105255e-03,9.451755458120290399e-05,2.414128224760653425e-03,6.589153449154005375e-04,1.539592486365343833e-03,5.030680657021344496e-04,1.250175318349490937e-03,2.605259755627825245e-04,1.120393642842400965e-03,-1.381325046812239272e-05,1.127278426400207898e-03,-5.629326780665713803e-05,1.000000000000000000e+00,1.000000000000000000e+00,0.000000000000000000e+00,0.000000000000000000e+00,0.000000000000000000e+00,0.000000000000000000e+00,0.000000000000000000e+00,0.000000000000000000e+00,0.000000000000000000e+00,1.000000000000000000e+00
1.275000000000059330e+01,-7.394982596198240721e-02,-1.497018979615938328e-02,6.979142227524308233e-03,-2.466129034375460355e-02,1.458929737788247985e-02,-8.904699354824947496e-03,3.238644673400829094e-02,1.934272405444003098e-02,5.276655421159761467e-02,1.333217334799121148e-02,9.001034637298337138e-02,-1.586857655673660356e-02,8.518757508187942140e-02,-3.975600585140833670e-02,6.076768341867445911e-02,-6.214637395782928592e-02,2.593699190836604510e-02,-5.686553708290924269e-02,-1.977675188844877643e-04,-4.014559960383647791e-02,-1.698062029646396631e-03,-2.415232480823199107e-02,-1.945286550663813743e-02,1.099455308975211786e-03,7.401322574897208337e-06,4.317335848395892783e-06,-1.634351801019655166e-05,1.201286586614873624e-03,3.686025440558677864e-04,1.289523828836942974e-03,-1.410142673797943735e-03,2.411207978531515646e-03,-3.103448079225808827e-04,2.679159967602479878e-03,7.578762403979786427e-04,1.907327425091737095e-03,6.450560629799275596e-04,1.409334555564661917e-03,3.514536067720283987e-04,1.092235860505005353e-03,-2.164703582902244877e-05,1.114975049369456477e-03,4.283736352373546341e-05,1.000000000000000000e+00,1.000000000000000000e+00,0.000000000000000000e+00,0.000000000000000000e+00,0.000000000000000000e+00,0.000000000000000000e+00,0.000000000000000000e+00,0.000000000000000000e+00,0.000000000000000000e+00,1.000000000000000000e+00
1.300000000000063238e+01,-6.846254879152935402e-02,-1.485605692092617502e-02,7.133087880921925444e-03,-2.466624617485410273e-02,1.455342920407257969e-02,-1.004638533351973409e-02,3.234716421330176284e-02,1.955219796026377507e-02,5.300796593780354726e-02,1.385790208207300818e-02,8.847841667855022019e-02,-1.446902711420801520e-02,8.456329646228215313e-02,-3.819396639450869241e-02,6.198266516291905948e-02,-6.124550504535770240e-02,2.686432467176104108e-02,-5.654618173389348162e-02,3.845842046560108232e-04,-4.014809972467912186e-02,-1.734826642567386095e-03,-2.414477919212520973e-02,-1.949739887583494188e-02,1.091275496302132261e-03,-5.398009615713705037e-05,3.511147663673266398e-07,-1.267675080516235638e-06,1.362120121620590636e-03,-1.159359994113274695e-05,1.618922234193275952e-03,-1.143017699852371012e-03,2.475103350294678879e-03,-5.471024620994941346e-04,2.478505039338396894e-03,1.089384197572478008e-03,1.899767717541386890e-03,7.593101156912064175e-04,1.479474821160870358e-03,4.704624974800933031e-04,1.117106237160240970e-03,-1.573604175181981198e-05,1.098645017454953805e-03,-2.619316726708189046e-05,1.000000000000000000e+00,1.000000000000000000e+00,0.000000000000000000e+00,0.000000000000000000e+00,0.000000000000000000e+00,0.000000000000000000e+00,0.000000000000000000e+00,0.000000000000000000e+00,0.000000000000000000e+00,1.000000000000000000e+00
1.325000000000067146e+01,-6.289915555956182569e-02,-1.470273760946527730e-02,7.421102703941325103e-03,-2.467475103688598209e-02,1.443895441189446682e-02,-1.121181227419029008e-02,3.233765790467246770e-02,1.979455547575834085e-02,5.271525225632456291e-02,1.455301628810932828e-02,8.726708049119945299e-02,-1.300065157906723015e-02,8.370851104325197078e-02,-3.754123369793144899e-02,6.411229725616764130e-02,-6.159546610039718512e-02,2.782215048376211752e-02,-5.740025331746333864e-02,1.111353090773839112e-04,-4.032252501105776377e-02,-2.074107509523686645e-03,-2.413159075745185608e-02,-1.952419400189500318e-02,1.088580453058122285e-03,4.002148784963549397e-05,-5.261036693838680481e-06,2.246319787487072281e-05,1.395396989869145555e-03,-1.811662471075237537e-04,1.984349898926910175e-03,-5.479656551480820278e-04,2.394678268606624267e-03,-9.715289255688317415e-05,1.151902548693677520e-03,1.628533203063375510e-03,4.724838594809189943e-04,7.473873426159160713e-04,-1.568530131840486716e-04,-3.569267327677710260e-04,8.715958569613371440e-04,-1.801041799416251265e-04,1.131155421297207414e-03,5.383177187056461605e-05,1.000000000000000000e+00,1.000000000000000000e+00,0.000000000000000000e+00,0.000000000000000000e+00,0.000000000000000000e+00,0.000000000000000000e+00,0.000000000000000000e+00,0.000000000000000000e+00,0.000000000000000000e+00,1.000000000000000000e+00
1.350000000000071054e+01,-5.748130428895303901e-02,-1.451150933998057724e-02,7.956612353943902025e-03,-2.469323722257607545e-02,1.439969986692941038e-02,-1.235001089387628530e-02,3.233400074163320786e-02,2.024570716969579381e-02,5.218487983788815815e-02,1.544468392332039482e-02,8.609932505755596432e-02,-1.171993792120411618e-02,8.509678707787952934e-02,-3.771833774863524863e-02,6.612135704893995491e-02,-6.200271394271984760e-02,2.868680634778118799e-02,-5.826541410753062478e-02,-3.654148302860581090e-04,-4.042023701963608218e-02,-2.208837709565814045e-03,-2.410638633331710357e-02,-1.964231606102521607e-02,1.046085530923109713e-03,-5.986960108309655074e-05,1.988978074544499517e-05,-7.968734562971707821e-05,1.650655067845462759e-03,-5.205911426104127809e-04,1.860113400980695957e-03,-1.067634634753512803e-03,2.412381104044112635e-03,9.155680541171719658e-04,8.402544166952362814e-04,1.309271458408652923e-03,8.973771965621572680e-04,5.177456017684347895e-04,6.515838731634807134e-04,-2.866309241735673298e-04,1.083354862103913996e-03,-1.092949656622502167e-05,1.085192276624092787e-03,-4.447773476250623084e-05,1.000000000000000000e+00,1.000000000000000000e+00,0.000000000000000000e+00,0.000000000000000000e+00,0.000000000000000000e+00,0.000000000000000000e+00,0.000000000000000000e+00,0.000000000000000000e+00,0.000000000000000000e+00,1.000000000000000000e+00
1.375000000000074962e+01,-5.226848588548527186e-02,-1.429644088957449100e-02,8.497392344196800715e-03,-2.470757488883169178e-02,1.414496369723510644e-02,-1.342046113396918455e-02,3.219291270791624360e-02,2.114403971351520514e-02,5.121979510781995287e-02,1.645645026222647758e-02,8.427585113762643687e-02,-1.065571090260996473e-02,8.568002810787456180e-02,-3.781284836256277454e-02,6.772003062166180587e-02,-6.224305574630635551e-02,2.910926576009041644e-02,-5.871405665283527253e-02,-1.048431769268769837e-03,-4.042570993820714803e-02,-2.622195643886117075e-03,-2.407985457929998074e-02,-1.977022891928791049e-02,1.007833413333072709e-03,-1.746490143559796494e-04,3.916605323481387298e-05,-1.496396569459092338e-04,2.191476694969187594e-03,-7.091825524215409531e-04,1.898734341349903000e-03,-1.381642228241601166e-03,2.085494172403621563e-03,2.028095232264786934e-04,1.091302308692859626e-03,9.638076497515395830e-04,9.076463624138810405e-04,1.476391543577678875e-04,6.342870060868642827e-04,-4.975906184445690050e-04,8.785035060319198053e-04,-3.829727464464468271e-05,1.074235166010629929e-03,-1.833080996315770235e-04,1.000000000000000000e+00,1.000000000000000000e+00,0.000000000000000000e+00,0.000000000000000000e+00,0.000000000000000000e+00,0.000000000000000000e+00,0.000000000000000000e+00,0.000000000000000000e+00,0.000000000000000000e+00,1.000000000000000000e+00
1.400000000000078870e+01,-4.726566023589851007e-02,-1.404681984150935037e-02,9.363962814433466827e-03,-2.472951146786618246e-02,1.372566955520700474e-02,-1.445497157753353364e-02,3.208503878759242506e-02,2.194909653504393404e-02,5.012930355472622335e-02,1.702100026911975220e-02,8.289286117503760765e-02,-9.723134378156934182e-03,8.557147358219335809e-02,-3.756045337623201835e-02,6.887574786989481002e-02,-6.220217251776009176e-02,2.887336523198527280e-02,-5.871268333733631328e-02,-1.693484967060479313e-03,-4.041689747878493555e-02,-2.582291660815546393e-03,-2.403978953968742560e-02,-1.983987860355554064e-02,9.592181956330633145e-04,-3.305016661152860571e-04,2.568332339951342657e-06,-8.194759270509059746e-06,1.509476679935153583e-03,-6.657741610456513687e-04,1.583035438268935030e-03,-8.975829128289404329e-04,1.571627874326109913e-03,2.494811721257087791e-04,1.375254753835197189e-03,8.085929776282767397e-04,1.116434748174669487e-03,-3.784166175326019485e-04,1.311190129481492423e-03,-3.700875291450553641e-04,1.156287446642424634e-03,1.844086723495817716e-04,1.009201207296968154e-03,1.791130812067621037e-04,1.000000000000000000e+00,1.000000000000000000e+00,0.000000000000000000e+00,0.000000000000000000e+00,0.000000000000000000e+00,0.000000000000000000e+00,0.000000000000000000e+00,0.000000000000000000e+00,0.000000000000000000e+00,1.000000000000000000e+00
1.425000000000082778e+01,-4.244650008686801090e-02,-1.376833238403185611e-02,1.018699113417458058e-02,-2.475080441498860029e-02,1.342132791262958327e-02,-1.545640573693711321e-02,3.199504123928399724e-02,2.243821818276316854e-02,4.911468494615976732e-02,1.741025939574385867e-02,8.140952327466896565e-02,-8.904378123471000037e-03,8.588724480771316172e-02,-3.695259182196575926e-02,6.978067492202914834e-02,-6.199960807310057886e-02,2.804139875241868501e-02,-5.824788572569537110e-02,-1.992995879278714952e-03,-4.051163477234481780e-02,-2.454889689944561582e-03,-2.400519905172502841e-02,-1.980271173155763800e-02,9.241150630996137344e-04,-8.599259319592189349e-05,2.454815523270368119e-06,-9.058723395817057757e-06,1.408673945267551776e-03,-7.688840641955328476e-04,1.173800812129666702e-03,-1.092451367953678953e-03,1.894343032698458896e-03,4.215105597375435546e-05,1.656623683480105925e-03,6.228962267575524668e-04,1.174726825873285843e-03,-6.577463748470100541e-04,6.885912032514198257e-04,5.844098123914352998e-04,7.816938783258391144e-04,-1.417324650441984261e-04,9.801222067613931006e-04,7.675590368740350629e-05,1.000000000000000000e+00,1.000000000000000000e+00,0.000000000000000000e+00,0.000000000000000000e+00,0.000000000000000000e+00,0.000000000000000000e+00,0.000000000000000000e+00,0.000000000000000000e+00,0.000000000000000000e+00,1.000000000000000000e+00
1.450000000000086686e+01,-3.780890128871983169e-02,-1.347592943968600743e-02,1.098046476023140094e-02,-2.477224044236019801e-02,1.320051657523900641e-02,-1.642913960385341057e-02,3.194682280618674208e-02,2.309742833442778726e-02,4.751026027183691269e-02,1.794815254209026698e-02,7.994358538387097424e-02,-7.869537297200435502e-03,8.555974555831198647e-02,-3.667036516777151534e-02,7.079942554918654263e-02,-6.194310196007384722e-02,2.745293652140304991e-02,-5.823262741390607816e-02,-2.085421594456016159e-03,-4.051510698641282160e-02,-2.642737763119407113e-03,-2.397149045457786648e-02,-1.975141889451279345e-02,8.937149271106894230e-04,-1.233999902550372060e-04,-2.120546420007059875e-05,7.820198537397271695e-05,1.620756571375205502e-03,-1.350435109824855680e-03,1.575343855957670944e-03,-9.386459870212289589e-04,1.931680291373505691e-03,-3.185061527413014077e-04,5.502961124037521363e-04,1.182600041318099347e-03,7.562105693090745992e-04,8.531457842809520627e-05,7.688599995296694191e-04,-5.091718335902735166e-04,1.085727233717690473e-03,-4.929280220565376749e-05,9.415599818611619437e-04,1.133794732293895533e-04,1.000000000000000000e+00,1.000000000000000000e+00,0.000000000000000000e+00,0.000000000000000000e+00,0.000000000000000000e+00,0.000000000000000000e+00,0.000000000000000000e+00,0.000000000000000000e+00,0.000000000000000000e+00,1.000000000000000000e+00
1.475000000000090594e+01,-3.327760615405250810e-02,-1.318433393409956800e-02,1.167448458031662868e-02,-2.479313090109222170e-02,1.310521602353836162e-02,-1.736163832366123885e-02,3.180851357091821902e-02,2.386891033891433075e-02,4.535193931095853753e-02,1.863421706839646017e-02,7.834252682338764540e-02,-6.763508244235285315e-03,8.534574566430586096e-02,-3.717615173973340403e-02,7.194464668815052366e-02,-6.198078174454788036e-02,2.761891748437131019e-02,-5.815373663852637515e-02,-2.591417385654616254e-03,-4.046383891189693494e-02,-2.876550846763871114e-03,-2.394190015306875419e-02,-1.972050824113958864e-02,8.685288613522968099e-04,5.748579520527323473e-06,1.890035494400929614e-06,-6.907448800184837118e-06,1.613272373133156981e-03,-1.622604955005685790e-03,1.506424598658167658e-03,-1.282899003594435185e-03,2.009613976047646289e-03,-1.141549849693852337e-04,4.789203726465175140e-04,6.128876427138206431e-04,1.019755809040064770e-03,2.004499340151071778e-04,1.159190233827908038e-03,-1.632486339130495275e-04,1.037160306326106920e-03,-5.466037942342587351e-05,9.167369764237961191e-04,6.290193797087838951e-05,1.000000000000000000e+00,1.000000000000000000e+00,0.000000000000000000e+00,0.000000000000000000e+00,0.000000000000000000e+00,0.000000000000000000e+00,0.000000000000000000e+00,0.000000000000000000e+00,0.000000000000000000e+00,1.000000000000000000e+00
1.500000000000094502e+01,-2.880251743127981712e-02,-1.284382419811880283e-02,1.250933219819067195e-02,-2.481917938849502459e-02,1.302965774602821668e-02,-1.829154168450220636e-02,3.170222862881624110e-02,2.407324830591116294e-02,4.391764214373446856e-02,1.911433285025386855e-02,7.657253522915605237e-02,-5.664086147339208142e-03,8.495251868086670100e-02,-3.740369668251306012e-02,7.263854923175376566e-02,-6.176396882072939659e-02,2.778237363138758020e-02,-5.798256003924086299e-02,-2.672622145207433682e-03,-4.042606259274979935e-02,-3.078344062964662349e-03,-2.390204201865923916e-02,-1.983933099441608644e-02,8.664676548333615771e-04,1.165661552822442045e-05,2.712753834795131983e-06,-9.589934697243941516e-06,4.147031148022528179e-04,-3.727405985368246267e-08,1.326195436776949309e-03,-6.676163982710544816e-04,1.662718722110110734e-03,-2.276634291776685748e-04,9.180164760634130974e-04,4.819232452711934246e-04,1.221848151895456921e-03,1.374758866274453117e-04,1.148009128416216645e-03,1.059392470542112798e-04,8.703135694186554024e-04,5.462329302402828520e-06,9.410910060332422847e-04,-5.973473340296018284e-05,1.000000000000000000e+00,1.000000000000000000e+00,1.000000000000000000e+00,0.000000000000000000e+00,0.000000000000000000e+00,0.000000000000000000e+00,0.000000000000000000e+00,0.000000000000000000e+00,0.000000000000000000e+00,1.000000000000000000e+00
1.525000000000098410e+01,-2.441959559610173969e-02,-1.247452515527092132e-02,1.331861644527790149e-02,-2.484295375479318377e-02,1.290677489576748729e-02,-1.921091884346042694e-02,3.162082733478880497e-02,2.374738132552580913e-02,4.384226320651829489e-02,1.970215594849805338e-02,7.624786525769483569e-02,-5.313310390323728108e-03,8.502997986458808721e-02,-3.721569974871570541e-02,7.329067514413935280e-02,-6.157994064852131966e-02,2.780573762243295291e-02,-5.791659089656885084e-02,-2.521165147396642325e-03,-4.046946830247442201e-02,-3.064983781261483749e-03,-2.388901423899122620e-02,-1.974159731485150213e-02,8.475298324056197707e-04,1.054356003745840145e-05,-1.772981127065348896e-05,4.738492106434046518e-05,6.175191824607594677e-04,7.699886752822719010e-05,1.613216082515787821e-03,-7.402718334607646792e-05,1.169631003146639169e-03,3.707423132613137215e-04,1.158306263946303188e-03,5.927583489008048188e-04,9.535884773573148144e-04,1.776913032376861040e-04,6.615973013988343723e-04,2.359199527641908276e-04,7.499344476581562644e-04,1.621823387886056763e-04,8.076835660718688619e-04,1.454139272948460509e-04,1.000000000000000000e+00,1.000000000000000000e+00,1.000000000000000000e+00,0.000000000000000000e+00,0.000000000000000000e+00,0.000000000000000000e+00,0.000000000000000000e+00,0.000000000000000000e+00,0.000000000000000000e+00,1.000000000000000000e+00
1.550000000000102318e+01,-2.024085771290495828e-02,-1.211170047784837500e-02,1.372020848209763548e-02,-2.485323121359096082e-02,1.279286167768974372e-02,-2.011340743763398095e-02,3.163634344036615753e-02,2.357347015856413319e-02,4.393147894070532217e-02,2.058987881597459588e-02,7.599703606982970150e-02,-4.863546837056050183e-03,8.559685342456854751e-02,-3.686343651936716675e-02,7.413283034196625765e-02,-6.158291240901062752e-02,2.808026661313245409e-02,-5.815785543484926906e-02,-2.135420237833936859e-03,-4.055437058507269793e-02,-2.907891729022183888e-03,-2.400832935621758854e-02,-1.957472353950902647e-02,8.036549466855626243e-04,-1.700689166084711298e-05,-4.504223829753812848e-05,1.237733319597842416e-04,6.646521395712975044e-04,2.108826885305188864e-04,1.502407533021484897e-03,-9.683622355041734638e-05,1.413183702208822921e-03,5.266963950902947902e-04,1.214827557936523509e-03,6.292709241957984744e-04,7.718996662685854862e-04,4.158830848491694952e-04,5.585146829734261584e-04,5.115118932552177068e-04,7.009882988118048804e-04,2.407154952642343428e-04,6.819027796325833907e-04,2.238139418018225983e-04,1.000000000000000000e+00,0.000000000000000000e+00,1.000000000000000000e+00,0.000000000000000000e+00,0.000000000000000000e+00,0.000000000000000000e+00,0.000000000000000000e+00,0.000000000000000000e+00,0.000000000000000000e+00,0.000000000000000000e+00
