2.500000000000001110e-01,-3.093850668804686954e+00,-3.140749913899584911e+00,-3.265386005872936259e+00,-3.417198244691449283e+00,-3.540852433870136373e+00,-3.587153679326335887e+00,-3.539808695433038999e+00,-3.417789642647805604e+00,-3.265384011945748455e+00,-3.140770199334887103e+00
5.000000000000003331e-01,-3.088392666244240470e+00,-3.134380435251642893e+00,-3.262177441952104129e+00,-3.412312102243258760e+00,-3.537125195717841564e+00,-3.580380313231753764e+00,-3.532547768947711386e+00,-3.414489809019713995e+00,-3.262700728100751402e+00,-3.134581578447821038e+00
7.500000000000005551e-01,-3.081681417052917205e+00,-3.125813909382681555e+00,-3.256390287408889694e+00,-3.404552742819475508e+00,-3.531761953942902821e+00,-3.570778678642168913e+00,-3.522755769976194440e+00,-3.409791599133964457e+00,-3.257457687194581730e+00,-3.126545006318707465e+00
1.000000000000000666e+00,-3.074425645068949997e+00,-3.116023062913543029e+00,-3.248643027806596084e+00,-3.394200234120693160e+00,-3.524739407442222028e+00,-3.559027442487316950e+00,-3.511063543433657674e+00,-3.403747406183246227e+00,-3.249734178266927120e+00,-3.117747750777571270e+00
1.249999999999995337e+00,-3.066726735880599630e+00,-3.105448795329378342e+00,-3.238516290141645104e+00,-3.382248200427421025e+00,-3.519666451012963382e+00,-3.545333194653019326e+00,-3.497325141783448998e+00,-3.395242851671397055e+00,-3.240076451426799231e+00,-3.107564642249927456e+00
1.499999999999990008e+00,-3.057598392246168473e+00,-3.093861834483552897e+00,-3.226089048653782321e+00,-3.368926387007195267e+00,-3.514850871731005189e+00,-3.529690283918047733e+00,-3.481357116212327796e+00,-3.384726451076189413e+00,-3.229149243575352823e+00,-3.095947316285932338e+00
1.749999999999984679e+00,-3.046572600188085733e+00,-3.079696370445647702e+00,-3.206696410484040971e+00,-3.355011445121400815e+00,-3.505274133311699458e+00,-3.515457547366044100e+00,-3.465885147564891966e+00,-3.372190835076722681e+00,-3.217176656371633303e+00,-3.082316363568168960e+00
1.999999999999979350e+00,-3.031996807051288823e+00,-3.062878022847692616e+00,-3.188079062675150066e+00,-3.339297288824696341e+00,-3.492229775561270788e+00,-3.501102254659723467e+00,-3.449583865875497590e+00,-3.357799016780743440e+00,-3.202718046564226650e+00,-3.065608445815360739e+00
2.249999999999974243e+00,-3.013208428639554626e+00,-3.043933982802905724e+00,-3.169847022285270821e+00,-3.320322263983781497e+00,-3.479885556020721360e+00,-3.486566897885775784e+00,-3.433530203196796915e+00,-3.341150137655799490e+00,-3.186711362016598770e+00,-3.045230207958655733e+00
2.499999999999968914e+00,-2.990242713901893001e+00,-3.022574959698432373e+00,-3.148438987679329504e+00,-3.302142996095656535e+00,-3.468139129586045311e+00,-3.470761728149462044e+00,-3.418029359805101031e+00,-3.322926502102410140e+00,-3.168714778459510661e+00,-3.022846782523566755e+00
2.749999999999963585e+00,-2.964885025224242909e+00,-2.998430456458887505e+00,-3.126039728251440053e+00,-3.282287001051754416e+00,-3.459358284226760283e+00,-3.453724947403916001e+00,-3.400828605245421521e+00,-3.302693276358671604e+00,-3.147043608580484264e+00,-2.999053592754919340e+00
2.999999999999958256e+00,-2.938368070485360306e+00,-2.971199394334429034e+00,-3.106938435117402086e+00,-3.261364781504588528e+00,-3.447190662891375101e+00,-3.435507409224974662e+00,-3.381575969419543970e+00,-3.279873030423637204e+00,-3.121771848090698853e+00,-2.973544393412513198e+00
3.249999999999952927e+00,-2.910903367144868081e+00,-2.941865543785421089e+00,-3.088293381612944533e+00,-3.242105356694490403e+00,-3.432150952556212609e+00,-3.415201880429552084e+00,-3.360987205803942945e+00,-3.254588676145503179e+00,-3.092741721956009382e+00,-2.946094006493219730e+00
3.499999999999947597e+00,-2.881153577512213459e+00,-2.912121928480294830e+00,-3.066199811926843655e+00,-3.223929178338967194e+00,-3.415687752382672304e+00,-3.394652939211354692e+00,-3.339367527101286814e+00,-3.227125807914661859e+00,-3.060618061394343670e+00,-2.918547503688934786e+00
3.749999999999942268e+00,-2.847924143366091343e+00,-2.884498478884328421e+00,-3.041192178575910177e+00,-3.195684203234240073e+00,-3.404152500490345901e+00,-3.378522272588671438e+00,-3.316841861192885155e+00,-3.197841327355047003e+00,-3.031077978745779333e+00,-2.889722934482597427e+00
3.999999999999936939e+00,-2.811036506913305644e+00,-2.857918114004093013e+00,-3.013819462874937294e+00,-3.172280080352472886e+00,-3.387330377394053738e+00,-3.362468231895800574e+00,-3.293393727260032655e+00,-3.167169866962808999e+00,-3.006849203363575640e+00,-2.860053181359047958e+00
4.249999999999931610e+00,-2.771535456687348908e+00,-2.832654128830504270e+00,-2.981497314287901101e+00,-3.147712327533463306e+00,-3.363863483482651073e+00,-3.347363580861903554e+00,-3.269372159974908598e+00,-3.139863440730711108e+00,-2.978933506648000940e+00,-2.831152387201278486e+00
4.499999999999926281e+00,-2.730900665094318391e+00,-2.807288673328375950e+00,-2.951858624752318416e+00,-3.122621437925081622e+00,-3.338947512714195653e+00,-3.329849952366570776e+00,-3.245773834147398507e+00,-3.113427720938509502e+00,-2.947332367521348306e+00,-2.800019954525569066e+00
4.749999999999920952e+00,-2.687364769060389680e+00,-2.780550819439024046e+00,-2.920758584788561318e+00,-3.096787802114650212e+00,-3.312192971936114727e+00,-3.309911433622852783e+00,-3.221293571170617653e+00,-3.083711429153274786e+00,-2.913173722121782383e+00,-2.765449350552500629e+00
4.999999999999915623e+00,-2.642671527160660006e+00,-2.754424000031924891e+00,-2.887608744211397571e+00,-3.069535529301694599e+00,-3.283340400603130149e+00,-3.287567222127890876e+00,-3.197766182583968497e+00,-3.050089826897162570e+00,-2.877900422386016288e+00,-2.728027906718534457e+00
5.249999999999910294e+00,-2.594503046241231292e+00,-2.726160387796396023e+00,-2.852852578579470055e+00,-3.042258525858429152e+00,-3.255953091021506651e+00,-3.263849768765075154e+00,-3.173866974070036040e+00,-3.018691105171058542e+00,-2.842165956428553297e+00,-2.688883160715875409e+00
5.499999999999904965e+00,-2.543526891159784142e+00,-2.695041129468897623e+00,-2.816463277585990355e+00,-3.014844618278125221e+00,-3.226253038608953627e+00,-3.238947206915027355e+00,-3.148166361492087617e+00,-2.987496421007703518e+00,-2.801692071743523638e+00,-2.646855892562979484e+00
5.749999999999899636e+00,-2.492962671751134174e+00,-2.660950069409057317e+00,-2.782072178485615943e+00,-2.984371984822515866e+00,-3.194224131680613255e+00,-3.213111533498694161e+00,-3.123019674085605324e+00,-2.954404131542526457e+00,-2.758368175935685507e+00,-2.602256181813542124e+00
5.999999999999894307e+00,-2.443533113480153673e+00,-2.620837851473796221e+00,-2.747042733862448127e+00,-2.950988658290928601e+00,-3.159736268368397827e+00,-3.185321468080948737e+00,-3.096677343532136195e+00,-2.919281262130080101e+00,-2.714933863702002625e+00,-2.555680158528206292e+00
6.249999999999888978e+00,-2.395714959863597393e+00,-2.581779720487364926e+00,-2.710938554607613682e+00,-2.918792940105871203e+00,-3.125726677808621012e+00,-3.156027493268236395e+00,-3.068157634592391325e+00,-2.882086828891790908e+00,-2.669990597989349013e+00,-2.504691866794542143e+00
6.499999999999883649e+00,-2.346728029587915820e+00,-2.547379318900103939e+00,-2.674398570459079583e+00,-2.890095327420235449e+00,-3.092359853074575060e+00,-3.122532731688011154e+00,-3.038883932703260182e+00,-2.843459274558131966e+00,-2.622934270846465132e+00,-2.451678782807349855e+00
6.749999999999878320e+00,-2.302958616834854144e+00,-2.507705239667782138e+00,-2.639409275577374814e+00,-2.856937082336848288e+00,-3.059723611536536048e+00,-3.089861866783327748e+00,-3.004940612449280124e+00,-2.802637007106936640e+00,-2.574799229777393172e+00,-2.395781609038149629e+00
6.999999999999872990e+00,-2.260324720179913260e+00,-2.465507960801580190e+00,-2.604122926212335543e+00,-2.821758503317863820e+00,-3.025902747641386892e+00,-3.057293959692281238e+00,-2.966352084263335520e+00,-2.762635485522300094e+00,-2.527615315637331328e+00,-2.337946440018950689e+00
7.249999999999867661e+00,-2.217483570819715588e+00,-2.421690361895818988e+00,-2.568981715977151747e+00,-2.786366975587041939e+00,-2.991605384797505263e+00,-3.024119440686587890e+00,-2.924829230964557603e+00,-2.717397554148978323e+00,-2.482919937080337647e+00,-2.282888135897046755e+00
7.499999999999862332e+00,-2.171656322989229171e+00,-2.377922754527492799e+00,-2.532276544301453658e+00,-2.749058461316958191e+00,-2.953688911122229754e+00,-2.989474553032329673e+00,-2.883370997624431276e+00,-2.671308953813917419e+00,-2.436326938814868281e+00,-2.232369378224355660e+00
7.749999999999857003e+00,-2.124021851334574329e+00,-2.333706899300272752e+00,-2.495947236384055579e+00,-2.710462128753793998e+00,-2.914516111037269042e+00,-2.953222569612205639e+00,-2.840318682052529908e+00,-2.625705429313929251e+00,-2.390147064527753606e+00,-2.185295560145734228e+00
7.999999999999851674e+00,-2.075755103181203598e+00,-2.290047253926114301e+00,-2.462204210715218444e+00,-2.669620248247999594e+00,-2.875812387802672898e+00,-2.915736578743413077e+00,-2.795127342807397497e+00,-2.579158490336564746e+00,-2.343127227842511928e+00,-2.137685914930670172e+00
8.249999999999889866e+00,-2.024484584831952816e+00,-2.246227093156394794e+00,-2.427557084980336732e+00,-2.629318192653142816e+00,-2.835041645394965393e+00,-2.875561872122568197e+00,-2.747704303263752923e+00,-2.532060656588323688e+00,-2.297686148425975183e+00,-2.087908331941556561e+00
8.499999999999928946e+00,-1.970409494163910535e+00,-2.199917462467348095e+00,-2.393704458308580030e+00,-2.588549211608994760e+00,-2.794577091680012337e+00,-2.833647101355721176e+00,-2.697910444782720241e+00,-2.484147716990876553e+00,-2.252385009066018462e+00,-2.036691153098585616e+00
8.749999999999968026e+00,-1.916136447790544262e+00,-2.153070865531057532e+00,-2.359179995659983486e+00,-2.550366573302726536e+00,-2.753520142060073006e+00,-2.791308453090832753e+00,-2.646575897584176218e+00,-2.435502963750197036e+00,-2.202619103663507438e+00,-1.986789544961574228e+00
9.000000000000007105e+00,-1.866991861016261911e+00,-2.104103259812997173e+00,-2.319119925955509753e+00,-2.512025010409283610e+00,-2.709588224264313006e+00,-2.749161906468838623e+00,-2.595378525299663508e+00,-2.384807601679070466e+00,-2.151083725295967142e+00,-1.937242232974666800e+00
9.250000000000046185e+00,-1.822385043268931915e+00,-2.054168754173115286e+00,-2.273039578638590630e+00,-2.471409047426702088e+00,-2.661429678415287992e+00,-2.704304868468963008e+00,-2.541737848065372951e+00,-2.331873791487572234e+00,-2.098862865170476155e+00,-1.886694809021391084e+00
9.500000000000085265e+00,-1.779929154723776330e+00,-2.000998736750336349e+00,-2.223853352836112407e+00,-2.431162747503737620e+00,-2.609812539239446672e+00,-2.656342457543445335e+00,-2.488850333153031613e+00,-2.276690848596489403e+00,-2.046750600621316973e+00,-1.835463816120211478e+00
9.750000000000124345e+00,-1.737193091578979276e+00,-1.947034951179936968e+00,-2.174352783689987856e+00,-2.389163573528207518e+00,-2.556688186808609764e+00,-2.605096190011995105e+00,-2.438783672123235213e+00,-2.220437466987208452e+00,-1.992676242474302750e+00,-1.784221078901053525e+00
1.000000000000016342e+01,-1.692181252493268229e+00,-1.894430741433175580e+00,-2.123498764626048807e+00,-2.348435324006446390e+00,-2.503117672972734464e+00,-2.550832419572789611e+00,-2.389761056324479771e+00,-2.163967020051865919e+00,-1.935692171292481500e+00,-1.731562666703729381e+00
1.025000000000020250e+01,-1.645726009600172013e+00,-1.842242826720576820e+00,-2.073738525718476389e+00,-2.301777707513800397e+00,-2.450506526177944178e+00,-2.498229214183918856e+00,-2.339649481438721423e+00,-2.106066097455022934e+00,-1.877605354740874644e+00,-1.677053717344002770e+00
1.050000000000024158e+01,-1.597239761465450325e+00,-1.792570487543637903e+00,-2.024853887141258024e+00,-2.254896499785835395e+00,-2.399849564871372021e+00,-2.447167527552449151e+00,-2.284189087024287357e+00,-2.047985418593326834e+00,-1.819638910317668890e+00,-1.619098847901344396e+00
1.075000000000028066e+01,-1.572304804743634765e+00,-1.745539155148889021e+00,-1.974804420783229375e+00,-2.207139993368440578e+00,-2.352242109747114007e+00,-2.396804417867266501e+00,-2.226852414401277791e+00,-1.989574175146990198e+00,-1.762654643623253525e+00,-1.573105449275727263e+00
1.100000000000031974e+01,-1.572371914036619245e+00,-1.713201936041508944e+00,-1.928722833015512395e+00,-2.154425792460399336e+00,-2.306705805396082276e+00,-2.344885889402938961e+00,-2.168766139107268121e+00,-1.933326134655608097e+00,-1.714846755811540779e+00,-1.572409588251907131e+00
1.125000000000035882e+01,-1.572385592227910411e+00,-1.693412684980878158e+00,-1.888344785926358682e+00,-2.102474995636978594e+00,-2.265611079190905652e+00,-2.293568500982263725e+00,-2.108681233709499558e+00,-1.878046663210648504e+00,-1.670674821759746909e+00,-1.572406145020018631e+00
1.150000000000039790e+01,-1.573162454207307714e+00,-1.679328793941871290e+00,-1.854859763353784663e+00,-2.055974075348321772e+00,-2.231134560055241689e+00,-2.242039905158940361e+00,-2.052506684538534021e+00,-1.825549160897064205e+00,-1.635438558507877671e+00,-1.572445905428427437e+00
1.175000000000043698e+01,-1.573623905815794366e+00,-1.664678042644886391e+00,-1.833877948517009582e+00,-2.015756576264506883e+00,-2.196831222688022223e+00,-2.188685429137984695e+00,-2.001211642365906762e+00,-1.780943194440344213e+00,-1.598995509620757538e+00,-1.572444958496804990e+00
1.200000000000047606e+01,-1.573758954012897338e+00,-1.647800852401912319e+00,-1.819629370333791796e+00,-1.984686977205153857e+00,-2.157988207544870640e+00,-2.135592666971327880e+00,-1.955425672934486769e+00,-1.744009328114190849e+00,-1.572970975742918665e+00,-1.572445720259705304e+00
1.225000000000051514e+01,-1.573712260452135414e+00,-1.630570579850092017e+00,-1.803596454011086481e+00,-1.956838756944374147e+00,-2.118573866181817422e+00,-2.088786214310616174e+00,-1.909967426687119607e+00,-1.708477211798023143e+00,-1.572965598465495329e+00,-1.572445716166396057e+00
1.250000000000055422e+01,-1.573699694241894154e+00,-1.613950537930490814e+00,-1.788846945177172909e+00,-1.924491860480429972e+00,-2.082530217468989697e+00,-2.043549217839784937e+00,-1.862899027921210093e+00,-1.681016873882140272e+00,-1.572965034622418212e+00,-1.572445549093878459e+00
1.275000000000059330e+01,-1.577400496980495337e+00,-1.598193183953176000e+00,-1.774017505576896303e+00,-1.896504099329829662e+00,-2.050943888489408007e+00,-2.000442016576595705e+00,-1.825775834337726611e+00,-1.672040268194234569e+00,-1.572965515201028452e+00,-1.572445830473071737e+00
1.300000000000063238e+01,-1.583174109053940626e+00,-1.584724491519621026e+00,-1.752802421552647427e+00,-1.876557889884402419e+00,-2.016198868980794146e+00,-1.956450968313943939e+00,-1.788211423875200934e+00,-1.671373618289070162e+00,-1.572965727524524571e+00,-1.572445824611350407e+00
1.325000000000067146e+01,-1.583613158039870239e+00,-1.575997040324118803e+00,-1.732417678567535368e+00,-1.858067982134239848e+00,-1.979017500121185158e+00,-1.911483070348027002e+00,-1.765908351836536605e+00,-1.674800668182666596e+00,-1.572971308498923193e+00,-1.572445416463077006e+00
1.350000000000071054e+01,-1.582236396608659668e+00,-1.572995655310673424e+00,-1.725980938856904734e+00,-1.843998808108215925e+00,-1.936005626072282881e+00,-1.871574918536485166e+00,-1.761194806396912282e+00,-1.683028795082482709e+00,-1.572971919330977020e+00,-1.572446127266510452e+00
1.375000000000074962e+01,-1.581714477400564700e+00,-1.573054523530153403e+00,-1.742804111308458914e+00,-1.831468446405407402e+00,-1.892118909517874092e+00,-1.831570422381528340e+00,-1.763010680227376614e+00,-1.690678016845980958e+00,-1.572972064448697971e+00,-1.572445792599646897e+00
1.400000000000078870e+01,-1.579084811443452363e+00,-1.573054559182675671e+00,-1.753058337352854767e+00,-1.823531983875795515e+00,-1.849509073358192257e+00,-1.791508754790390956e+00,-1.769487413915259433e+00,-1.693341010708629968e+00,-1.572971997900566521e+00,-1.572445703378898330e+00
1.425000000000082778e+01,-1.573479373380235025e+00,-1.573054554732417287e+00,-1.766089948250747277e+00,-1.815029761633317751e+00,-1.808377751033110936e+00,-1.755233516794106663e+00,-1.780300949579104675e+00,-1.692141903486396703e+00,-1.572972062993573505e+00,-1.572446039617348301e+00
1.450000000000086686e+01,-1.573032294979762380e+00,-1.574166804440182421e+00,-1.781783138441620951e+00,-1.807797725206988115e+00,-1.774602116129319729e+00,-1.723560096199637792e+00,-1.796128859909885467e+00,-1.687710206398907120e+00,-1.572972215062482082e+00,-1.572445785313461020e+00
1.475000000000090594e+01,-1.574239840057770845e+00,-1.578991692375812939e+00,-1.797569363617605775e+00,-1.796293710414619493e+00,-1.758180479595470525e+00,-1.703354009207215247e+00,-1.816124534140516555e+00,-1.684573493992616022e+00,-1.572972198029019442e+00,-1.572439679135179791e+00
1.500000000000094502e+01,-1.573103523135406245e+00,-1.587537180368594036e+00,-1.800441219225218603e+00,-1.806569775345179041e+00,-1.764646509674639319e+00,-1.711215849444865933e+00,-1.836702393282475088e+00,-1.687897925489611817e+00,-1.572972224220107851e+00,-1.572442906276655616e+00
1.525000000000098410e+01,-1.575008143754185852e+00,-1.594063508304039090e+00,-1.801569502601747974e+00,-1.825166667650912178e+00,-1.768813920205528412e+00,-1.718529691871968135e+00,-1.844636040281746325e+00,-1.694984269402406651e+00,-1.572972224304932443e+00,-1.572442902282332966e+00
1.550000000000102318e+01,-1.577056819860511272e+00,-1.593429363745428429e+00,-1.801517383730953936e+00,-1.841068711331598662e+00,-1.775277254240083868e+00,-1.731030235235094361e+00,-1.843889381090606738e+00,-1.704712354965248533e+00,-1.572972224189326695e+00,-1.572442916959992498e+00
1.575000000000106226e+01,-1.577387022854811249e+00,-1.590385016545242003e+00,-1.797894450232065067e+00,-1.850486031803880715e+00,-1.787636600383257335e+00,-1.742867283787184363e+00,-1.835066196419951057e+00,-1.716768340620610900e+00,-1.572972226814429053e+00,-1.572442915851939294e+00
1.600000000000110134e+01,-1.573026709768035492e+00,-1.584563868686404309e+00,-1.793623043409039219e+00,-1.853381029277445524e+00,-1.799736545860324721e+00,-1.750672360317841569e+00,-1.820688497779585635e+00,-1.724181736369984730e+00,-1.572972220834970791e+00,-1.572442916150628367e+00
1.625000000000105160e+01,-1.576242965916105909e+00,-1.578577587378691138e+00,-1.790199670905644469e+00,-1.852522088929072108e+00,-1.806037815455845630e+00,-1.757630804456914220e+00,-1.802891100387441714e+00,-1.731106040765278520e+00,-1.572972207019521562e+00,-1.572442913669222175e+00
1.650000000000100187e+01,-1.584972408086370965e+00,-1.573034407747073704e+00,-1.786272110495361387e+00,-1.853503852704197596e+00,-1.806837710850212497e+00,-1.764846841452685222e+00,-1.781563233816065184e+00,-1.738471388409959628e+00,-1.572972210211261768e+00,-1.572442913565336386e+00
1.675000000000095213e+01,-1.592848158660959967e+00,-1.573034051310604031e+00,-1.780265897724796487e+00,-1.854530944483984367e+00,-1.798575062773233979e+00,-1.771363941403808040e+00,-1.768320119800118162e+00,-1.741667412645638624e+00,-1.572972308149139131e+00,-1.572442912654539171e+00
1.700000000000090239e+01,-1.599729489515647529e+00,-1.573034040881335471e+00,-1.775380907682115650e+00,-1.850472588275788421e+00,-1.786108465153877667e+00,-1.779579663608337858e+00,-1.765061872930289155e+00,-1.738063217720435150e+00,-1.572972287072734510e+00,-1.572442912556779593e+00
1.725000000000085265e+01,-1.605310361847807510e+00,-1.573033889711770161e+00,-1.768559916515801245e+00,-1.843199060823419888e+00,-1.778100057411564405e+00,-1.785199264683351439e+00,-1.767094501425683584e+00,-1.729720315825999277e+00,-1.572972162843598642e+00,-1.572442723093076644e+00
1.750000000000080291e+01,-1.608746719514717594e+00,-1.573033856886029369e+00,-1.757207399779848300e+00,-1.839281265499641993e+00,-1.773494890780543010e+00,-1.792077630121979626e+00,-1.778106956046243248e+00,-1.720573760309146438e+00,-1.576047506877684690e+00,-1.572442338138939633e+00
1.775000000000075318e+01,-1.615818175230988807e+00,-1.573033837573459603e+00,-1.741986304633874605e+00,-1.835729879664152131e+00,-1.765403647717886271e+00,-1.804916815812623199e+00,-1.793883997991839951e+00,-1.713059879169775535e+00,-1.583756920434953308e+00,-1.572442877715647391e+00
1.800000000000070344e+01,-1.623158319420139772e+00,-1.573034035340125758e+00,-1.724038203536036207e+00,-1.830839760685244899e+00,-1.757191558145116295e+00,-1.817391068124413422e+00,-1.805537218596767746e+00,-1.705031770662833068e+00,-1.591645130429681920e+00,-1.572442872031605265e+00
1.825000000000065370e+01,-1.622277892339580863e+00,-1.573033907418124322e+00,-1.704190556928864009e+00,-1.824225435702600873e+00,-1.757374258236279241e+00,-1.819141636893441882e+00,-1.820465900146773786e+00,-1.694059092473296335e+00,-1.588133166703637578e+00,-1.572442876792712774e+00
1.850000000000060396e+01,-1.615819374941135145e+00,-1.573033922900137327e+00,-1.681705654447197551e+00,-1.816437793785230959e+00,-1.757437433678670224e+00,-1.814248185428971372e+00,-1.837082098211050507e+00,-1.685160035428167058e+00,-1.576117919747944462e+00,-1.572442906402915508e+00
1.875000000000055422e+01,-1.609076850897166455e+00,-1.573033939530252834e+00,-1.660159585625858192e+00,-1.806489885202729129e+00,-1.754442976654446484e+00,-1.812733324197154605e+00,-1.848018510586214580e+00,-1.678757727270517863e+00,-1.572823768632692687e+00,-1.572442908531501704e+00
1.900000000000050449e+01,-1.607368069917626485e+00,-1.573033900750613778e+00,-1.639871826728667603e+00,-1.797501193127183372e+00,-1.747618478591180136e+00,-1.816943380251573981e+00,-1.856227318230564416e+00,-1.670010681075787762e+00,-1.575334364385089447e+00,-1.572442911545239408e+00
1.925000000000045475e+01,-1.605247484446547190e+00,-1.573033901254579536e+00,-1.615896390129396565e+00,-1.788704491844287370e+00,-1.739750179667435726e+00,-1.825876696042823433e+00,-1.855508980372037930e+00,-1.657189852248653672e+00,-1.582050848803837617e+00,-1.572442950908928161e+00
1.950000000000040501e+01,-1.601974522863156114e+00,-1.573034101092067427e+00,-1.589588226151109840e+00,-1.772156671934600025e+00,-1.735597013251527487e+00,-1.833013565435086312e+00,-1.853525614536087662e+00,-1.655755670405872459e+00,-1.586549727017110278e+00,-1.572442740750969126e+00
1.975000000000035527e+01,-1.602914819894327714e+00,-1.573033862100535973e+00,-1.572968564040839290e+00,-1.753898161835301783e+00,-1.736790089712886509e+00,-1.843371216054820128e+00,-1.851730196457363364e+00,-1.659321142755932676e+00,-1.590446344322663741e+00,-1.572442884305965460e+00
2.000000000000030553e+01,-1.608058551924742563e+00,-1.573034495598783167e+00,-1.574923280366496758e+00,-1.742891521653776143e+00,-1.741220465151852803e+00,-1.860058189586633270e+00,-1.854020051348803211e+00,-1.661087732577720244e+00,-1.588711535955630527e+00,-1.572442689828215112e+00
2.025000000000025580e+01,-1.612242179759291183e+00,-1.573244135977604152e+00,-1.573047374435213808e+00,-1.740942886768539255e+00,-1.750618906692721133e+00,-1.873996206776231022e+00,-1.861489104312444631e+00,-1.663456266983406540e+00,-1.582315733024977522e+00,-1.572442816816244537e+00
2.050000000000020606e+01,-1.613327259032086847e+00,-1.573039266157764793e+00,-1.574006295892120821e+00,-1.746142859730260399e+00,-1.758993707623012659e+00,-1.885925608255713870e+00,-1.871832636648326886e+00,-1.667749740262018721e+00,-1.576710877664309063e+00,-1.572457810175449833e+00
2.075000000000015632e+01,-1.613207609103765705e+00,-1.573039275087869893e+00,-1.573817916543593043e+00,-1.749855401607936400e+00,-1.762570807263053041e+00,-1.894657640601680626e+00,-1.881462315333530144e+00,-1.672993780941876896e+00,-1.576630590444928259e+00,-1.572522395438208598e+00
2.100000000000010658e+01,-1.617975692000185095e+00,-1.573039293715808640e+00,-1.573956693602553525e+00,-1.751653960487081552e+00,-1.764163211902298078e+00,-1.899474437114727410e+00,-1.889049898678164530e+00,-1.676259335466862010e+00,-1.579990502487838899e+00,-1.572522298137361219e+00
2.125000000000005684e+01,-1.619032847349398452e+00,-1.573686039820976212e+00,-1.574459270835323110e+00,-1.751184946517080787e+00,-1.765203279221868815e+00,-1.901164875567011414e+00,-1.899803893897739515e+00,-1.681016690336154973e+00,-1.584664965238090417e+00,-1.572522350532921553e+00
2.150000000000000711e+01,-1.618032511041060939e+00,-1.572990823040892217e+00,-1.574147139381885552e+00,-1.748002005312218943e+00,-1.764973035817999136e+00,-1.899096070388847091e+00,-1.907068274722201195e+00,-1.690858348548890611e+00,-1.591708175524107372e+00,-1.572522368767773404e+00
2.174999999999995737e+01,-1.618378335512823174e+00,-1.575134960719948296e+00,-1.572953201731381867e+00,-1.743089219311155347e+00,-1.764193727073359197e+00,-1.893215152012483804e+00,-1.915326425332195770e+00,-1.699750838267603648e+00,-1.601534137797232749e+00,-1.572522172506054527e+00
2.199999999999990763e+01,-1.620062803074032054e+00,-1.575876928820407752e+00,-1.572953379751812264e+00,-1.737923917274162289e+00,-1.762740191917353760e+00,-1.891832963130383405e+00,-1.925438408627395015e+00,-1.705651252458290301e+00,-1.610685718065264727e+00,-1.572522140524866163e+00
2.224999999999985789e+01,-1.616663479303807716e+00,-1.572988052330397846e+00,-1.572953143271200727e+00,-1.735519834525843796e+00,-1.760307499658787522e+00,-1.900198819990414734e+00,-1.931476032067337645e+00,-1.712538837493027266e+00,-1.616302924901632743e+00,-1.572522142894134500e+00
2.249999999999980815e+01,-1.608817209692342765e+00,-1.572988011814584031e+00,-1.572968273888729396e+00,-1.735080015998644365e+00,-1.761302344167170242e+00,-1.912836370387387186e+00,-1.933741819467116763e+00,-1.719082514184026023e+00,-1.622219871604135832e+00,-1.572522206603354178e+00
2.274999999999975842e+01,-1.598129172514214158e+00,-1.573803022848414113e+00,-1.573294084823551486e+00,-1.730938430954385820e+00,-1.765847062651295429e+00,-1.927491963184444934e+00,-1.933379809298288565e+00,-1.725487947060042382e+00,-1.633887155313273443e+00,-1.572522243192173264e+00
2.299999999999970868e+01,-1.598378418067460505e+00,-1.573270222871078428e+00,-1.571408640204297491e+00,-1.722534931873543229e+00,-1.767605927701242807e+00,-1.946538695666042207e+00,-1.930104623685528598e+00,-1.732367147390049933e+00,-1.650537855277673938e+00,-1.572522327361186356e+00
2.324999999999965894e+01,-1.602560745663063724e+00,-1.573034889556071736e+00,-1.564605688850740250e+00,-1.711556867254357961e+00,-1.766102030685929414e+00,-1.969228432850799626e+00,-1.929847098143567807e+00,-1.739176262870683942e+00,-1.671776821870396779e+00,-1.572522317419029925e+00
2.349999999999960920e+01,-1.611089995027173316e+00,-1.573034889719215013e+00,-1.553268925757355312e+00,-1.698744571868229913e+00,-1.768962985427865453e+00,-1.988069114856435560e+00,-1.933187786278837805e+00,-1.746267668562778264e+00,-1.696808578026577363e+00,-1.572522317709405648e+00
2.374999999999955946e+01,-1.618833881919095941e+00,-1.573048657055159616e+00,-1.542564899440634019e+00,-1.683079094262465381e+00,-1.785075288367115265e+00,-1.992933868289144428e+00,-1.940044097810979640e+00,-1.753690794568517397e+00,-1.721418912269563561e+00,-1.572524167480678248e+00
2.399999999999950973e+01,-1.620031357641795733e+00,-1.571237322263950187e+00,-1.532081397212480933e+00,-1.665258823544037758e+00,-1.801803469468651331e+00,-1.996962293380974973e+00,-1.948855743814815300e+00,-1.760923729353381706e+00,-1.742899145542423422e+00,-1.572524161434795342e+00
2.424999999999945999e+01,-1.617134175949341390e+00,-1.567249309367036325e+00,-1.522997915499166854e+00,-1.644842767840548170e+00,-1.815751151950893982e+00,-2.002229445065682789e+00,-1.954980804460069610e+00,-1.766100896996638747e+00,-1.764516566485835991e+00,-1.572524161475615578e+00
2.449999999999941025e+01,-1.616525386453181223e+00,-1.559517765968388758e+00,-1.516705598883240302e+00,-1.633423983166962135e+00,-1.826289077433767005e+00,-2.010032398540277931e+00,-1.956927163789901281e+00,-1.768912458418673950e+00,-1.785477787013410644e+00,-1.572524157529858524e+00
2.474999999999936051e+01,-1.614486654168498347e+00,-1.546340987177206028e+00,-1.507901210746842580e+00,-1.617001798783422206e+00,-1.829998563420384583e+00,-2.019079223922749744e+00,-1.956963392580787220e+00,-1.771567488377484789e+00,-1.802952274287418888e+00,-1.576949172887383455e+00
2.499999999999931077e+01,-1.602496087866035257e+00,-1.529903788409461729e+00,-1.496502989098932535e+00,-1.590449898386875116e+00,-1.826986263037795100e+00,-2.034864173841723023e+00,-1.978776263622811671e+00,-1.780213614433005631e+00,-1.815534792574624134e+00,-1.595630001770115935e+00
2.524999999999926104e+01,-1.594181441148600165e+00,-1.501575918722117375e+00,-1.474622375197687241e+00,-1.576718162303213155e+00,-1.815451669647815125e+00,-2.041531103305106676e+00,-2.008148398830853498e+00,-1.806524612838964705e+00,-1.827747918452197418e+00,-1.613229448636818386e+00
2.549999999999921130e+01,-1.575472388412919145e+00,-1.457290442092529670e+00,-1.448141976955201304e+00,-1.573297302616350812e+00,-1.812591187438668205e+00,-2.041429352316581181e+00,-2.036815426024445319e+00,-1.831303521721371563e+00,-1.833955476759179026e+00,-1.629329512807605074e+00
2.574999999999916156e+01,-1.541768653474782091e+00,-1.407163142641691511e+00,-1.413598219207543583e+00,-1.571509946938814739e+00,-1.810431160031690689e+00,-2.041330848676887300e+00,-2.041273092625898844e+00,-1.845844679808981592e+00,-1.843122459851571193e+00,-1.638525079974591181e+00
2.599999999999911182e+01,-1.511459120897244102e+00,-1.359582564962221518e+00,-1.380304351755560877e+00,-1.566477604745797336e+00,-1.805107511046083912e+00,-2.036849070167015441e+00,-2.035217946224106456e+00,-1.851416494523719258e+00,-1.845366691790128799e+00,-1.642677400234990648e+00
2.624999999999906208e+01,-1.477834922850303823e+00,-1.316309182560132740e+00,-1.343711286270639960e+00,-1.559444059976500263e+00,-1.798827563355515524e+00,-2.030313517279262570e+00,-2.032701445071658064e+00,-1.849460874050972814e+00,-1.839951375915223064e+00,-1.646844916857235219e+00
2.649999999999901235e+01,-1.441836063636855680e+00,-1.270024225025998099e+00,-1.315585663702662167e+00,-1.549684204091819950e+00,-1.789484444215436953e+00,-2.024865712572093912e+00,-2.025587268690335563e+00,-1.848747459108544433e+00,-1.829455073457864511e+00,-1.641130509615137179e+00
2.674999999999896261e+01,-1.408436259950127667e+00,-1.220815461066518726e+00,-1.302229936827652423e+00,-1.535111269744370954e+00,-1.774082496355980476e+00,-2.012359542963063852e+00,-2.022823109188868873e+00,-1.842872809843135062e+00,-1.816927328080880200e+00,-1.626566243885260832e+00
2.699999999999891287e+01,-1.374991568157354127e+00,-1.169749053413137396e+00,-1.286930086076174096e+00,-1.517903195057732635e+00,-1.757392643390806697e+00,-1.994435090001311472e+00,-2.017940446337927796e+00,-1.833437756972905675e+00,-1.802897356078484892e+00,-1.608863789372862563e+00
2.724999999999886313e+01,-1.338133877013241602e+00,-1.140645102951125089e+00,-1.267457933843044948e+00,-1.500189931280200284e+00,-1.739211325839595146e+00,-1.974611150681719662e+00,-2.010478328427466543e+00,-1.823381020894449422e+00,-1.782456236820240791e+00,-1.572916266250034223e+00
2.749999999999881339e+01,-1.296329034159656945e+00,-1.139111998328212305e+00,-1.248761999756609509e+00,-1.479796839801164943e+00,-1.718126566488429319e+00,-1.950808597418689949e+00,-1.999525840671670718e+00,-1.813941192325541740e+00,-1.739806605007541584e+00,-1.527726812592666850e+00
2.774999999999876366e+01,-1.257268973584739769e+00,-1.119739769403583107e+00,-1.238104216609224206e+00,-1.458160347565359949e+00,-1.694879830580877877e+00,-1.926642599923591215e+00,-1.988879488933390949e+00,-1.803023719491131160e+00,-1.693982523841859322e+00,-1.483634376185289927e+00
2.799999999999871392e+01,-1.217798726651650565e+00,-1.092317699963552435e+00,-1.226377685899599168e+00,-1.436271090026682629e+00,-1.670069896803181075e+00,-1.903146235346221626e+00,-1.979688356782435932e+00,-1.789280699166341249e+00,-1.656451635740880945e+00,-1.438135792302898786e+00
2.824999999999866418e+01,-1.176821908683111317e+00,-1.062667952692933238e+00,-1.210525675587039274e+00,-1.415923947901534419e+00,-1.643704101838162179e+00,-1.875648945948781732e+00,-1.966407687721092090e+00,-1.772294678047108274e+00,-1.619637865855444225e+00,-1.391590601138200434e+00
2.849999999999861444e+01,-1.134670238882251159e+00,-1.037940602209860508e+00,-1.192334122380942940e+00,-1.394315619484375990e+00,-1.614832740514126730e+00,-1.845352859324682404e+00,-1.948319678391378096e+00,-1.751741480247559712e+00,-1.580463385013187949e+00,-1.346489580117990137e+00
2.874999999999856470e+01,-1.091965569551758719e+00,-1.016942287887341756e+00,-1.169617449413509203e+00,-1.369433757660688311e+00,-1.584306350811049757e+00,-1.812777501085190535e+00,-1.926258445607091030e+00,-1.726982779523699829e+00,-1.538482890253847657e+00,-1.300202455771575671e+00
2.899999999999851497e+01,-1.045948588869062057e+00,-9.948570631471853609e-01,-1.142449973719377621e+00,-1.341137444676354651e+00,-1.552032269487417349e+00,-1.778504334405539566e+00,-1.899213150168847841e+00,-1.699188226636659582e+00,-1.490367672555358070e+00,-1.253878213757594118e+00
2.924999999999846523e+01,-9.980723744577120193e-01,-9.709329016026266856e-01,-1.111970669252710486e+00,-1.310272846672137614e+00,-1.518248217342763606e+00,-1.742305398339830447e+00,-1.863676977331745421e+00,-1.673224077956102729e+00,-1.442924875854399769e+00,-1.206903636677311376e+00
2.949999999999841549e+01,-9.483016785405942173e-01,-9.487316970674872785e-01,-1.080553353447667675e+00,-1.279769347678639591e+00,-1.482680977638896724e+00,-1.704900168091056267e+00,-1.819917412575451809e+00,-1.634720980415720781e+00,-1.402333355344666632e+00,-1.163575921612120201e+00
2.974999999999836575e+01,-9.080931320514573635e-01,-9.306305605983138385e-01,-1.048572429584174959e+00,-1.246456199620054495e+00,-1.445229233920287459e+00,-1.667855028275217810e+00,-1.761882838745329583e+00,-1.591599793252981510e+00,-1.359168231599164667e+00,-1.122566354660864185e+00
2.999999999999831601e+01,-8.688952214741441082e-01,-9.075139104592477857e-01,-1.016302832212197416e+00,-1.208259712832577382e+00,-1.405843739549359039e+00,-1.626924478816792252e+00,-1.699769205098441871e+00,-1.548877525499844587e+00,-1.314850252452392620e+00,-1.080386197934007253e+00
3.024999999999826628e+01,-8.338215998617006797e-01,-8.838153764158684922e-01,-9.833572876537806096e-01,-1.166218022835384449e+00,-1.367118537322131733e+00,-1.579622440023847663e+00,-1.644303310271642005e+00,-1.501650459798162807e+00,-1.270006454608319846e+00,-1.038480314499962365e+00
3.049999999999821654e+01,-8.009989682383515941e-01,-8.622560349823444881e-01,-9.500531799124676269e-01,-1.121905566324807868e+00,-1.324332295782447932e+00,-1.530153744885155209e+00,-1.588088352155640592e+00,-1.446641220997242350e+00,-1.228482090177392738e+00,-9.948360286985815648e-01
3.074999999999816680e+01,-7.742069882371480638e-01,-8.427082520272048960e-01,-9.145843996855647084e-01,-1.077631971056184579e+00,-1.278084206225049702e+00,-1.479826617564104829e+00,-1.534308860809144637e+00,-1.390121945724816843e+00,-1.188628551729757010e+00,-9.511606671180836692e-01
3.099999999999811706e+01,-7.469796977955960315e-01,-8.192537265400003932e-01,-8.782812178007763926e-01,-1.034801048045375094e+00,-1.229237167246800766e+00,-1.427147289677044295e+00,-1.486665696052644758e+00,-1.332886987135405654e+00,-1.143093658089690212e+00,-9.135523744521725220e-01
3.124999999999806732e+01,-7.191070520262154986e-01,-7.905074379141847629e-01,-8.446039043177959726e-01,-9.978576515586325968e-01,-1.177316263933263940e+00,-1.373250991244341357e+00,-1.439972320491975211e+00,-1.272670297490244185e+00,-1.095029795058148903e+00,-8.742507279893483307e-01
3.149999999999801759e+01,-6.937186246707978121e-01,-7.575227974292708666e-01,-8.165173965025931402e-01,-9.614076620903069248e-01,-1.123812889277229665e+00,-1.319303963705161564e+00,-1.394915492249802824e+00,-1.216572169629221545e+00,-1.047117888351034143e+00,-8.301116022220451640e-01
3.174999999999796785e+01,-6.651369547986609732e-01,-7.252460444242547766e-01,-7.952409930427459805e-01,-9.187424772795775851e-01,-1.072836335384419915e+00,-1.266284690995779894e+00,-1.350587398191228861e+00,-1.163200199226231746e+00,-1.000295483594070944e+00,-7.823334665903032281e-01
3.199999999999791811e+01,-6.345027586650315854e-01,-6.895616421503358850e-01,-7.749727084740252181e-01,-8.706290621686072484e-01,-1.023119422567239756e+00,-1.212044586547396108e+00,-1.301225001544791926e+00,-1.110699959947757165e+00,-9.537617376348435094e-01,-7.341723516549691908e-01
3.224999999999804601e+01,-6.025164738123254260e-01,-6.511931725501844959e-01,-7.490305590693600024e-01,-8.228746988073081248e-01,-9.704483836318793522e-01,-1.159252500368535443e+00,-1.246437884324742118e+00,-1.055047112963970690e+00,-9.073526503044404556e-01,-6.892526160069789576e-01
3.249999999999817391e+01,-5.663761943020260148e-01,-6.104553309723663723e-01,-7.185161913044044724e-01,-7.739612274939569048e-01,-9.147308744340643116e-01,-1.107976294818330931e+00,-1.186018188643102267e+00,-9.977435747290175350e-01,-8.637179745037606438e-01,-6.436857446006465366e-01
3.274999999999830180e+01,-5.240153618711675954e-01,-5.688541947697824952e-01,-6.858416398954649829e-01,-7.301728178674005143e-01,-8.568660265864624925e-01,-1.054991626595139120e+00,-1.123512249000642615e+00,-9.405409828124744465e-01,-8.161959624654526735e-01,-5.954099191714372630e-01
3.299999999999842970e+01,-4.772325369964627306e-01,-5.260605440897272445e-01,-6.553304936181096885e-01,-6.847587271960096089e-01,-7.958772869820784912e-01,-1.000602634671514668e+00,-1.059762585977614968e+00,-8.834205300256052773e-01,-7.705119682447270080e-01,-5.450284330921313369e-01
3.324999999999855760e+01,-4.322681416381479735e-01,-4.815123740163018695e-01,-6.302827935728112507e-01,-6.351625996421161879e-01,-7.313553861094233000e-01,-9.374917802884183970e-01,-9.957729640910581992e-01,-8.339185406190052774e-01,-7.294471335748435870e-01,-4.975047051545917753e-01
3.349999999999868550e+01,-3.899126467066658108e-01,-4.407983535438408929e-01,-6.025228278505156965e-01,-5.817180628941049925e-01,-6.643002263651793804e-01,-8.745176328623540662e-01,-9.322861496301553252e-01,-7.931274534706416190e-01,-6.797240682839267301e-01,-4.582418884919112756e-01
3.374999999999881339e+01,-3.493516790169861608e-01,-3.969684527912331617e-01,-5.669693875725134724e-01,-5.269907201205543679e-01,-6.075142104532189613e-01,-8.117809158534377012e-01,-8.723743252255315994e-01,-7.574806398031292964e-01,-6.279066738734337960e-01,-4.166593679417736062e-01
3.399999999999894129e+01,-3.097923988142499141e-01,-3.501761634531153078e-01,-5.208777246497153790e-01,-4.764867434621895548e-01,-5.557540809040273366e-01,-7.517186010355136894e-01,-8.182148028658304817e-01,-7.203641262548590163e-01,-5.848582908326322993e-01,-3.681775999125553867e-01
3.424999999999906919e+01,-2.683556515717673285e-01,-3.012824408177703361e-01,-4.748492354851898689e-01,-4.221579023649058016e-01,-5.055309050568714824e-01,-6.909114519570951352e-01,-7.631952371331935936e-01,-6.777437380864514971e-01,-5.488194562639270302e-01,-3.165172883572209273e-01
3.449999999999919709e+01,-2.235245246313084522e-01,-2.559210481631586376e-01,-4.289344169282736097e-01,-3.653140704231456759e-01,-4.531361905263158185e-01,-6.289030737417995454e-01,-7.036709786671724309e-01,-6.360841736295688165e-01,-5.055459571135578756e-01,-2.699575661125170889e-01
3.474999999999932498e+01,-1.715192149366915331e-01,-2.098445190824809181e-01,-3.812471595558868387e-01,-3.132900215721989845e-01,-4.036491979762777405e-01,-5.675139299994325093e-01,-6.458022498132458544e-01,-6.007323526025580840e-01,-4.530371815507709954e-01,-2.284562355655257448e-01
3.499999999999945288e+01,-1.151059377891274771e-01,-1.663347817328522105e-01,-3.345993849315305191e-01,-2.621588488688706420e-01,-3.534044296036671362e-01,-5.032578125385533951e-01,-5.894466564073388426e-01,-5.710357281167581789e-01,-4.032416570217702834e-01,-1.834284186791839133e-01
3.524999999999958078e+01,-5.570272803452835930e-02,-1.238389635313263959e-01,-2.830796751545157086e-01,-2.087414368074735904e-01,-3.010111008274494182e-01,-4.382567753723356496e-01,-5.312185886752489594e-01,-5.425098396626957253e-01,-3.600515543629789761e-01,-1.350986435456738022e-01
3.549999999999970868e+01,7.983980077020724764e-03,-7.862782535412016216e-02,-2.346644620377804635e-01,-1.541737154635240969e-01,-2.437546535673975612e-01,-3.743021915265574151e-01,-4.726658136002748201e-01,-5.051017984106409564e-01,-3.226967486304550548e-01,-8.664749549976402676e-02
3.574999999999983658e+01,7.484821645325778761e-02,-3.032690603338927815e-02,-1.866088675925765550e-01,-1.017275112503290835e-01,-1.872622007452755533e-01,-3.086146561925104947e-01,-4.187826603729813968e-01,-4.600390899060764482e-01,-2.776289290592361958e-01,-4.704178587618423890e-02
3.599999999999996447e+01,1.341702847791652609e-01,2.015108885052097065e-02,-1.371049126330521339e-01,-4.838104003341836545e-02,-1.314840614611170189e-01,-2.392430735095909533e-01,-3.706014758722093738e-01,-4.137724253029322341e-01,-2.292570448111694859e-01,-7.272393962964418535e-03
3.625000000000009237e+01,1.848279136147827906e-01,6.804337765764056911e-02,-8.508946871481537499e-02,6.143140102485844523e-03,-7.441529348847142344e-02,-1.738472244389352994e-01,-3.255799380541111177e-01,-3.715538153930246779e-01,-1.809366051878948944e-01,3.603330024672946053e-02
3.650000000000022027e+01,2.378537515500958044e-01,1.151582991650208498e-01,-2.970025383131069674e-02,6.320614903251087213e-02,-1.825345210094297954e-02,-1.141571406469634731e-01,-2.793577377614693269e-01,-3.221722436025680203e-01,-1.351359149596245146e-01,7.734281332551296018e-02
