2.500000000000001110e-01,1.738303397279366766e-02,1.960816527870260992e-02,7.890790864388978754e-03,1.453421978215050682e-02,1.105102756411585792e-02,1.899873606427870260e-02,2.132132579229898198e-02,8.879604314530690698e-03,7.875184422483917993e-03,1.944670850754062069e-02
5.000000000000003331e-01,2.504815937368281772e-02,3.047606896028863185e-02,1.926282159108075320e-02,2.463343776632923726e-02,1.849471650578687204e-02,3.389473936072642801e-02,3.509034922804577655e-02,1.689630708402680564e-02,1.492856445651539500e-02,2.981100806030934774e-02
7.500000000000005551e-01,2.837955625212199018e-02,3.746386601661982202e-02,2.610753549860845429e-02,3.718684561029759333e-02,2.465526509622301479e-02,4.282543836708335716e-02,4.309476165028865158e-02,2.089907309058924509e-02,2.690697976818747644e-02,3.328023022842273998e-02
1.000000000000000666e+00,2.972689487429701696e-02,4.085742029769435374e-02,3.632838507048168769e-02,4.494616861478215042e-02,3.222241624050857511e-02,5.045845290374174202e-02,5.022032066949186357e-02,2.933714439270109983e-02,3.523525317260001177e-02,3.827044709344813028e-02
1.249999999999995337e+00,3.321617549935632768e-02,4.344338904711116112e-02,4.482301890844965497e-02,5.058423496193324015e-02,9.632406925334301845e-03,5.928468129149672833e-02,5.977585844305173535e-02,3.757486015736779400e-02,4.158898805186762859e-02,4.300467392334333949e-02
1.499999999999990008e+00,3.966900342023704090e-02,5.051020196566701620e-02,5.689766377063752018e-02,5.601456076924315325e-02,2.934306304923035152e-02,6.523065233100908134e-02,6.743564295606736814e-02,4.718413542688865148e-02,4.627828816569207887e-02,5.074658491029008373e-02
1.749999999999984679e+00,5.088806194479020967e-02,6.269179342957374723e-02,8.089334693672819987e-02,5.772974988017930131e-02,4.600157243648462374e-02,5.509843547044263046e-02,6.275657893115210717e-02,5.277300252972312589e-02,5.266900721375288030e-02,5.978336397314362033e-02
1.999999999999979350e+00,6.434466829003521182e-02,7.208648947890436420e-02,7.401647019350586498e-02,7.259021560876822987e-02,5.838460623506564612e-02,5.671672398234318957e-02,6.692414573551028201e-02,6.243986826233782761e-02,6.292306524690823022e-02,7.485021093877861076e-02
2.249999999999974243e+00,8.503910012698939758e-02,8.026820727358804919e-02,7.525211161600099674e-02,7.291325430443591771e-02,4.064080262432904350e-02,6.014154649357016796e-02,6.119466488582417374e-02,7.107090910742848433e-02,6.615885469400385743e-02,8.696713091372400284e-02
2.499999999999968914e+00,9.825291192112740879e-02,9.084616581484877829e-02,9.365078820267815074e-02,7.388759792896015810e-02,4.277680199361895419e-02,6.795110375331255004e-02,6.461666889873779462e-02,7.550836971018339006e-02,7.932906016732789445e-02,9.252161087600516143e-02
2.749999999999963585e+00,1.043365869207151103e-01,1.027733702681399852e-01,8.507953588390698707e-02,8.294368192375060900e-02,3.847944743820367469e-02,6.923941296702584847e-02,7.266299947947686688e-02,8.621180870743708202e-02,9.448513964903626494e-02,9.841682955043168368e-02
2.999999999999958256e+00,1.078094353631769420e-01,1.150996502033500013e-01,6.589622916211079762e-02,8.505122887714938740e-02,5.727241338124189340e-02,7.699807056654121851e-02,8.020981241042500487e-02,9.647553236541892008e-02,1.080510881408656143e-01,1.080788126545159933e-01
3.249999999999952927e+00,1.133897567883281055e-01,1.229509588917189478e-01,8.247452617730073599e-02,7.065881244860899857e-02,6.250277174732400687e-02,8.335230390666829858e-02,8.456205063310209824e-02,1.060023322854753564e-01,1.240126581916221743e-01,1.098297153101871620e-01
3.499999999999947597e+00,1.254957449496416078e-01,1.160474959034483167e-01,9.494915929006984834e-02,1.101208456992806145e-01,5.724391365516138391e-02,6.276561588911466760e-02,8.607061265991269861e-02,1.137779657472956646e-01,1.323626076768566473e-01,1.121114943782711565e-01
3.749999999999942268e+00,1.408261271715644802e-01,1.069755364751182602e-01,1.034978955675963652e-01,1.051422200709467986e-01,4.122443099035714986e-02,7.176953482186573807e-02,9.235645925864920114e-02,1.190216046029365371e-01,1.049882994644567580e-01,1.197782157039960355e-01
3.999999999999936939e+00,1.539395470829429402e-01,1.043917148316951538e-01,1.211732023965931271e-01,8.104539639668081885e-02,8.980067444793575493e-02,5.534980413445056424e-02,9.723121394443003107e-02,1.248997892410072114e-01,9.521763309363563688e-02,1.138019374995888067e-01
4.249999999999931610e+00,1.605220788524944209e-01,9.734253573483089839e-02,1.148169103513345946e-01,9.829618032305161013e-02,9.779744515854803255e-02,6.474053821979604273e-02,8.948457939811903239e-02,1.038958466049551138e-01,1.210500049714037657e-01,1.184720194728715176e-01
4.499999999999926281e+00,1.649515179190051140e-01,1.057500138049222577e-01,1.242363486623560553e-01,1.028889640918625586e-01,1.025425710475559027e-01,7.510099339872441937e-02,9.764431393556143035e-02,1.044871950695606538e-01,1.317866944018778463e-01,1.319018433765625498e-01
4.749999999999920952e+00,1.743960666694134853e-01,1.069756547209282926e-01,1.303285290597790413e-01,1.055871400154610451e-01,1.117877899234694244e-01,8.649470308296895726e-02,9.243619408418245198e-02,1.287294692990509082e-01,1.412757631970048833e-01,1.458410636558953311e-01
4.999999999999915623e+00,1.855411516298830776e-01,1.022882207119103493e-01,1.342279330035477669e-01,1.116952568947982422e-01,1.148526200279909731e-01,9.125556558424148534e-02,9.353607355209619945e-02,1.384336058450513496e-01,1.387926429786762450e-01,1.531114363808651901e-01
5.249999999999910294e+00,1.998173947843842058e-01,1.193237430480304229e-01,1.470284929661833662e-01,1.077830978172970161e-01,1.093260127279160887e-01,9.842324218778099321e-02,1.044173342571162455e-01,1.217090160629322182e-01,1.561126775178589832e-01,1.613624748537322573e-01
5.499999999999904965e+00,2.041626517749063896e-01,1.295012270346147243e-01,1.388970339920112818e-01,1.155837972378949835e-01,1.244937263437172481e-01,1.001513234505988226e-01,1.015135696982857744e-01,1.283548014978241336e-01,1.683861889805948198e-01,1.748828985831764604e-01
5.749999999999899636e+00,2.010865218810774513e-01,1.530290365071798886e-01,1.386933606506087768e-01,1.270124642733987397e-01,1.332533722107167307e-01,1.065563615058807978e-01,1.033665191064041533e-01,1.348936035885812124e-01,1.750319205730824779e-01,1.799092593861356948e-01
5.999999999999894307e+00,1.961607847979248143e-01,1.584559164270797071e-01,1.433138168956233915e-01,1.381288568653806503e-01,1.423580115008110103e-01,1.159645276238719103e-01,1.075025933384834431e-01,1.457368002400473705e-01,1.752791139996414116e-01,1.960026380651145872e-01
6.249999999999888978e+00,1.968257605116004727e-01,1.332717173910233366e-01,1.457873654098750804e-01,1.180024661599671787e-01,1.343142913468790833e-01,1.210154169513932287e-01,1.163230589720032349e-01,1.500109645757573829e-01,1.849211479998980612e-01,2.075951680529188881e-01
6.499999999999883649e+00,1.890810214890975560e-01,1.623033534879165518e-01,1.454872717178805341e-01,1.199658159670414920e-01,1.335332239414620537e-01,1.416175535575270594e-01,1.194278834886871032e-01,1.589458383287002119e-01,1.927502802347745015e-01,2.193989208663121027e-01
6.749999999999878320e+00,1.725811240046759842e-01,1.552749032191506340e-01,1.395652504250531889e-01,1.403005116918195350e-01,1.284130493146515284e-01,1.274915577213121820e-01,1.500975062865637089e-01,1.655392184911717857e-01,1.967646034862823023e-01,2.260751545432770349e-01
6.999999999999872990e+00,1.622589580783106167e-01,1.830028331922907148e-01,1.404458366067793396e-01,1.394603281535181372e-01,1.354738490943965534e-01,1.318719448786907777e-01,1.604433244934309055e-01,1.699745300122385283e-01,1.718133695524069193e-01,2.347155806748583706e-01
7.249999999999867661e+00,1.785935470929362334e-01,1.743882524606938655e-01,1.407378984114114884e-01,1.451125516564994167e-01,1.445788263317245859e-01,1.350088337107620828e-01,1.690395954216782348e-01,1.866690100487547188e-01,1.841404693639069612e-01,2.101054138421940554e-01
7.499999999999862332e+00,1.877031218457739514e-01,1.760990639905328226e-01,1.538794437387967229e-01,1.490542480186569929e-01,1.603246655273376509e-01,1.421025322089592147e-01,1.673090462389057176e-01,1.790134900415153163e-01,1.850411693581829331e-01,1.927630147693727980e-01
7.749999999999857003e+00,1.916132227486575801e-01,1.810195910903486527e-01,1.417970600208825205e-01,1.608307634031250488e-01,1.533443639898253164e-01,1.477329210117323821e-01,1.751280481749989404e-01,1.828917729126789127e-01,1.870300999158710231e-01,1.839966301181728825e-01
7.999999999999851674e+00,1.965055989321521368e-01,1.666855606119506672e-01,1.308129002912712668e-01,1.606911308749583711e-01,1.579569355736324676e-01,1.560053414226178492e-01,1.872295700376087335e-01,1.884267117095040633e-01,1.892686049633393597e-01,1.951664034126932290e-01
8.249999999999889866e+00,2.135881486941236251e-01,1.831408010588947699e-01,1.435430753288432504e-01,1.635679252703135245e-01,1.676226001681377642e-01,1.654342253546980668e-01,1.930991322076813510e-01,1.896310038844902512e-01,1.744855231545108798e-01,2.030166317227732886e-01
8.499999999999928946e+00,2.178065537666001861e-01,1.907654122502894234e-01,1.275658665283074256e-01,1.599912666866068200e-01,1.603339257086248137e-01,1.649962987368231160e-01,2.048737535431132961e-01,1.911950569983503490e-01,1.915143761607837614e-01,2.043397103418796712e-01
8.749999999999968026e+00,2.102671811316836059e-01,1.903415168165016047e-01,1.496889058587864418e-01,1.476653978011580881e-01,1.680047151995075205e-01,1.655613566393551173e-01,2.006619322911385450e-01,1.987035040186898582e-01,2.042060813061164215e-01,1.964231459343080965e-01
9.000000000000007105e+00,1.843431695594020259e-01,1.927782519856022780e-01,1.747668092123977057e-01,1.591681016602480847e-01,1.844064981627692168e-01,1.725410182027230788e-01,2.094851118347329788e-01,2.072090722760957515e-01,2.080946382686423568e-01,2.003244574286137669e-01
9.250000000000046185e+00,1.727274660734656742e-01,2.086705762673022879e-01,1.902472425802090028e-01,1.653056920192404189e-01,2.009339751683043018e-01,1.890684307294313582e-01,2.204887519159547671e-01,2.170135858382119531e-01,2.083597585868440516e-01,2.041441306910656006e-01
9.500000000000085265e+00,1.687863475736942342e-01,2.191400993883490522e-01,1.998539138377474489e-01,1.684922915477319316e-01,2.091935827263982917e-01,1.934259708779757225e-01,1.987929048743372340e-01,2.234865686340976043e-01,2.107787628862719254e-01,2.043860798201379003e-01
9.750000000000124345e+00,1.767294886880457772e-01,2.127638267839645769e-01,2.000686026815889085e-01,1.624091094574639238e-01,2.159100518625727827e-01,2.143173321478411275e-01,1.989085446273172741e-01,2.244675232195105508e-01,2.233082724616979042e-01,2.086896534499831368e-01
1.000000000000016342e+01,1.828145714559205048e-01,2.102505762662517375e-01,2.038198189242440561e-01,1.741812640253056488e-01,2.124276211455646546e-01,2.137044952587471014e-01,1.960179832504011788e-01,2.292570516189174901e-01,2.307972368300854893e-01,2.141205220932877462e-01
1.025000000000020250e+01,1.893495877455009802e-01,2.037364883068704391e-01,1.970850146223941390e-01,1.902914582176681302e-01,2.108850121652193488e-01,2.103742564057761999e-01,2.094238508496708562e-01,2.314138121428497286e-01,2.327186731291400468e-01,2.222115007562033562e-01
1.050000000000024158e+01,1.992828761097194257e-01,1.943384572936261157e-01,1.946986339475889338e-01,1.891136405061463466e-01,1.934378414518519718e-01,1.989862712879792717e-01,2.286984849855550894e-01,2.355055267597751523e-01,2.316113956982266686e-01,2.418345415863913384e-01
1.075000000000028066e+01,7.860968386542610241e-06,1.784372148806520342e-01,1.998787687466855589e-01,1.961111006728403217e-01,1.870567874389142404e-01,2.053002263967197982e-01,2.300501748029870619e-01,2.315505205616596174e-01,2.218235172410998324e-01,1.387721919212799582e-01
1.100000000000031974e+01,-2.102911540070759640e-08,1.040040805508034572e-01,1.719456783098392560e-01,2.194912030724925633e-01,1.759957068119094858e-01,2.120982558884423885e-01,2.431513802025817295e-01,2.199530039502537726e-01,1.734768757235895242e-01,-1.112224317204846616e-09
1.125000000000035882e+01,4.613993605432619947e-09,5.510053329891447665e-02,1.515178016535436989e-01,1.956727287884735267e-01,1.514411423265711321e-01,1.963966829188289465e-01,2.340852654809261191e-01,2.200841373876038787e-01,1.556270657796565982e-01,3.612519852094026404e-05
1.150000000000039790e+01,-2.061361566356540061e-03,4.603593056022636104e-02,1.093886056003056245e-01,1.758526165841875766e-01,1.235186457815977551e-01,2.137996274296547206e-01,2.146617232481448090e-01,2.011422523819614561e-01,1.490467767278239319e-01,-3.303915659345297200e-06
1.175000000000043698e+01,5.118541101948254415e-03,6.855231421066823594e-02,5.505216264082499200e-02,1.405976990614809519e-01,1.610923648701186872e-01,2.110788358978520074e-01,1.921677329575298132e-01,1.596416081044635116e-01,1.457663133712805703e-01,-2.316369067421335879e-06
1.200000000000047606e+01,-1.178986552259488063e-02,6.410898094196930408e-02,6.350359005818592695e-02,1.142875042861378199e-01,1.629658908851789600e-01,2.030853596331485544e-01,1.747104595433971730e-01,1.378587408897054001e-01,-3.250278488056716026e-10,-7.452497539009506081e-09
1.225000000000051514e+01,1.954474415133158893e-02,7.474322475540488842e-02,6.326461280585275737e-02,1.132393063741137795e-01,1.503463172148332416e-01,1.789618261578670433e-01,1.889860116597240070e-01,1.499449052887663614e-01,4.233128278929828249e-07,-2.870962816084314214e-07
1.250000000000055422e+01,-5.971829506524952737e-03,5.991993474001638953e-02,5.165872421556768485e-02,1.372913655160714896e-01,1.369495633452325056e-01,1.833802408487469893e-01,1.691671397725267312e-01,6.720352433979311091e-02,-6.852415410788331471e-06,-1.531174382780727294e-06
1.275000000000059330e+01,-2.600899340065714743e-02,6.639381348053821630e-02,6.956011755476058933e-02,8.933314912281055398e-02,1.264090605938144318e-01,1.707467759011357111e-01,1.471075537809793110e-01,2.108624299753375855e-02,9.266153096446407759e-07,-5.708262269979340633e-06
1.300000000000063238e+01,-2.184115679523741110e-02,4.102716051735615099e-02,9.890300043203797964e-02,6.968792657762021281e-02,1.448960067230417315e-01,1.805453858087936181e-01,1.348059811187951318e-01,4.096807107683233910e-03,2.430288049302806912e-05,-8.420572956871350891e-07
1.325000000000067146e+01,3.965954335943821206e-03,3.456101442141624319e-02,6.601352791603087855e-02,6.849498284315178043e-02,1.541855438864493666e-01,1.621559155230968552e-01,3.431776844325742232e-02,-2.350640918296977022e-02,-1.371491000856803349e-05,-2.055211350161638574e-06
1.350000000000071054e+01,1.818592015211813748e-03,-2.977948542846901162e-05,-7.835912164032904359e-02,5.742704989463272985e-02,1.837385805693675933e-01,1.568860544291797998e-01,4.058738979034665940e-03,-4.051821742137845517e-02,-3.947022901440422011e-06,-1.546753004143771714e-06
1.375000000000074962e+01,5.788036064447229546e-03,-7.145610462633820223e-06,-4.573840341301685375e-02,3.591761211637477247e-02,1.630867443521450133e-01,1.625855345908399641e-01,-1.892690853888922761e-02,-1.985073370417949484e-02,-3.547292209329629874e-07,-9.347752147134394532e-08
1.400000000000078870e+01,9.207125918797413183e-03,-1.982450594903955002e-09,-4.471072923556168588e-02,3.831484652623411841e-02,1.630190438790759533e-01,1.525837628696846970e-01,-3.220433500866060061e-02,-1.820889356979959062e-03,-1.294439484938533811e-06,-5.833578049998111258e-06
1.425000000000082778e+01,4.413826750356709960e-02,-2.393917780728291890e-08,-5.977679923594342304e-02,2.567173131068681974e-02,1.652798295060245726e-01,1.410847507039322546e-01,-5.407538460766554006e-02,1.142848092386784115e-02,-2.761499403869634966e-07,-8.087412326532684927e-07
1.450000000000086686e+01,4.561822736615640898e-06,-1.705359379882210105e-02,-6.483752592730289421e-02,3.904003220142962527e-02,1.030531145375046947e-01,1.332708682593097549e-01,-7.207088153643091688e-02,2.446325767996142611e-02,-3.480968950691617354e-08,-1.366044717604801674e-06
1.475000000000090594e+01,4.610694522124672741e-03,-1.786502510753472731e-02,-4.869453325784731806e-02,1.457138462058495988e-02,-1.792169214684771750e-02,-1.652772290494666785e-02,-8.500941121513932996e-02,-2.451883964218062352e-03,-4.792953104276722730e-07,-1.810630029106334628e-05
1.500000000000094502e+01,-4.355311004970053614e-03,-4.779750782873884440e-02,1.416065090692142370e-03,-6.532046345389107278e-02,-1.912746146204907099e-02,-2.464448221686529536e-02,-5.240718989845045278e-02,-2.265018408015083418e-02,-4.446243538186617225e-09,1.252996168559330987e-06
1.525000000000098410e+01,-1.820517731241909701e-03,-5.780134446144245819e-03,-5.657275500946203593e-03,-7.861115711042634957e-02,-1.028206998946913815e-02,-5.210752540820479811e-02,-2.378714882954586010e-02,-3.211338423505624706e-02,-9.561605610319575973e-10,-2.864325118020552406e-07
1.550000000000102318e+01,-1.450599389099139179e-02,8.997770105992295223e-03,6.288685132872255321e-03,-4.945306092152510630e-02,-3.858678451466854981e-02,-5.006870142879100982e-02,2.372162614977855674e-02,-5.287947721352997954e-02,5.618121085900502944e-09,6.603281382382433519e-09
1.575000000000106226e+01,1.121926555592709859e-02,1.734612574648046815e-02,2.452811159907933650e-02,-2.357548531311160281e-02,-6.038465859143881537e-02,-4.152022873582248558e-02,4.702076445750790618e-02,-3.905203103794419039e-02,1.422083136132399118e-07,6.606228231234264337e-09
1.600000000000110134e+01,7.730961867778386564e-08,2.765186713590478754e-02,1.309246535409250463e-02,-5.225450101645420786e-03,-3.654499380888196619e-02,-1.934791436247040169e-02,6.736131789235587364e-02,-1.998944696649419470e-02,8.572120845589392809e-08,1.289199999050948476e-07
1.625000000000105160e+01,-2.661586317984060771e-02,1.627433016621399747e-02,1.576518765306116066e-02,1.177801994547582158e-02,-1.366271821618368632e-02,-3.716175192466119465e-02,7.997552389842091380e-02,-3.483202748282744621e-02,3.870608016740211079e-09,3.833021814457641231e-09
1.650000000000100187e+01,-4.483697150498443945e-02,-2.086390835709339849e-08,2.083114846560369521e-02,-1.510098776277721440e-02,8.477497277321572461e-03,-2.224599445736186176e-02,8.387575006887752760e-02,-2.574968280532380707e-02,6.137511965369721404e-09,-7.033708895588798370e-10
1.675000000000095213e+01,-1.848759391776781669e-02,2.960031500887116616e-07,2.578763091523288142e-02,6.339431155089045311e-03,5.327661757950699628e-02,-3.578788869583694049e-02,2.966115205713176772e-02,6.729446299496745368e-04,4.028109898905248503e-13,1.332571256176284422e-10
1.700000000000090239e+01,-3.596366270948578997e-02,1.833832960148760262e-07,1.699053719054766792e-02,2.540069263696776575e-02,4.826352692022947005e-02,-2.679915620956594205e-02,4.024622192103576804e-04,2.674437835648406370e-02,1.633287646994498545e-07,-5.445776960320349566e-10
1.725000000000085265e+01,-8.366477597262559490e-03,1.091588484636188661e-06,3.805255473510189834e-02,3.445964775977045785e-02,1.618032104898762397e-02,-1.603219034644890947e-02,-2.661690508708623726e-02,3.678786524709144051e-02,-1.584018400856226046e-06,8.560899674246110443e-06
1.750000000000080291e+01,-2.049380872150514607e-02,-3.806272523955697450e-08,5.280010984712772693e-02,1.441606791777590331e-02,2.429443341684931965e-02,-3.956276688611333470e-02,-6.300892481504423437e-02,3.297177253687630372e-02,-2.160170914482405571e-02,-2.273862044028305459e-05
1.775000000000075318e+01,-3.593223805290710060e-02,-2.595943853189627652e-08,6.801052395645514059e-02,1.200640861281881099e-02,4.036801668902186696e-02,-6.276539902519394365e-02,-5.122196756164732606e-02,2.718205441109163012e-02,-4.063384100834617485e-02,4.246844056673077426e-08
1.800000000000070344e+01,-1.576756219911558746e-02,-1.076431532047766104e-06,7.553813136043850684e-02,2.364122165585205368e-02,1.008703457780357748e-02,-3.126365968359474945e-02,-5.171618124114754633e-02,4.133430197273064294e-02,-2.124152229915237874e-02,6.941876413807430834e-09
1.825000000000065370e+01,1.527485700073434767e-02,-1.000462503398574662e-07,8.356490880601713522e-02,3.073294486326975938e-02,-2.596069486814371694e-03,1.035248634022015515e-02,-6.546317760687274390e-02,4.878124495663931776e-02,3.797084719439202533e-02,9.523575184553530299e-12
1.850000000000060396e+01,3.688103396118849742e-02,2.544616836009546963e-09,9.725674158779902545e-02,3.216286622681294866e-02,5.110714324002675960e-03,2.028509357819505837e-02,-5.373432838722726201e-02,1.642469431780440095e-02,5.811652488958328477e-02,2.979949017646092211e-13
1.875000000000055422e+01,1.701769493347175463e-02,7.136391044823975965e-06,7.423985122666607039e-02,4.774516744452667744e-02,1.987907020371726396e-02,-4.453096163365517432e-03,-4.247410418878372340e-02,2.984063308526278824e-02,2.436793277124342531e-08,-3.680520910134668495e-07
1.900000000000050449e+01,-3.004591598498039789e-03,-9.336428408737896525e-08,8.879011913813115997e-02,2.486388866458258060e-02,3.122479618496186785e-02,-3.480728051670076845e-02,-2.089737024211662381e-02,4.564701079362238484e-02,-1.962711811569218742e-02,-3.257152504531048521e-10
1.925000000000045475e+01,2.020156898861931102e-02,-1.665541657229777393e-08,1.016952797863495128e-01,4.772786937530131696e-02,2.830042520459094199e-02,-3.422476830389471758e-02,1.465469894709503680e-02,2.644577552407957610e-02,-2.138682537873336578e-02,-1.216455509271637315e-07
1.950000000000040501e+01,5.521714186577313110e-03,-8.519567885368022752e-10,1.095573955330159388e-01,7.961165823236150685e-02,-1.451859321382962349e-03,-2.915274656276604925e-02,-1.290622098944118040e-03,-2.634456793094178736e-03,-2.608582053320727609e-02,-1.107729163639439671e-05
1.975000000000035527e+01,-1.297027421640642095e-02,-1.479627249444516205e-05,-4.215984074234030909e-04,4.758786142603237818e-02,-9.951896836585370429e-03,-5.427273329040182420e-02,5.504542617495969577e-03,-1.121022905831920401e-02,-3.257748379063597332e-03,9.427397368862309107e-07
2.000000000000030553e+01,-2.781060795524394405e-02,2.659731071957847702e-07,-4.657783008969831363e-03,4.286591238100541379e-02,-2.078127986962374427e-02,-7.552818802291770550e-02,-2.177948786997746522e-02,-1.414821247645663659e-02,1.752344511013794598e-02,4.434688866230323006e-07
2.025000000000025580e+01,-1.432599292597917622e-02,-4.750099549113313661e-03,3.815527875703661869e-10,-2.529638033881845965e-02,-4.216462836109854950e-02,-4.307220609411126916e-02,-3.952794829495002993e-02,-4.825815821409117599e-03,3.352154254906241498e-02,-2.369084195909999887e-11
2.050000000000020606e+01,5.551978796564683086e-03,2.169654894432958424e-09,-9.718178298391470446e-03,-1.776756191002791183e-02,-2.250064773391731443e-02,-4.610749462223109191e-02,-3.673680867328456973e-02,-2.701502557935618262e-02,1.138985737716070520e-02,-3.299599574790473312e-04
2.075000000000015632e+01,-1.110385125659695341e-02,-1.956491408891282786e-06,1.124106203498232044e-02,-1.186341852107039400e-02,-1.331253919631312024e-02,-2.711960336381034203e-02,-3.819764174718421473e-02,-1.621539568891541827e-02,-1.112884652427299434e-02,-4.825517689033240017e-06
2.100000000000010658e+01,-2.258338669039246238e-02,-4.328977745568099891e-08,-1.285774538655988855e-02,-2.100803421761018083e-03,9.536260074548459382e-04,-1.115082894637171862e-02,-3.107460488512272731e-02,-8.468929438254453601e-03,-1.929199287910769722e-02,2.466178992113135374e-05
2.125000000000005684e+01,7.782522465326919409e-03,-6.424406135355520756e-03,9.222351074697845291e-03,7.618840613820373857e-03,-4.074698901274529696e-03,-5.130644572837730552e-04,-3.828076222204795931e-02,-3.173863477721958204e-02,-1.770384822615781242e-02,-1.095552391657467322e-06
2.150000000000000711e+01,3.063821366245714304e-03,-1.369586344264708804e-06,-4.338253011665251478e-03,1.581856357571414032e-02,2.353884782681695161e-03,1.567703157072007983e-02,-2.830398709436324559e-02,-4.049129304097105753e-02,-3.501390348580924600e-02,-5.105357412187864661e-06
2.174999999999995737e+01,-7.469408004389661675e-03,-1.585166447331083292e-02,-6.452705487499513291e-06,1.758257703286258966e-02,7.670656131359579553e-04,2.855788773897801475e-02,-3.864595194678153989e-02,-2.779827587645780987e-02,-4.239128429091058164e-02,3.177017939329575217e-06
2.199999999999990763e+01,1.055624800177360151e-03,9.454296129171459173e-03,-7.463399855689644681e-08,2.523194375611141627e-02,1.321459986315043529e-02,-2.125421351877464574e-02,-3.779389190614153293e-02,-2.738135652048232296e-02,-3.248767941907780565e-02,2.244584612495669017e-06
2.224999999999985789e+01,2.299788005308962477e-02,-8.850335543469144397e-12,-1.684731498094764200e-07,-4.820431777801633885e-03,6.461888970664865159e-03,-4.415546064720980018e-02,-1.039356734747746286e-02,-2.576016758428074233e-02,-1.236636437827029304e-02,6.549664846040483896e-08
2.249999999999980815e+01,3.939055421487127479e-02,2.223969445011596808e-07,-8.280204161486789513e-07,9.148055287860659343e-03,-2.308039791189614789e-02,-5.142225201805918772e-02,-1.498483083846407701e-02,-2.676723936687382469e-02,-3.527807928594877546e-02,2.426052335001572777e-07
2.274999999999975842e+01,1.788848714866907857e-02,2.325926395417362777e-02,-3.060705868684815423e-03,2.548546562791487516e-02,-1.247683682011052619e-02,-6.895936913029082627e-02,1.850147061553251981e-02,-2.658918075042789389e-02,-5.791538161437426863e-02,9.031239700661321020e-07
2.299999999999970868e+01,-7.397764110747985684e-03,-4.962701876811575520e-03,1.800769017972931804e-02,3.878907610702513747e-02,-6.274285775742507662e-04,-8.308697524192358574e-02,6.997425023492906231e-03,-2.692803954567683442e-02,-7.556264724150928147e-02,3.668245609651205356e-13
2.324999999999965894e+01,-2.387763457731128039e-02,1.332745230780472849e-10,3.690831678493506490e-02,5.003426141133722471e-02,1.139144558547642780e-02,-9.728719739669003386e-02,-6.249280193311407099e-03,-2.918330810238374887e-02,-9.357953065423149641e-02,-2.407767713891940923e-11
2.349999999999960920e+01,-4.361587987169358860e-02,-8.497081402660799085e-13,5.002366853632257693e-02,5.360959602547327868e-02,-5.026188666836153840e-02,-2.987202053211834504e-02,-2.106992387850113377e-02,-2.817353596865458665e-02,-1.067257590099679604e-01,-1.411101509920149261e-12
2.374999999999955946e+01,-1.756547117026239710e-02,-7.652864605126968294e-08,4.021439752802232620e-02,6.672240091182175814e-02,-6.908692514530549722e-02,-8.798432766594747878e-03,-3.281845162287014978e-02,-3.066700284740303539e-02,-8.699652431440388356e-02,1.129839611620155572e-06
2.399999999999950973e+01,8.526243638083677231e-03,1.659871552406582892e-02,4.372407165948489355e-02,7.890206777167506347e-02,-6.421895739385606594e-02,-2.098478794606969955e-02,-3.705116122159344411e-02,-2.636535444309620266e-02,-8.504946385835605860e-02,5.494166650354170515e-12
2.424999999999945999e+01,1.623381423713787450e-02,1.780692109920894300e-02,2.814410940658572738e-02,6.706848678067681147e-02,-4.652152839041480414e-02,-2.160502081381693307e-02,-1.192613379624743626e-02,-1.506715157438921066e-02,-8.444970637365441235e-02,-2.164188874880147684e-10
2.449999999999941025e+01,-7.201478617852094880e-03,4.352732149420490693e-02,4.369029362931629162e-02,3.848639737769929403e-02,-3.308243253424528879e-02,-3.881469874424862965e-02,-2.232698828461357650e-03,-1.120143099777395727e-02,-8.222441869176995433e-02,-1.645227692498423397e-08
2.474999999999936051e+01,3.346583761887975822e-02,6.101054948060857797e-02,2.550718296799742851e-02,1.031845812452326094e-01,1.032232182588553940e-02,-5.392186759369704124e-02,-1.836847482660274727e-02,-1.336550735958178492e-02,-5.486744276822397293e-02,-5.274775616711794429e-02
2.499999999999931077e+01,5.660061895867077308e-02,6.588278662309096645e-02,6.018667424570295355e-02,1.048741941559703517e-01,3.079539755947117291e-02,-5.621599113289513228e-02,-1.056797417029919639e-01,-9.243427654921987369e-02,-5.237401697909665338e-02,-7.655454954227061681e-02
2.524999999999926104e+01,4.562607271197964554e-02,1.629334800624825663e-01,1.054756184959049353e-01,4.363274506937598468e-02,1.996060045399008012e-02,7.632168033116030743e-06,-1.303478366777001962e-01,-1.165893889596981842e-01,-3.730467043174096053e-02,-6.525724967122628617e-02
2.549999999999921130e+01,1.216640586003183561e-01,1.898186502171282375e-01,1.156390521153327078e-01,1.548440287916174078e-03,3.926759855586697996e-03,-1.026636412741221884e-03,-9.521749173272799072e-02,-6.798440014818335486e-02,-3.511438991880818511e-02,-5.917570053748139047e-02
2.574999999999916156e+01,1.430073820148357044e-01,2.046207003456751994e-01,1.449616197728290923e-01,2.097578608850690293e-02,2.281821263559341909e-02,5.934612339673941452e-03,1.586513468315246117e-02,-5.625958765978500420e-02,-3.533545694065520770e-02,-6.804439790323955385e-03
2.599999999999911182e+01,1.234559945846194357e-01,1.689899117935911022e-01,1.382877335155012211e-01,2.283074884341518979e-02,2.192660085439961798e-02,2.121028744851814057e-02,9.986801592060317451e-03,6.846157140168694644e-04,6.302524926633453449e-03,-1.629465141768993153e-02
2.624999999999906208e+01,1.425432154825094222e-01,1.789092081890940045e-01,1.496820805561564216e-01,2.982056255514446697e-02,2.729853293506173326e-02,1.935166400829834918e-02,1.992941914967480757e-02,1.233094018727238020e-02,3.692529105675260853e-02,-8.972914074290674544e-03
2.649999999999901235e+01,1.448032806901384806e-01,1.916124180712921732e-01,6.705031070826582285e-02,4.460110705773712159e-02,4.818825233960991744e-02,3.630095488901220052e-02,3.061894647438755113e-02,2.757450560394306745e-03,4.520011814112281229e-02,4.606672678139982907e-02
2.674999999999896261e+01,1.266162462003904143e-01,2.058079868292203296e-01,3.345751851539929822e-02,7.528350040397649434e-02,6.948662169083330564e-02,6.473211239088171032e-02,1.253247691410551944e-02,3.423150511837925319e-02,5.463394438908622530e-02,6.630906013612161698e-02
2.699999999999891287e+01,1.287719865068056302e-01,1.995984349470299735e-01,7.977665809838327404e-02,6.550461742124379094e-02,6.818848920358944188e-02,7.794034291521126367e-02,2.511253421349518566e-02,4.085165620256873270e-02,6.153031913116456530e-02,8.939581216497365090e-02
2.724999999999886313e+01,1.549728661960599885e-01,2.055530130447948134e-02,8.050721442471747702e-02,8.149264342371599634e-02,7.908904414943673800e-02,8.414661147639972139e-02,3.424773160943798966e-02,3.892713443293814579e-02,1.280965540049729123e-01,1.982813104317262543e-01
2.749999999999881339e+01,1.726236288276701003e-01,2.964154049221923853e-02,3.815288105667265228e-02,8.424623527183222604e-02,8.839849572530932009e-02,1.036397814766292086e-01,5.406131972870671654e-02,4.044327423439555286e-02,1.926688830585173151e-01,1.663941643303848417e-01
2.774999999999876366e+01,1.544893261582665767e-01,1.002184926179425645e-01,3.768910931699510913e-02,8.883335033984024465e-02,9.804778941659318681e-02,8.983638443470537416e-02,3.220545393969572595e-02,4.760032322162240093e-02,1.676065437773876787e-01,1.780826645975545353e-01
2.799999999999871392e+01,1.605182677780178091e-01,1.176805797932597708e-01,5.796840140034092981e-02,8.248461810944911210e-02,1.006117282463909191e-01,1.019183316285850599e-01,4.224700051188897548e-02,6.329492271884386290e-02,1.363397144932699256e-01,1.871599563675911126e-01
2.824999999999866418e+01,1.675652804649049032e-01,1.035848466298969206e-01,7.048724556525673424e-02,8.252255323552667998e-02,1.113211852000622615e-01,1.149526179542835341e-01,6.413850046661788429e-02,7.317832556873292427e-02,1.613758460835300057e-01,1.791965516293002603e-01
2.849999999999861444e+01,1.670527690236902896e-01,9.279584428492175519e-02,8.084384120132215301e-02,9.149805169434241381e-02,1.190672929079579084e-01,1.263803535310563386e-01,8.026766462347657838e-02,9.101377951888217632e-02,1.584193711276914995e-01,1.827915677882899770e-01
2.874999999999856470e+01,1.766494515533347798e-01,7.910744272574564417e-02,1.011302874557901271e-01,1.073359631305678963e-01,1.258718316866436482e-01,1.339795300271170442e-01,9.725526778704844666e-02,1.064333427435982388e-01,1.814488784101297436e-01,1.849039051400789835e-01
2.899999999999851497e+01,1.903468042375886238e-01,9.331540415554526180e-02,1.156590436419307477e-01,1.201568063515943419e-01,1.320575132193445023e-01,1.390900941511697964e-01,1.226552482010212081e-01,1.138841468866136492e-01,1.887488146166642067e-01,1.910520590628924653e-01
2.924999999999846523e+01,1.940772362582701693e-01,9.703286980002635842e-02,1.299313340801251104e-01,1.190976561829702324e-01,1.388876527826808926e-01,1.515354056482288991e-01,1.602497747446159082e-01,1.038472077498512752e-01,1.823731623941711177e-01,1.837722188735357309e-01
2.949999999999841549e+01,1.856799993541392024e-01,7.314946063598957993e-02,1.262330008156944405e-01,1.244953672396176408e-01,1.464670428531501534e-01,1.476109378001967398e-01,1.995730540276041409e-01,1.971541733035342969e-01,1.482661558116521450e-01,1.505386128846487592e-01
2.974999999999836575e+01,1.558700205626319391e-01,7.998284534132291124e-02,1.294692839446832389e-01,1.436670863826581268e-01,1.531800274035341192e-01,1.502964855845086156e-01,2.504134868701877181e-01,1.648722140184080420e-01,1.843951140515053544e-01,1.754038497752427872e-01
2.999999999999831601e+01,1.441566175065189526e-01,1.025886863712070218e-01,1.298972377261584377e-01,1.606003949413246645e-01,1.599751862843334094e-01,1.707491850981732173e-01,2.382516386395064079e-01,1.779121914347596978e-01,1.732447479404204960e-01,1.630010942694923304e-01
3.024999999999826628e+01,1.442679678105600327e-01,8.602011686150123904e-02,1.319788066262185533e-01,1.737660530271682158e-01,1.521598687898002289e-01,2.028488888509794863e-01,2.158025967185097926e-01,2.049069243443015498e-01,1.798089898330786085e-01,1.723786187091213562e-01
3.049999999999821654e+01,1.178000898153658549e-01,8.084443578311045764e-02,1.396366655879651142e-01,1.812302636188193039e-01,1.797284948204323773e-01,1.982149973353950489e-01,2.306861089602052772e-01,2.264246373207059737e-01,1.599311406490637189e-01,1.780465745328377314e-01
3.074999999999816680e+01,9.853468476131130305e-02,8.177635815553237209e-02,1.448306039299704917e-01,1.837788975920864321e-01,1.896028100883735690e-01,2.055667981480210349e-01,2.004498395851457282e-01,2.220723850648639586e-01,1.650477656280389116e-01,1.595942463354386998e-01
3.099999999999811706e+01,1.177104367566880749e-01,1.066756140823230808e-01,1.472047117764498092e-01,1.585386393698973717e-01,2.013042144465389816e-01,2.165496645585540392e-01,1.802293738903424092e-01,2.366084188942835509e-01,1.960268150817027766e-01,1.499830187988301089e-01
3.124999999999806732e+01,1.062666193971029266e-01,1.241002709759725792e-01,1.231100081829951259e-01,1.375936333593246463e-01,2.139914045959289135e-01,2.117129574021217042e-01,1.909355516693482246e-01,2.405554696349547494e-01,1.860162929497048978e-01,1.668205502302038956e-01
3.149999999999801759e+01,9.872152022439445451e-02,1.349357278681805328e-01,9.931807484207282044e-02,1.571640585721772454e-01,2.158657117627672539e-01,2.171772923386142973e-01,1.690940583889188054e-01,2.116538018617649120e-01,1.972329677926744074e-01,1.856387741751277520e-01
3.174999999999796785e+01,1.202731574599642805e-01,1.364279216903111214e-01,7.065936650132172148e-02,1.825443286324429371e-01,1.880759461028926605e-01,2.117107263384007398e-01,1.867089640639109371e-01,2.117267286790023573e-01,1.833377833917956834e-01,1.949433727763458524e-01
3.199999999999791811e+01,1.220506149904982962e-01,1.483138735113102846e-01,9.292369294626660892e-02,1.973982326844888335e-01,2.058936550223141870e-01,2.213151088859489912e-01,2.077935555197959194e-01,2.112389263908774906e-01,1.882613782016361315e-01,1.859928627889147756e-01
3.224999999999804601e+01,1.367446625965041962e-01,1.585537341270530365e-01,1.169414171594532620e-01,1.935778128278410337e-01,2.169137670430150988e-01,2.015461226483104551e-01,2.298959971482883446e-01,2.318740989353650361e-01,1.810328107276040766e-01,1.778316208615772498e-01
3.249999999999817391e+01,1.525308363025844882e-01,1.673585760512845133e-01,1.233082897677922896e-01,1.904585557439388566e-01,2.269238099611154413e-01,2.087101623604309952e-01,2.533988383891715990e-01,2.270145760927801404e-01,1.783951385483290852e-01,1.877296437118952943e-01
3.274999999999830180e+01,1.815439681453033527e-01,1.666418299695072713e-01,1.369686458015115793e-01,1.736723394601797366e-01,2.371178430021459449e-01,2.154853251728329755e-01,2.464018623891535420e-01,2.289760681428891220e-01,1.924223378403802920e-01,2.009176104336417024e-01
3.299999999999842970e+01,1.936094248843693022e-01,1.779909987899166157e-01,1.067293286008422909e-01,1.901932476575262654e-01,2.509726411162019888e-01,2.360978365963932457e-01,2.533822451445909563e-01,2.274719350827602016e-01,1.742886093302642714e-01,2.003965329246124027e-01
3.324999999999855760e+01,1.665936547959602776e-01,1.612745760238282478e-01,1.166875301096927386e-01,2.068191276690532487e-01,2.658552429421329188e-01,2.593485883255782776e-01,2.605167970424465129e-01,1.763390101527873288e-01,1.878563200855708493e-01,1.616289379028227891e-01
3.349999999999868550e+01,1.718750628688252569e-01,1.687295913807841108e-01,1.042170784620458368e-01,2.194473480600661330e-01,2.662480213361596015e-01,2.461159674680551412e-01,2.473647247016858008e-01,1.505852212446625038e-01,2.054315572673637291e-01,1.440774303108154630e-01
3.374999999999881339e+01,1.610383994551369824e-01,1.805802677381862786e-01,1.745674728656523289e-01,2.085841498317690945e-01,1.985536554760324313e-01,2.476451989333275649e-01,2.267746776806497389e-01,1.366162567839762920e-01,1.920085339875390040e-01,1.840349367167098404e-01
3.399999999999894129e+01,1.564946335602187821e-01,1.951965153370371908e-01,1.937296354859208425e-01,2.088692450773081410e-01,1.960076371954646846e-01,2.375890730480220425e-01,2.075160465983575675e-01,1.604711400999962179e-01,1.570282935909331767e-01,2.012977474031095448e-01
3.424999999999906919e+01,1.737896108184431021e-01,1.919610057112967338e-01,1.770910478279491274e-01,2.260429935589064188e-01,2.086975182458957745e-01,2.585000210443360036e-01,2.324030390022110426e-01,1.799064656869072965e-01,1.334890603450118451e-01,2.116891662712369060e-01
3.449999999999919709e+01,1.843733822713899961e-01,1.804163347586811017e-01,1.982841605623059666e-01,2.262419452154731114e-01,1.961356117585509040e-01,2.385760083317829128e-01,2.438452335905075263e-01,1.525537161291731225e-01,2.044439311872466025e-01,1.595918407453833510e-01
3.474999999999932498e+01,2.228968589369370590e-01,1.848980344383463481e-01,1.864403557619765672e-01,2.016011785472902884e-01,1.999028911121734364e-01,2.525793833685810452e-01,2.196919572730608450e-01,1.298681862966849787e-01,2.153886397925648122e-01,1.736756717187191434e-01
3.499999999999945288e+01,2.298762127419288204e-01,1.630267793509608820e-01,1.851863613391286634e-01,2.087611371773187841e-01,2.040378040740393750e-01,2.596624023944117399e-01,2.289914657954263688e-01,1.092716379922971798e-01,1.697563607998400503e-01,1.863573759815806141e-01
3.524999999999958078e+01,2.462606479146875194e-01,1.762475982477984537e-01,2.144167839368563144e-01,2.183592026786950746e-01,2.173486490458049203e-01,2.589472948681327824e-01,2.373840425137479504e-01,1.218063450663601360e-01,1.703947342469754878e-01,2.004604240916112445e-01
3.549999999999970868e+01,2.628936868701360341e-01,1.848488692781251330e-01,1.953525261281912617e-01,2.143123909667908888e-01,2.243232560233876516e-01,2.577521690727536674e-01,2.198171340296543597e-01,1.727571911901628621e-01,1.629515625031942860e-01,1.697424754838346705e-01
3.574999999999983658e+01,2.667212341446255075e-01,1.980179701595939923e-01,1.876314579888745948e-01,2.130980336666093711e-01,2.270812886588410295e-01,2.699549943012521935e-01,2.141507764039501660e-01,1.927364311792895690e-01,1.873521091936541927e-01,1.492498862712594299e-01
3.599999999999996447e+01,2.082502851830936585e-01,2.056922470322082586e-01,2.038346390015875753e-01,2.148632149888417830e-01,2.224955720820900318e-01,2.792396650835180516e-01,1.722709320968327240e-01,1.762251579240462218e-01,1.996021722756837480e-01,1.683789707164859428e-01
3.625000000000009237e+01,2.003003117812821865e-01,1.747704852380474461e-01,2.177157277765762178e-01,2.224461263522382326e-01,2.341343219727801961e-01,2.436895771503577446e-01,1.916887808974415963e-01,1.687268613610052870e-01,1.862356836140649785e-01,1.726675185383240441e-01
3.650000000000022027e+01,2.255304069128314937e-01,1.960992749762388854e-01,2.237343918288546285e-01,2.365036978903385656e-01,2.352900543950256496e-01,2.044981786346578845e-01,1.807794903855216295e-01,2.106557091541223503e-01,1.744891191360502247e-01,1.754619737785791111e-01
