2.500000000000001110e-01,-3.683058275638890766e-01,1.198058810443436428e-03,2.440642391381636911e-01,-2.417045157966879465e-02,-8.285474243613736092e-03,-2.642260961609058795e-02,4.006710750833469142e-02,-5.227198829097864929e-02,6.437314437949653856e-02,-8.397032665757042658e-02,6.486353861527417719e-02,-1.095039126641933480e-01,3.976609979873566014e-02,-1.192280804350005635e-01,-1.965788758655372299e-04,-1.094278860917694690e-01,-4.015262786268964518e-02,-8.402996911116535073e-02,-6.503744085593923807e-02,-5.237920002899106031e-02,-6.501112025446355303e-02,-2.659533734334510596e-02,-4.052141427908816096e-02,-2.692983803528916070e-04,3.880225140524687973e-04,6.613181139128974928e-04,1.696087840290245845e-04,2.896049560844236545e-04,-6.396447100441848832e-04,4.349670927181145154e-04,1.790637618131628558e-05,8.042953758595457539e-04,-3.049590281444661873e-04,1.015734333979678456e-03,1.515873729839346015e-04,9.790708684298122903e-04,6.801982388814776636e-04,3.636489655908881156e-04,6.965785312749209722e-04,1.059467792478906389e-04,6.948195821124897786e-04,3.186077301905018071e-04,9.251954687580336313e-05,1.000000000000000000e+00,0.000000000000000000e+00,0.000000000000000000e+00,0.000000000000000000e+00,0.000000000000000000e+00,0.000000000000000000e+00,0.000000000000000000e+00,0.000000000000000000e+00,0.000000000000000000e+00,0.000000000000000000e+00
5.000000000000003331e-01,-3.677157123688535867e-01,1.615768256064464836e-03,2.410159886871990620e-01,-2.616985308893253134e-02,-9.390141448732895746e-03,-2.559803427943570936e-02,4.003357340297256789e-02,-5.203346912884969366e-02,6.301176505307654052e-02,-8.349737146318879366e-02,6.470345475851617401e-02,-1.084273703742036493e-01,3.899868689210858608e-02,-1.178579298778216766e-01,2.785408336628917436e-05,-1.081462538915392846e-01,-3.896096669768916304e-02,-8.361813897721746824e-02,-6.370165809152975034e-02,-5.236429099038224233e-02,-6.375661659386004654e-02,-2.618592206546907150e-02,-4.048698683473073157e-02,-4.797732617987373813e-04,7.533614185705959617e-04,1.105392822377180423e-03,-1.242686278027894877e-04,4.373268756310140742e-04,-1.160584911613108013e-03,6.984357621833707421e-04,-7.623199808021811886e-05,1.462804992651962205e-03,-5.553717914104764654e-04,1.728447876175257057e-03,3.777695605365433639e-04,1.599050700108623933e-03,1.111631151079334667e-03,6.651758477197013478e-04,1.314963178548401264e-03,1.922790736408931949e-04,1.266706040118852723e-03,7.038568109027391537e-04,1.498039914643811102e-04,1.000000000000000000e+00,0.000000000000000000e+00,0.000000000000000000e+00,0.000000000000000000e+00,0.000000000000000000e+00,0.000000000000000000e+00,0.000000000000000000e+00,0.000000000000000000e+00,0.000000000000000000e+00,0.000000000000000000e+00
7.500000000000005551e-01,-3.674606604021850575e-01,1.829439560716128454e-03,2.378299779386553459e-01,-2.696868806423178416e-02,-8.854220915294197525e-03,-2.436646599398748642e-02,3.962546490528844750e-02,-5.138386946929695415e-02,6.102948281031879418e-02,-8.272018236089351273e-02,6.450502439682141709e-02,-1.067704928101120415e-01,3.821615517561746667e-02,-1.159830971278742046e-01,6.542002890851260268e-04,-1.063938903762909616e-01,-3.735231180686742619e-02,-8.285956094854314558e-02,-6.180147635664249434e-02,-5.203404366451576391e-02,-6.182808371631487443e-02,-2.538179502066447574e-02,-4.022720756486667520e-02,-3.722659852056512059e-04,6.420941476274758452e-04,1.357613506559632267e-03,-3.400970059419313883e-04,9.709825572744853550e-04,-1.561250048288348501e-03,9.019467311287204326e-04,-1.168740179981291299e-04,1.792078241282542240e-03,-4.937315576980358302e-04,1.965579843087949131e-03,5.753655785261277108e-04,1.858944170535341235e-03,1.290975341668830576e-03,8.738804026213276097e-04,1.493475969445758663e-03,5.509803814117985882e-04,1.543456202324495390e-03,9.018481309314034305e-04,3.081160210135504805e-04,1.000000000000000000e+00,0.000000000000000000e+00,0.000000000000000000e+00,0.000000000000000000e+00,0.000000000000000000e+00,0.000000000000000000e+00,0.000000000000000000e+00,0.000000000000000000e+00,0.000000000000000000e+00,0.000000000000000000e+00
1.000000000000000666e+00,-3.673891363126648990e-01,1.888087984532438313e-03,2.341988047462250644e-01,-2.737929140013139681e-02,-8.127831569705003950e-03,-2.287998203598500674e-02,3.907673468306541859e-02,-5.016553824559681629e-02,5.873362168458573507e-02,-8.168127329409526072e-02,6.429493166428465467e-02,-1.048272240224522589e-01,3.748035014563074613e-02,-1.138554859043857809e-01,1.439908702157895572e-03,-1.043998452219149914e-01,-3.549303014653504285e-02,-8.192077613177711770e-02,-5.964672075863738931e-02,-5.139193802179865128e-02,-5.961729610780156646e-02,-2.442101568787359220e-02,-3.974277429992376098e-02,-2.654182524889865994e-04,5.381710278378694281e-04,1.515658252481667540e-03,-4.172759524393497110e-04,1.341445514396622874e-03,-1.715123012281073115e-03,1.127876320567790290e-03,-1.732966575183148895e-04,1.950215661689175609e-03,-5.684296258587264589e-04,2.155866669867115108e-03,5.651723186899773642e-04,1.985026275168207642e-03,1.403002040344692196e-03,9.354256858432998326e-04,1.632348776520152478e-03,6.674289620012974905e-04,1.671085685056198939e-03,9.686272195593018455e-04,4.080373246109620625e-04,1.000000000000000000e+00,0.000000000000000000e+00,0.000000000000000000e+00,0.000000000000000000e+00,0.000000000000000000e+00,0.000000000000000000e+00,0.000000000000000000e+00,0.000000000000000000e+00,0.000000000000000000e+00,0.000000000000000000e+00
1.249999999999995337e+00,-3.673866667010280418e-01,1.890297291693876502e-03,2.299122019954789597e-01,-2.760623481866619419e-02,-7.450164114316599161e-03,-2.123390618164730168e-02,3.845530398181825488e-02,-4.877829700393897239e-02,5.621617666809050617e-02,-8.037239310102656242e-02,6.396713411571620933e-02,-1.027122365812712518e-01,3.661033824952351912e-02,-1.114780837999284069e-01,2.250140589130953089e-03,-1.022442519418909623e-01,-3.347735551295318024e-02,-8.091997693340786946e-02,-5.727591255426502104e-02,-5.067327241497366491e-02,-5.714956880658150773e-02,-2.338405545068783162e-02,-3.912881999053868104e-02,-1.446343258855184249e-04,4.610860784237950016e-04,1.663816921540879016e-03,-4.886990558121649935e-04,1.152260743743262943e-03,-1.960345387210196254e-03,1.412405637187369315e-03,-3.041691305686776360e-04,2.141851382882588219e-03,-6.748429225900568016e-04,2.429361394952219907e-03,6.354351853883543570e-04,2.196062453606223690e-03,1.519350359281671729e-03,1.014726053971524381e-03,1.798318925986254826e-03,7.333543011696417148e-04,1.906765678583830555e-03,9.188121323018048989e-04,1.481930932185064771e-04,1.000000000000000000e+00,0.000000000000000000e+00,0.000000000000000000e+00,0.000000000000000000e+00,0.000000000000000000e+00,0.000000000000000000e+00,0.000000000000000000e+00,0.000000000000000000e+00,0.000000000000000000e+00,0.000000000000000000e+00
1.499999999999990008e+00,-3.673861615640617861e-01,1.890737503593697966e-03,2.249488199196121307e-01,-2.771379044167393557e-02,-6.846039652472336520e-03,-1.942480442227026774e-02,3.769681297950528559e-02,-4.743776706161878520e-02,5.326203208473847400e-02,-7.870398154243868349e-02,6.347094889575317922e-02,-1.003398636058982496e-01,3.565115451494157983e-02,-1.087928464285378843e-01,3.260710406646956556e-03,-9.976695890669075306e-02,-3.122791471135786048e-02,-7.975130655673390301e-02,-5.462903912741833012e-02,-4.983814449450007372e-02,-5.432851440779978142e-02,-2.229671708636852753e-02,-3.886906010717339210e-02,-5.111351963319267272e-05,4.080707441172486821e-04,1.778461167004498399e-03,-6.053996600010752311e-04,1.421471318867595845e-03,-2.241645543210622326e-03,1.809830880336042464e-03,-3.901406682190877305e-04,2.426226243195217513e-03,-6.920237060151570880e-04,2.735144735585036142e-03,8.438468549532413248e-04,2.580284807985176558e-03,1.732646658754685796e-03,1.246974548931562617e-03,2.023766278553351151e-03,8.842248875264361024e-04,2.150316292204220228e-03,1.129445409213204309e-03,2.430768909077828512e-04,1.000000000000000000e+00,0.000000000000000000e+00,0.000000000000000000e+00,0.000000000000000000e+00,0.000000000000000000e+00,0.000000000000000000e+00,0.000000000000000000e+00,0.000000000000000000e+00,0.000000000000000000e+00,0.000000000000000000e+00
1.749999999999984679e+00,-3.673860612030679373e-01,1.890822120953261631e-03,2.192706742679101373e-01,-2.772404969070276295e-02,-6.311990187411403198e-03,-1.758873130790712322e-02,3.676855509908180664e-02,-4.582352886820487831e-02,5.008546848755395658e-02,-7.663371056015197413e-02,6.291852347395142375e-02,-9.766246617911819583e-02,3.472860373722871236e-02,-1.057944693286814869e-01,4.618480849384382601e-03,-9.689646383480346459e-02,-2.870018858420105359e-02,-7.831207492486691457e-02,-5.166774488168527496e-02,-4.889381915876672702e-02,-5.118261972148010347e-02,-2.105909862221091305e-02,-3.844511603639750447e-02,2.721104180354852513e-05,3.678944108477989359e-04,1.735934628069507168e-03,-7.335688963992619818e-04,1.688658226169186677e-03,-2.332613583096651132e-03,2.155251928158938117e-03,-4.003411902067951600e-04,2.717653762298030684e-03,-6.074562218192389000e-04,3.022837413916351287e-03,1.125186734196949572e-03,2.911490998402508756e-03,1.877690317878140695e-03,1.522047666362206413e-03,2.237241598181153538e-03,9.520627000548856356e-04,2.397035432271614388e-03,1.250326817692979254e-03,3.717823578376434402e-04,1.000000000000000000e+00,0.000000000000000000e+00,0.000000000000000000e+00,0.000000000000000000e+00,0.000000000000000000e+00,0.000000000000000000e+00,0.000000000000000000e+00,0.000000000000000000e+00,0.000000000000000000e+00,0.000000000000000000e+00
1.999999999999979350e+00,-3.673860417456437100e-01,1.890837912018605849e-03,2.128644324311150249e-01,-2.766664099986883632e-02,-5.815258337982613483e-03,-1.581480310729331887e-02,3.566109323564646549e-02,-4.391880471675252418e-02,4.677487767945779501e-02,-7.422854071917575625e-02,6.235593504118323166e-02,-9.466279727123429188e-02,3.395974346613774009e-02,-1.025181647474122798e-01,6.379775995923689727e-03,-9.373471139541089681e-02,-2.601652754790233918e-02,-7.658173045958339975e-02,-4.845594872893710381e-02,-4.777538936724792101e-02,-4.772018580866621562e-02,-1.970457191947621450e-02,-3.783840794254348522e-02,7.709280242895996172e-05,3.545364360030581153e-04,1.671736419114278494e-03,-8.578080482476043139e-04,1.971341203374510527e-03,-2.449504453794138902e-03,2.477088639000509743e-03,-4.031027355410548392e-04,3.047328952674439959e-03,-4.916075773054444679e-04,3.261332809589222951e-03,1.413309339376361612e-03,3.152665340007173266e-03,1.984212905964966196e-03,1.804474031918609171e-03,2.380956359378621524e-03,1.202116113906020935e-03,2.588016933085588236e-03,1.345780995359568185e-03,5.003747585505616009e-04,1.000000000000000000e+00,0.000000000000000000e+00,0.000000000000000000e+00,0.000000000000000000e+00,0.000000000000000000e+00,0.000000000000000000e+00,0.000000000000000000e+00,0.000000000000000000e+00,0.000000000000000000e+00,0.000000000000000000e+00
2.249999999999974243e+00,-3.673860366348256079e-01,1.890841875620496992e-03,2.057767417324956605e-01,-2.757371699847636914e-02,-5.316177379450226503e-03,-1.409958672909658768e-02,3.440696922478441583e-02,-4.173637889282270919e-02,4.333381076232791645e-02,-7.147583346479431665e-02,6.179886651107604351e-02,-9.133969702998487317e-02,3.338024729539947749e-02,-9.904452343342375065e-02,8.504375179519345351e-03,-9.033540337359668992e-02,-2.322017004187486994e-02,-7.455806003437863427e-02,-4.507917311755606227e-02,-4.639526721454835523e-02,-4.401431116843200486e-02,-1.826697172580599854e-02,-3.706437545406609385e-02,1.001818448077529774e-04,3.639102975347720519e-04,1.630152156633904795e-03,-9.365190730954466025e-04,2.227380040290141607e-03,-2.470890806455348140e-03,2.815746198069475799e-03,-3.951636405021429930e-04,3.389218613074646003e-03,-2.043088700273647913e-04,3.310243146459419718e-03,1.525160196653053664e-03,3.382551979994923019e-03,2.026992199731111020e-03,2.084671635407138110e-03,2.485146943743929936e-03,1.450346710642691538e-03,2.745477852391816492e-03,1.412443831315971128e-03,6.133889929731204792e-04,1.000000000000000000e+00,0.000000000000000000e+00,0.000000000000000000e+00,0.000000000000000000e+00,0.000000000000000000e+00,0.000000000000000000e+00,0.000000000000000000e+00,0.000000000000000000e+00,0.000000000000000000e+00,0.000000000000000000e+00
2.499999999999968914e+00,-3.673860331964060588e-01,1.890844406913672060e-03,1.981578564637148376e-01,-2.745931211694682336e-02,-4.809873684741160574e-03,-1.239654009311199484e-02,3.308976700958532469e-02,-3.929204542151130963e-02,3.979110901338123174e-02,-6.865826896162779969e-02,6.122526662278582332e-02,-8.741441663553708996e-02,3.463388244686579215e-02,-9.559604771144437907e-02,9.440456303857171910e-03,-8.667874416748547195e-02,-2.029578806225186202e-02,-7.220969213175423840e-02,-4.159719179556579244e-02,-4.476451473499229450e-02,-4.010480964872325388e-02,-1.670758126792006373e-02,-3.629757066614866523e-02,1.393806712669914114e-04,3.354818577721354884e-04,1.653057921067673615e-03,-9.467880544623932023e-04,2.476308545664743840e-03,-2.619201468939030223e-03,2.848901043178812126e-03,-4.022506596942372723e-04,3.713328202329506996e-03,1.885793032125936217e-04,3.508140484796297594e-03,7.177722519397481283e-04,3.628990126192877669e-03,2.183119252435021095e-03,2.400414183769009144e-03,2.545500777033527385e-03,1.682443658108667651e-03,2.882283561934131846e-03,1.537162810471301736e-03,5.938291723271616916e-04,1.000000000000000000e+00,0.000000000000000000e+00,0.000000000000000000e+00,0.000000000000000000e+00,0.000000000000000000e+00,0.000000000000000000e+00,0.000000000000000000e+00,0.000000000000000000e+00,0.000000000000000000e+00,0.000000000000000000e+00
2.749999999999963585e+00,-3.673786380796840723e-01,1.893598821586683911e-03,1.900797453852711150e-01,-2.714824374995166573e-02,-4.651120234322335747e-03,-1.062952539941231650e-02,3.179284178452509990e-02,-3.650433659112271856e-02,3.640545682280350859e-02,-6.546203344516643430e-02,6.126812164378048209e-02,-8.346877950469056007e-02,3.513294139134148786e-02,-9.226425311131875029e-02,9.919354926377138212e-03,-8.284035213119946006e-02,-1.722275452667201487e-02,-6.960293803340765473e-02,-3.837709068764343784e-02,-4.282495061425621585e-02,-3.611681988235902752e-02,-1.508935080072555494e-02,-3.538354581609350069e-02,7.660618446843121430e-04,-5.178955662302040961e-04,1.793566039271386400e-03,-9.158987061573858803e-04,3.119681788988049390e-03,-1.676869529173822052e-03,3.254917801151337945e-03,1.565611659497111608e-03,3.150040578422893568e-03,8.358680899523658961e-04,3.150397341907730520e-03,1.301088665546803970e-04,3.283341138875525179e-03,2.135692386030724112e-03,2.724057601335962142e-03,1.792169229778728086e-03,2.230450012657908716e-03,2.395470417852387044e-03,1.588805414426312053e-03,7.205651945001740472e-04,1.000000000000000000e+00,0.000000000000000000e+00,0.000000000000000000e+00,0.000000000000000000e+00,0.000000000000000000e+00,0.000000000000000000e+00,0.000000000000000000e+00,0.000000000000000000e+00,0.000000000000000000e+00,0.000000000000000000e+00
2.999999999999958256e+00,-3.661543211091985439e-01,2.271277577023056438e-03,1.787141672401602321e-01,-2.653811118251409723e-02,-4.876389945035660041e-03,-8.747798766079379826e-03,3.120059407275283664e-02,-3.361071652561615358e-02,3.586897140858518601e-02,-6.234946371909941970e-02,6.473011307640164080e-02,-8.150500528257831334e-02,3.654788013300701299e-02,-8.989081760105722962e-02,1.091664948773101579e-02,-8.191461697993045188e-02,-1.373812721594844591e-02,-6.874683009519902410e-02,-3.648457000636928793e-02,-3.991566567144781696e-02,-3.587028902474895253e-02,-1.347892309385770142e-02,-3.444086292038813640e-02,5.979329837413319051e-04,7.487151534345921292e-04,2.179855288127193619e-03,9.319282146493773188e-04,2.898997324491176496e-03,2.655639142948790828e-04,3.346040092701359821e-03,2.679424860794623643e-03,2.016836419548146807e-03,1.103276415837060789e-03,2.454310378781235889e-03,1.099137546541045308e-03,5.151877086694234492e-04,2.695837061291609348e-03,5.546289710928000750e-04,9.613843578191230959e-04,3.227948042143736433e-03,-8.515482257570634742e-04,1.988691093649456142e-03,7.830561177047433777e-04,1.000000000000000000e+00,1.000000000000000000e+00,0.000000000000000000e+00,0.000000000000000000e+00,0.000000000000000000e+00,0.000000000000000000e+00,0.000000000000000000e+00,0.000000000000000000e+00,0.000000000000000000e+00,0.000000000000000000e+00
3.249999999999952927e+00,-3.633521214875179428e-01,2.831691550836401561e-03,1.670232625276891203e-01,-2.647844415860550402e-02,-3.980231184136064776e-03,-7.016890667697916507e-03,3.228810804153294661e-02,-3.117304128184930981e-02,3.566319205540464249e-02,-5.906419191201293245e-02,6.771986999732274026e-02,-7.961987162312753052e-02,3.789734745445397929e-02,-8.795930246604656555e-02,1.278869457214874307e-02,-8.025864760050216429e-02,-1.251755845489286104e-02,-6.839603009007484691e-02,-3.530122358884871941e-02,-3.712495803174629266e-02,-3.702961413963614529e-02,-1.321664514976968532e-02,-3.460507441744204576e-02,6.420463268934945445e-04,7.509326219879628155e-04,2.139940628854713860e-03,7.334634902945378872e-04,2.853646783891653459e-03,-2.533960831024964803e-04,4.128691145129625636e-03,1.735503886501750916e-03,2.731650625376061663e-03,1.022667035024542618e-03,2.503472850941832698e-03,1.070893111030808090e-03,2.542605275477596762e-03,7.684179608579978478e-04,1.132949321735573361e-03,1.081259468134321885e-03,3.229393943818469667e-03,-6.023107286553180473e-04,3.864473386402076131e-04,-4.294253408236624672e-04,1.000000000000000000e+00,1.000000000000000000e+00,0.000000000000000000e+00,0.000000000000000000e+00,0.000000000000000000e+00,0.000000000000000000e+00,0.000000000000000000e+00,0.000000000000000000e+00,0.000000000000000000e+00,1.000000000000000000e+00
3.499999999999947597e+00,-3.596332923294697226e-01,2.814964962217336719e-03,1.571925354089293847e-01,-2.651751336716067636e-02,-2.989302704805265904e-03,-5.395209640946945460e-03,3.319057539916156485e-02,-3.031873446046453799e-02,3.670705563220287571e-02,-5.544178366024868354e-02,6.957987995256277591e-02,-7.724607965766350226e-02,3.905049551075635839e-02,-8.603182170816471575e-02,1.426618882164671330e-02,-7.826865547549062552e-02,-1.169397241941131683e-02,-6.774817898913851333e-02,-3.366279296279633265e-02,-3.464686387882634500e-02,-3.766959628397453103e-02,-1.358056793366072684e-02,-3.511258763439081831e-02,8.344683310143648919e-04,5.883089526993563138e-04,2.293771537659273878e-03,4.841212639220294220e-04,1.858018384461873921e-03,5.954921729011292695e-04,4.244652319478516359e-03,1.036927413692414080e-03,3.280377868951184998e-03,6.129355844274330962e-04,2.711985261759859538e-03,1.066112495996352849e-03,2.532545765314756208e-03,2.737080777117778790e-04,1.605219511150687926e-03,1.287794266015116276e-03,3.021510548556925399e-03,-3.025840532528228347e-04,3.572209008376421102e-04,-2.623614430752987991e-04,1.000000000000000000e+00,1.000000000000000000e+00,0.000000000000000000e+00,0.000000000000000000e+00,0.000000000000000000e+00,0.000000000000000000e+00,0.000000000000000000e+00,0.000000000000000000e+00,0.000000000000000000e+00,1.000000000000000000e+00
3.749999999999942268e+00,-3.554638052600029852e-01,2.510785720142294508e-03,1.472462969971365943e-01,-2.651262306011724010e-02,-2.049412259548614394e-03,-3.856197625455211071e-03,3.390482600570707272e-02,-2.920284368174305353e-02,3.743822121027264027e-02,-5.190573913641514936e-02,7.082824678649395078e-02,-7.459566106388536288e-02,3.982234480983664476e-02,-8.388882856969635815e-02,1.562860461409681240e-02,-7.632033208580465966e-02,-1.098260944974702516e-02,-6.686516251539192934e-02,-3.176417578971209993e-02,-3.319372218362777460e-02,-3.812071548002393673e-02,-1.414463929741575227e-02,-3.520327891712520668e-02,9.572176865753793474e-04,4.538427516901016932e-04,2.330139406686782075e-03,4.144669672092000999e-04,1.868297361246961915e-03,4.914879287128027120e-04,4.217787081567909296e-03,6.432879040602210901e-04,3.391804860729403549e-03,4.884367208252954730e-04,3.053669441007401779e-03,7.232699639415906276e-04,2.379175221819259008e-03,1.018700776542500212e-03,1.237169850140225780e-03,9.420489316525750912e-04,1.657196087787993124e-03,-2.386942464739105242e-04,2.098381038789043991e-04,6.654740490134445263e-05,1.000000000000000000e+00,1.000000000000000000e+00,0.000000000000000000e+00,0.000000000000000000e+00,0.000000000000000000e+00,0.000000000000000000e+00,0.000000000000000000e+00,0.000000000000000000e+00,0.000000000000000000e+00,1.000000000000000000e+00
3.999999999999936939e+00,-3.507971429447785949e-01,2.399366579883377426e-03,1.375644587199341962e-01,-2.634737230059531685e-02,-1.577698933774450548e-03,-2.429818768382256081e-03,3.444702606241350357e-02,-2.814872981923422293e-02,3.820410979177155109e-02,-4.849882821862772780e-02,7.157042131056556844e-02,-7.200661782471402816e-02,4.100893298451541852e-02,-8.157118862331137754e-02,1.694228154587140711e-02,-7.490841727642004455e-02,-9.312349342612885258e-03,-6.640043377750622089e-02,-3.036326677550302625e-02,-3.245620554349121917e-02,-3.812176306032089013e-02,-1.485665943194748422e-02,-3.486016102801476474e-02,1.154279510819164554e-03,3.614273802745551116e-04,2.259710231811828691e-03,3.215901666095467046e-04,2.048102267412542626e-03,5.573226154644783875e-04,4.228210285549209753e-03,5.584337656962952120e-04,3.376483517187797798e-03,1.125445478311222752e-03,3.266783079105765875e-03,7.820530735744700857e-04,2.431287942484390736e-03,1.097192534730921740e-03,1.649530876914390891e-03,1.135796583391080784e-03,1.787609847955408046e-03,3.067490888563005863e-05,2.939943317060153614e-04,4.518271368344760645e-04,1.000000000000000000e+00,1.000000000000000000e+00,0.000000000000000000e+00,0.000000000000000000e+00,0.000000000000000000e+00,0.000000000000000000e+00,0.000000000000000000e+00,0.000000000000000000e+00,0.000000000000000000e+00,1.000000000000000000e+00
4.249999999999931610e+00,-3.450319439717098868e-01,2.483399987295520361e-03,1.286500579179109260e-01,-2.623082024356094416e-02,-1.027848005773799017e-03,-1.317563895530925351e-03,3.474606326597092648e-02,-2.701444038726474872e-02,3.919055659006162595e-02,-4.550054894452266324e-02,7.317372248120414258e-02,-6.998697823292637787e-02,4.319665759086019352e-02,-7.918600080679813469e-02,1.826059851619179705e-02,-7.408416510305032565e-02,-7.286457413161905386e-03,-6.594675473453689984e-02,-2.967095581058429646e-02,-3.148519295172906574e-02,-3.848912842972402465e-02,-1.560145890600175660e-02,-3.423813087121727050e-02,1.231102338415463382e-03,7.084071634883287597e-04,2.172538363559157505e-03,1.650476384245541694e-04,2.321079738470744822e-03,7.603322574070708753e-04,4.077859573735994128e-03,1.062304759450606161e-03,3.267470112220931949e-03,1.605259848264878417e-03,3.540928672494079998e-03,1.017124520982012848e-03,1.902400243995204954e-03,1.581723293443636300e-03,1.539828836777612942e-03,2.235666417761101134e-04,1.790931699826082881e-03,-4.115308961356344063e-04,6.112590816548354100e-04,3.593564361568537635e-04,1.000000000000000000e+00,1.000000000000000000e+00,0.000000000000000000e+00,0.000000000000000000e+00,0.000000000000000000e+00,0.000000000000000000e+00,0.000000000000000000e+00,0.000000000000000000e+00,0.000000000000000000e+00,1.000000000000000000e+00
4.499999999999926281e+00,-3.384942650541564735e-01,2.617823648759065591e-03,1.200773141911576636e-01,-2.622635129697220568e-02,-1.391052939933887602e-04,-4.056334190168791611e-04,3.489198276089159473e-02,-2.591575329230661959e-02,4.015931389141771252e-02,-4.261735103323924245e-02,7.444335022000037050e-02,-6.777969063368718960e-02,4.523701325311478560e-02,-7.704381327509714217e-02,2.018871313421470234e-02,-7.318904137284772127e-02,-5.912635562347211618e-03,-6.585466071278812950e-02,-2.944904516737931535e-02,-3.102912263061087875e-02,-3.892027840021405893e-02,-1.625969973181775816e-02,-3.375890843659270363e-02,1.397464762431847212e-03,6.537378318425559297e-04,2.226943762052172125e-03,1.046320261837517106e-04,2.423986090435086005e-03,6.973104759638561407e-04,4.020232488224625977e-03,1.031688533607658283e-03,3.481649761853144228e-03,1.448318319941418065e-03,3.289871324436895086e-03,1.438173779558858927e-03,2.209465335970291384e-03,7.615456293077587637e-04,1.151901919916714081e-03,7.294890655626685701e-05,1.692596573665732743e-03,-1.864456934716072676e-04,7.893789901043232662e-04,3.259185157010001518e-04,1.000000000000000000e+00,1.000000000000000000e+00,0.000000000000000000e+00,0.000000000000000000e+00,0.000000000000000000e+00,0.000000000000000000e+00,0.000000000000000000e+00,0.000000000000000000e+00,0.000000000000000000e+00,1.000000000000000000e+00
4.749999999999920952e+00,-3.313059151689795589e-01,2.712786195747218798e-03,1.119535769320929020e-01,-2.621937702335323805e-02,7.486990708702487111e-04,4.823517126861103801e-04,3.500249111156063936e-02,-2.497749721069521256e-02,4.076779477124432144e-02,-3.991980260798126678e-02,7.592767542081725607e-02,-6.569696029475743937e-02,4.747948098884698098e-02,-7.513334984450063814e-02,2.186462878080262795e-02,-7.232164932319413986e-02,-4.923818060553013069e-03,-6.592791717319737566e-02,-2.910541784710470384e-02,-3.100864837846994612e-02,-3.909575987734966590e-02,-1.681061163218947399e-02,-3.352143527762739550e-02,1.478181681527986676e-03,6.720068064694451017e-04,2.375497324996001750e-03,9.614664534064799634e-05,2.270522800558271662e-03,3.695634146706199431e-04,3.963519900038251810e-03,1.029598048842613172e-03,3.516490890647165548e-03,1.570973297951529582e-03,3.394690253771244590e-03,1.196984247893606145e-03,2.345182294145515579e-03,7.070593724314672927e-04,1.597175585808207439e-03,5.128425510674634782e-04,1.318534046689627537e-03,2.032561798262188911e-05,9.596396952037493638e-04,1.645322477735154665e-04,1.000000000000000000e+00,1.000000000000000000e+00,0.000000000000000000e+00,0.000000000000000000e+00,0.000000000000000000e+00,0.000000000000000000e+00,0.000000000000000000e+00,0.000000000000000000e+00,0.000000000000000000e+00,1.000000000000000000e+00
4.999999999999915623e+00,-3.236773546956456249e-01,2.691694231863772657e-03,1.039941332576803656e-01,-2.621515393796962357e-02,1.692664632809210389e-03,1.482339416876930164e-03,3.513126636494476318e-02,-2.394969595637501045e-02,4.133552056508165568e-02,-3.743023106554473761e-02,7.726017524849088103e-02,-6.403863388582298199e-02,4.946942435951291045e-02,-7.317982546669551946e-02,2.365421028953521715e-02,-7.151332185485741177e-02,-4.023102744919151291e-03,-6.584690038916903021e-02,-2.822177850960036830e-02,-3.117869094189956378e-02,-3.905055017250166904e-02,-1.734029281425105568e-02,-3.331912221525876183e-02,1.569882288426083889e-03,6.672727706719177795e-04,2.608021876851510535e-03,8.640669199303855339e-05,2.616289619905755141e-03,3.637512101457908995e-04,3.859764298910554198e-03,8.605713897130154097e-04,3.041002145094085299e-03,1.249177660090934139e-03,3.555663268478770171e-03,1.283034987645175016e-03,2.283734676511304379e-03,7.301937353359357714e-04,1.754781743521632463e-03,8.307471194568842240e-04,1.349558616059735828e-03,1.462756455355598666e-04,1.037095549479595969e-03,1.440127970175200732e-04,1.000000000000000000e+00,1.000000000000000000e+00,0.000000000000000000e+00,0.000000000000000000e+00,0.000000000000000000e+00,0.000000000000000000e+00,0.000000000000000000e+00,0.000000000000000000e+00,0.000000000000000000e+00,1.000000000000000000e+00
5.249999999999910294e+00,-3.157841786482432633e-01,2.538986236664930729e-03,9.602696046825544285e-02,-2.616735266962474590e-02,2.532849899598812755e-03,2.628099146896669801e-03,3.527334101908165959e-02,-2.274189341799422170e-02,4.205120610689733890e-02,-3.513676710205112380e-02,7.842423606247564405e-02,-6.245154821476764373e-02,5.118060250139833123e-02,-7.101413729751981929e-02,2.539827464539870169e-02,-7.083006701698002505e-02,-2.645383585764579919e-03,-6.558244777162555716e-02,-2.712237390642838891e-02,-3.152653104964430603e-02,-3.882808973340355629e-02,-1.790263465787420363e-02,-3.297692216724810998e-02,1.656372831444080608e-03,6.250003417799358547e-04,2.769862015197215553e-03,5.463291577816469397e-05,2.804221901417203438e-03,5.662647859426912702e-04,3.758715257861028249e-03,9.159217334332614858e-04,3.146868287805211668e-03,1.185358167200245691e-03,3.493305695459224865e-03,1.302151076140243505e-03,2.175205201920742647e-03,1.000730023782516343e-03,1.700681467210026204e-03,5.551893527650853585e-04,1.231360928031647976e-03,8.309618572071032750e-05,1.092555365505579190e-03,2.682497694384188762e-04,1.000000000000000000e+00,1.000000000000000000e+00,0.000000000000000000e+00,0.000000000000000000e+00,0.000000000000000000e+00,0.000000000000000000e+00,0.000000000000000000e+00,0.000000000000000000e+00,0.000000000000000000e+00,1.000000000000000000e+00
5.499999999999904965e+00,-3.071259331967612916e-01,2.179108327739820439e-03,8.982029997459319015e-02,-2.622327153865816260e-02,3.661889347169229765e-03,3.776073658993544645e-03,3.544335850873091276e-02,-2.147541439615191505e-02,4.285605287834991228e-02,-3.306209096808535031e-02,7.968234493729323131e-02,-6.119620577551228291e-02,5.345574512283531032e-02,-6.965816990588113988e-02,2.777263974663324309e-02,-7.046952518602105087e-02,-1.014553447832053628e-03,-6.575979902563632018e-02,-2.621891911834742933e-02,-3.212209067232888599e-02,-3.828099201404262103e-02,-1.826624530026125723e-02,-3.303504930898482073e-02,1.717334946994141355e-03,7.379519215672406332e-04,2.900104209013736577e-03,4.116411948026352024e-05,2.993683499553738241e-03,3.728386264053634627e-04,3.664202373422948463e-03,6.213720355120224944e-04,3.034719724952212368e-03,1.613954378568668076e-03,3.134988544498773337e-03,1.449984136286137405e-03,2.209904335181675766e-03,1.174967375530063061e-03,1.656783826819988341e-03,7.216095933223356075e-04,1.072295943146043921e-03,4.942422509463210035e-04,1.450004235290241464e-03,-9.107137994921486789e-05,1.000000000000000000e+00,1.000000000000000000e+00,0.000000000000000000e+00,0.000000000000000000e+00,0.000000000000000000e+00,0.000000000000000000e+00,0.000000000000000000e+00,0.000000000000000000e+00,0.000000000000000000e+00,1.000000000000000000e+00
5.749999999999899636e+00,-2.981458119094601011e-01,1.712648716537978899e-03,8.411547107202659024e-02,-2.626664363124125989e-02,4.763926629737174658e-03,4.944126522741346813e-03,3.559765679589309284e-02,-2.023632656220110057e-02,4.335581324434992917e-02,-3.119563017200824642e-02,8.041492785775150587e-02,-5.969051576871685361e-02,5.554531527156027215e-02,-6.821326795260779230e-02,2.990240090608695459e-02,-6.993070377227557366e-02,7.338291805455050571e-04,-6.574769200162912386e-02,-2.488276032470531501e-02,-3.298330417576935542e-02,-3.739110866360374763e-02,-1.865129444212934931e-02,-3.286942937269813486e-02,1.802655062391435564e-03,6.834012275111157799e-04,2.929712936471755725e-03,-1.115338627822243784e-05,3.013093273019276132e-03,2.044174457119879115e-04,3.505857854253326741e-03,4.172293143840821077e-04,3.353377545770943463e-03,1.303628149793660800e-03,3.172521854395164188e-03,1.506527056428206635e-03,2.387539147046528754e-03,1.130151100798035962e-03,1.928874228675791103e-03,1.001211140898192100e-03,8.627757107169840498e-04,6.030855691272826854e-04,1.455810364775785839e-03,5.368105310752832018e-05,1.000000000000000000e+00,1.000000000000000000e+00,0.000000000000000000e+00,0.000000000000000000e+00,0.000000000000000000e+00,0.000000000000000000e+00,0.000000000000000000e+00,0.000000000000000000e+00,0.000000000000000000e+00,1.000000000000000000e+00
5.999999999999894307e+00,-2.886571147557474015e-01,1.167105967242232367e-03,7.844473781819612246e-02,-2.627468923146541319e-02,5.788110616895424457e-03,6.025371930817590392e-03,3.567838648843949662e-02,-1.903939524359960639e-02,4.374848515735323823e-02,-2.955387587157069437e-02,8.102137657011479477e-02,-5.819407878911265347e-02,5.752595083245011509e-02,-6.698102511123431302e-02,3.236774553253502634e-02,-6.943014199679233001e-02,2.354189750390798998e-03,-6.572643303819623861e-02,-2.331431353521231861e-02,-3.400499460257067064e-02,-3.646947671590985290e-02,-1.904844373638518371e-02,-3.262827443528003302e-02,1.973963468191858132e-03,5.249106201644386429e-04,2.946252245316932031e-03,-8.798928076935221292e-05,3.044906000842349195e-03,1.393978525223824754e-04,3.478823569357543562e-03,2.918037704717554989e-04,3.431735342898573678e-03,1.185700466586903480e-03,3.070098114025866277e-03,1.790869974484628896e-03,2.446206771159465526e-03,1.001539821935799445e-03,1.999502210018813328e-03,1.068473589862716953e-03,8.920317094406259809e-04,5.987941661986279258e-04,1.550698566255676123e-03,8.929125713878031663e-05,1.000000000000000000e+00,1.000000000000000000e+00,0.000000000000000000e+00,0.000000000000000000e+00,0.000000000000000000e+00,0.000000000000000000e+00,0.000000000000000000e+00,0.000000000000000000e+00,0.000000000000000000e+00,1.000000000000000000e+00
6.249999999999888978e+00,-2.787952264010182812e-01,5.155793693836230318e-04,7.270495738504795247e-02,-2.622286008889598494e-02,6.594320236554201443e-03,7.011940871048023133e-03,3.568463759719210648e-02,-1.785047829915085635e-02,4.425380843303578643e-02,-2.803276853597056265e-02,8.152538693532576652e-02,-5.658109109029069855e-02,5.945276163078981602e-02,-6.579171090440492919e-02,3.478471022565050169e-02,-6.892643543845823617e-02,4.093455147427291045e-03,-6.560170949990272449e-02,-2.181881947691939952e-02,-3.514824865460586950e-02,-3.529580471957801530e-02,-1.946447534462975373e-02,-3.229211556269181993e-02,2.068728355765176580e-03,4.461829969298227025e-04,2.899691367885775476e-03,-1.653485279645424224e-04,3.115307403744111379e-03,1.836644595316497069e-04,3.452923701627059506e-03,2.065885601308074403e-04,3.599960971563328192e-03,1.325748451730125168e-03,3.150094979678594309e-03,1.558883474010949689e-03,2.468531039805914144e-03,1.172679124671249492e-03,2.157171651579761762e-03,8.740390685935045317e-04,9.287913637745610299e-04,7.750617655919261840e-04,1.607021835353867386e-03,1.303552347738657074e-04,1.000000000000000000e+00,1.000000000000000000e+00,0.000000000000000000e+00,0.000000000000000000e+00,0.000000000000000000e+00,0.000000000000000000e+00,0.000000000000000000e+00,0.000000000000000000e+00,0.000000000000000000e+00,1.000000000000000000e+00
6.499999999999883649e+00,-2.685565122773979629e-01,-2.609981332772903784e-04,6.682717720414570184e-02,-2.616073183383475775e-02,7.448631469930072115e-03,7.871350284074327477e-03,3.561033169262255854e-02,-1.670802812010448515e-02,4.460750863902043090e-02,-2.662491878815629459e-02,8.191914893180145263e-02,-5.510710824647852002e-02,6.141383641782990899e-02,-6.457911433244238608e-02,3.712735504311245188e-02,-6.836627240023955554e-02,5.839530083248544237e-03,-6.536618710504001062e-02,-2.035495023494994157e-02,-3.631019145628968520e-02,-3.387135412217209124e-02,-1.990066665627329354e-02,-3.185594628626899072e-02,2.146310702315506330e-03,4.645974140678238895e-04,2.855355606702812514e-03,-2.487219683298577374e-04,3.224136672860265177e-03,1.054949094156394228e-04,3.346116533958322543e-03,1.025925987412580804e-04,3.288350315338982137e-03,1.314874094438649990e-03,3.178560688744992008e-03,1.331879464157949061e-03,2.642781457732823296e-03,1.024813245450870852e-03,2.340450838477790667e-03,8.849772510193746732e-04,8.977999280501203824e-04,9.726201713430584431e-04,1.665487701088138499e-03,1.489366569157341425e-04,1.000000000000000000e+00,1.000000000000000000e+00,0.000000000000000000e+00,0.000000000000000000e+00,0.000000000000000000e+00,0.000000000000000000e+00,0.000000000000000000e+00,0.000000000000000000e+00,0.000000000000000000e+00,1.000000000000000000e+00
6.749999999999878320e+00,-2.580072842553636780e-01,-1.175934740278439250e-03,6.086420297716532007e-02,-2.607914951787179345e-02,8.290269650749254246e-03,8.612680136371684073e-03,3.547002200447938597e-02,-1.550305333480901833e-02,4.505393204764482351e-02,-2.537934483571003402e-02,8.219466867018546119e-02,-5.364417235008418078e-02,6.331899879885588556e-02,-6.340486625508086338e-02,3.933889602431523552e-02,-6.777202810849061732e-02,7.470010455722745149e-03,-6.505235986835633533e-02,-1.896706021150884602e-02,-3.759330878780252350e-02,-3.211458172573782716e-02,-2.033730790116548143e-02,-3.140488090608480748e-02,2.221182558781043068e-03,4.084369769139366041e-04,2.794122296979438883e-03,-3.188036726004779076e-04,3.296854294228230425e-03,1.322596628195575629e-04,3.327400180022660296e-03,-5.884403542910700979e-05,3.583620061065326875e-03,1.053495851817324138e-03,3.369810028052132225e-03,1.380863549139940086e-03,2.739416616162892136e-03,9.602784136005248789e-04,2.518978756492002563e-03,7.921846508879993448e-04,8.656340629092009603e-04,1.209336648630551271e-03,1.700597500978351991e-03,1.765392300604653867e-04,1.000000000000000000e+00,1.000000000000000000e+00,0.000000000000000000e+00,0.000000000000000000e+00,0.000000000000000000e+00,0.000000000000000000e+00,0.000000000000000000e+00,0.000000000000000000e+00,0.000000000000000000e+00,1.000000000000000000e+00
6.999999999999872990e+00,-2.472052424882290600e-01,-2.202081543918321671e-03,5.467107278837161910e-02,-2.597319393513210922e-02,9.117511607655282013e-03,9.246187499938860604e-03,3.526727953525642112e-02,-1.428050968930990976e-02,4.549035748518689276e-02,-2.422973898891640776e-02,8.234102234500982609e-02,-5.212703840885722639e-02,6.510609851403016679e-02,-6.220370051087147079e-02,4.158778610695573058e-02,-6.724284146047397603e-02,9.331607478509054004e-03,-6.490415885269670837e-02,-1.729961126901109064e-02,-3.886779961545504952e-02,-3.035457178598500658e-02,-2.079893266785747680e-02,-3.081662082566685376e-02,2.326406837441557986e-03,3.538465946767877391e-04,2.755302291088539829e-03,-3.947841747823323992e-04,3.371680923427512570e-03,9.053560412202069183e-05,3.180599375782757442e-03,-1.196625518235337472e-04,3.857403797825329807e-03,1.345320265402297471e-03,3.115513101506846207e-03,1.655722475213427733e-03,2.470160098057888089e-03,1.509198252069267592e-03,2.069331953585804278e-03,1.196216272177999486e-03,1.173200836016495725e-03,5.310363050459926187e-04,1.743003753708754610e-03,2.995463399177992385e-04,1.000000000000000000e+00,1.000000000000000000e+00,0.000000000000000000e+00,0.000000000000000000e+00,0.000000000000000000e+00,0.000000000000000000e+00,0.000000000000000000e+00,0.000000000000000000e+00,0.000000000000000000e+00,1.000000000000000000e+00
7.249999999999867661e+00,-2.360141322555801002e-01,-3.435515592662197193e-03,4.814981071622363717e-02,-2.584504143411815724e-02,9.975801727812131162e-03,9.755067637749007328e-03,3.500084855670856920e-02,-1.312251017614588303e-02,4.588130664078655246e-02,-2.312014422589450321e-02,8.269224882429056234e-02,-5.065842038146158022e-02,6.724730540038513504e-02,-6.106607972136624679e-02,4.413154844296274248e-02,-6.684722762945148611e-02,1.157823594637341635e-02,-6.498633751484267362e-02,-1.529973978873789935e-02,-3.987692969653935937e-02,-2.906394230077491425e-02,-2.130216447198488017e-02,-2.994531907305524737e-02,2.387768248872138791e-03,3.796632941294197407e-04,2.697888737853159496e-03,-4.838799393565728800e-04,3.346205434532812609e-03,-3.289661198497386481e-05,3.255164498698522209e-03,8.121203040566397669e-06,3.674747540046106268e-03,1.151382638056829650e-03,3.496857766263645334e-03,1.492048312616098315e-03,2.725078251636338204e-03,1.213208515385187560e-03,2.267239593338210048e-03,1.208242303009836186e-03,1.286737797820781916e-03,7.953236839715136647e-04,1.760101071350151508e-03,4.632417675281035518e-04,1.000000000000000000e+00,1.000000000000000000e+00,0.000000000000000000e+00,0.000000000000000000e+00,0.000000000000000000e+00,0.000000000000000000e+00,0.000000000000000000e+00,0.000000000000000000e+00,0.000000000000000000e+00,1.000000000000000000e+00
7.499999999999862332e+00,-2.246719282887121860e-01,-4.902037345592580309e-03,4.134071157595168439e-02,-2.569616957675123145e-02,1.088334405512807884e-02,1.018246830212137660e-02,3.469174018212290572e-02,-1.197255571640490693e-02,4.620167627874131183e-02,-2.202344410702161345e-02,8.309089311639354658e-02,-4.927855009614379861e-02,6.881939486781323001e-02,-5.970919595174055405e-02,4.647027674122813923e-02,-6.636915712661517475e-02,1.382375098986439801e-02,-6.491695891955391595e-02,-1.329924288247303320e-02,-4.068380393837735948e-02,-2.770186115594850187e-02,-2.183234689779301949e-02,-2.877591654553275993e-02,2.433678149584276272e-03,3.460131456207920586e-04,2.664215491900494021e-03,-5.469076089844066447e-04,3.390532210990000565e-03,-9.939851735978134429e-05,3.578957778255194896e-03,6.278222308639698078e-05,3.490066110145051935e-03,6.040168365942161829e-04,3.526606735346156200e-03,8.811564977453516809e-04,2.724531273958729054e-03,1.527133355278073416e-03,2.438651997640769054e-03,1.140356190719341283e-03,1.841581386916811862e-03,5.150103722720122523e-04,1.758678033748351617e-03,6.469324616257241022e-04,1.000000000000000000e+00,1.000000000000000000e+00,0.000000000000000000e+00,0.000000000000000000e+00,0.000000000000000000e+00,0.000000000000000000e+00,0.000000000000000000e+00,0.000000000000000000e+00,0.000000000000000000e+00,1.000000000000000000e+00
7.749999999999857003e+00,-2.131904872039660503e-01,-6.552109631345004459e-03,3.451174003864195677e-02,-2.552422162599395083e-02,1.172546497139924544e-02,1.054252350289804768e-02,3.436413394212208677e-02,-1.082370325227367119e-02,4.644174577563325162e-02,-2.081883044392819626e-02,8.354483952809953207e-02,-4.791529784580381840e-02,6.988936855397617776e-02,-5.839044876251319599e-02,4.826631485867051430e-02,-6.590334467826892972e-02,1.611116365593578958e-02,-6.469029733574020724e-02,-1.122291058339047048e-02,-4.125451963462258009e-02,-2.654341496931241287e-02,-2.234758915599289325e-02,-2.744729436762146160e-02,2.491401855655093946e-03,2.023147945875630792e-04,2.618249525365957345e-03,-5.773726553772617247e-04,3.423528411441049100e-03,-2.137380240935657578e-04,3.522223644267507940e-03,5.886703273795493595e-05,3.591160408292280552e-03,3.782647864273874674e-04,3.450458315331712128e-03,9.382098211557034001e-04,2.700655760643428174e-03,1.093080789152246117e-03,2.520666224337097042e-03,1.130546044660334093e-03,1.532617910256747155e-03,5.539721064368251886e-04,1.895121100482736977e-03,4.899440254904289648e-04,1.000000000000000000e+00,1.000000000000000000e+00,0.000000000000000000e+00,0.000000000000000000e+00,0.000000000000000000e+00,0.000000000000000000e+00,0.000000000000000000e+00,0.000000000000000000e+00,0.000000000000000000e+00,1.000000000000000000e+00
7.999999999999851674e+00,-2.014298301550788706e-01,-8.457407187732579601e-03,2.832466888607704236e-02,-2.536061446793885440e-02,1.256386628653929569e-02,1.079270464329449945e-02,3.405483781042199093e-02,-9.743866908456405920e-03,4.680220958273757087e-02,-1.953177196306591507e-02,8.410687312102642366e-02,-4.669649503129812834e-02,7.090395714784819559e-02,-5.724987196353947122e-02,5.002807820029455538e-02,-6.547303595775715024e-02,1.795590649521530344e-02,-6.451514896809443234e-02,-9.215511870576367087e-03,-4.188632757713076776e-02,-2.552324300836997933e-02,-2.279070724311220431e-02,-2.616147897687122817e-02,2.520546996254963319e-03,2.197987321919996832e-04,2.565485827640266378e-03,-6.230838898549428484e-04,3.400468843634383946e-03,-1.843554686661410852e-04,3.649429436972842500e-03,-5.841875013055791835e-05,3.524342526048499652e-03,3.292005156435797342e-04,3.511581187121440902e-03,8.363242984710014382e-04,2.822826341073229623e-03,9.974985048136156968e-04,2.596069371222989308e-03,8.370162268124510876e-04,1.953360315595125459e-03,1.686475246997555543e-04,1.937547851808223099e-03,6.624419414903649946e-04,1.000000000000000000e+00,1.000000000000000000e+00,0.000000000000000000e+00,0.000000000000000000e+00,0.000000000000000000e+00,0.000000000000000000e+00,0.000000000000000000e+00,0.000000000000000000e+00,0.000000000000000000e+00,1.000000000000000000e+00
8.249999999999889866e+00,-1.895540108464045526e-01,-1.054849470967611502e-02,2.230234135179725088e-02,-2.519161365909856551e-02,1.346046957042280716e-02,1.095864353500869241e-02,3.374694833569952951e-02,-8.630090266587077050e-03,4.715012014593832068e-02,-1.827017701986323114e-02,8.448036659476280963e-02,-4.545757758230487000e-02,7.189986822360643071e-02,-5.600544945967173005e-02,5.181769499640091065e-02,-6.491514531428597967e-02,1.973600362636563840e-02,-6.418853611127439684e-02,-7.507229240020476396e-03,-4.246647383686787125e-02,-2.451714275478429975e-02,-2.320397333826578964e-02,-2.471165046342920640e-02,2.568030184444895780e-03,2.599599811916743870e-04,2.510190338675432134e-03,-6.489170792951018917e-04,3.500645199866392245e-03,-2.114902716979578565e-04,3.577961786616097508e-03,-2.398114062947175539e-04,3.617637314189351555e-03,3.247436072856549273e-04,3.593176126586597983e-03,9.076087632280080983e-04,2.885476038537884789e-03,9.290213901577187763e-04,2.611778099396632347e-03,7.350465420791574365e-04,1.604159727506335956e-03,8.400122522837151929e-04,2.053466959448431179e-03,3.968830034131503519e-04,1.000000000000000000e+00,1.000000000000000000e+00,0.000000000000000000e+00,0.000000000000000000e+00,0.000000000000000000e+00,0.000000000000000000e+00,0.000000000000000000e+00,0.000000000000000000e+00,0.000000000000000000e+00,1.000000000000000000e+00
8.499999999999928946e+00,-1.774174190865835943e-01,-1.278426875972571430e-02,1.644342555854440974e-02,-2.501632646905934884e-02,1.445300300372178923e-02,1.101508467430572027e-02,3.344411651286762627e-02,-7.475312785747583767e-03,4.743919291869180821e-02,-1.707166549924620316e-02,8.466370260448743967e-02,-4.426881726780697995e-02,7.289884319186361317e-02,-5.471564615579538327e-02,5.363311712543357423e-02,-6.459348586154481375e-02,2.199407348096161716e-02,-6.435740396129789598e-02,-5.107757369848624045e-03,-4.307925698009098386e-02,-2.299545498861077508e-02,-2.356060046796524740e-02,-2.364241907337675391e-02,2.612961133722924243e-03,2.527620218877842996e-04,2.448198546338509543e-03,-6.815505718903802721e-04,3.573519711640214033e-03,-2.633566431194842255e-04,3.552668748075437678e-03,-4.160298813715060493e-04,3.514468504461656234e-03,2.028535318206255871e-04,3.752990903072839918e-03,7.358300354953221023e-04,2.834653618710071803e-03,1.113595191940143459e-03,2.286280215050619149e-03,1.399271624380097213e-03,1.830260403865510265e-03,7.651247358767645276e-04,2.093025240654761403e-03,3.590862216715412546e-04,1.000000000000000000e+00,1.000000000000000000e+00,0.000000000000000000e+00,0.000000000000000000e+00,0.000000000000000000e+00,0.000000000000000000e+00,0.000000000000000000e+00,0.000000000000000000e+00,0.000000000000000000e+00,1.000000000000000000e+00
8.749999999999968026e+00,-1.652966715298102018e-01,-1.540703984118629855e-02,1.065544725341678774e-02,-2.481911226376471574e-02,1.521186862977968318e-02,9.983469331502462657e-03,3.370918365181620191e-02,-6.346387933912229010e-03,4.849852312092401557e-02,-1.586461817939941940e-02,8.491729887125222531e-02,-4.304395782642834317e-02,7.418048961783539619e-02,-5.331540292892279764e-02,5.539793061010982872e-02,-6.412803572047620637e-02,2.431800304489010328e-02,-6.435825502384312502e-02,-2.749436039990202623e-03,-4.357099571092395984e-02,-2.151043154385344491e-02,-2.389775544240831801e-02,-2.233647698933558315e-02,2.598389108426306989e-03,-5.713621650235681162e-04,4.601732114996871010e-07,-5.776687727187787364e-06,3.617704017048663061e-03,1.255957607489128266e-03,3.643821548049828822e-03,7.558430169408778931e-05,3.678949627126220680e-03,5.619222530159782500e-04,3.670055722527740087e-03,8.210483862478152022e-04,2.821413390499259276e-03,9.281452335344308460e-04,2.464447052632042206e-03,1.091018936145514429e-03,1.997035980296278483e-03,2.880623668821230511e-04,2.108167144036100088e-03,4.935529178680595191e-04,1.000000000000000000e+00,1.000000000000000000e+00,0.000000000000000000e+00,0.000000000000000000e+00,0.000000000000000000e+00,0.000000000000000000e+00,0.000000000000000000e+00,0.000000000000000000e+00,0.000000000000000000e+00,1.000000000000000000e+00
9.000000000000007105e+00,-1.536629254913620679e-01,-1.711474090314246688e-02,8.890663081971761014e-03,-2.475255512593925455e-02,1.525670815749342012e-02,7.546933374061545220e-03,3.447159214603263272e-02,-4.696520057652688214e-03,5.012303979947341226e-02,-1.444758398895346768e-02,8.571403388562622017e-02,-4.159986278577916530e-02,7.570767684494852934e-02,-5.216499548961363308e-02,5.691728913489470243e-02,-6.385801567718807359e-02,2.611385228343883827e-02,-6.437579381616606589e-02,-1.054918917800209705e-03,-4.396004622890069269e-02,-2.071624614640455928e-02,-2.404598363503378244e-02,-2.104248451718674848e-02,2.158941345860591193e-03,-1.257773981556805332e-05,-2.205005429389640578e-05,5.742466359617331897e-04,4.190328550862038384e-03,9.744867441090551826e-04,3.781978624994911803e-03,1.348325774572356060e-04,3.403967339387167605e-03,1.396671210570236098e-03,2.530917699784941081e-03,1.535389195349347335e-04,2.570577209207661716e-03,7.731065432322554781e-04,1.651591888378301908e-03,7.394591622673510681e-04,1.885719265289084647e-03,3.480104430882072350e-04,2.331388094481926399e-03,6.993245295255281092e-04,1.000000000000000000e+00,1.000000000000000000e+00,0.000000000000000000e+00,0.000000000000000000e+00,0.000000000000000000e+00,0.000000000000000000e+00,0.000000000000000000e+00,0.000000000000000000e+00,0.000000000000000000e+00,1.000000000000000000e+00
9.250000000000046185e+00,-1.426042686307660290e-01,-1.724222244717510399e-02,1.182372070081840441e-02,-2.486551571991418158e-02,1.525993560460613303e-02,5.241627503249818992e-03,3.455424673302096017e-02,-3.811735066707778747e-03,5.224975878078137043e-02,-1.280067434786008422e-02,8.589568722766788289e-02,-4.051567836867955158e-02,7.745248492253824224e-02,-5.194111162303460816e-02,5.717244469615745395e-02,-6.357542523127054923e-02,2.694175197099369853e-02,-6.488237460729669170e-02,-1.123196907567816281e-04,-4.431265239196880562e-02,-2.035408759516453558e-02,-2.392321096346999854e-02,-2.060946101186678092e-02,2.036858377250488992e-03,-8.183515564289373350e-05,-4.573311613372859240e-06,1.256140797505945767e-04,2.424005457053241084e-03,1.312671547339844518e-03,3.601263710125965356e-03,1.236170654727430777e-04,3.342259954830539923e-03,1.030070482171609614e-03,2.386019157372210823e-03,4.223414021556801362e-04,2.260744208154673914e-03,6.842760004348632380e-04,1.859695255321718813e-03,5.484242819394833084e-04,1.860801015394648482e-03,7.032052029609027369e-05,2.327774973363242773e-03,1.786982415984619149e-04,1.000000000000000000e+00,1.000000000000000000e+00,0.000000000000000000e+00,0.000000000000000000e+00,0.000000000000000000e+00,0.000000000000000000e+00,0.000000000000000000e+00,0.000000000000000000e+00,0.000000000000000000e+00,1.000000000000000000e+00
9.500000000000085265e+00,-1.318356331086019129e-01,-1.727413344733985667e-02,1.568452593286906102e-02,-2.501284939568595642e-02,1.513692073982608743e-02,2.998360372537325468e-03,3.455310221524078573e-02,-3.347050612983922153e-03,5.386235748980209431e-02,-1.160230739907996272e-02,8.598545367869137035e-02,-3.945908318354874461e-02,7.876298541758634808e-02,-5.168206576699593824e-02,5.776279501436572261e-02,-6.329275040240728289e-02,2.769461000626650612e-02,-6.499597589040394252e-02,6.828398300561749163e-04,-4.466667738842891588e-02,-1.990785054020955541e-02,-2.376166127845258380e-02,-2.024353060892880585e-02,1.997517219626109702e-03,-8.926311086790639704e-05,1.794851400562646563e-06,-5.738111989582163558e-05,2.781065952495834041e-03,9.255111511985464768e-04,3.057064444405477224e-03,-1.343258086858607606e-04,3.079212268507667497e-03,7.716692553938409504e-04,2.428067400577548895e-03,4.044924560027621371e-04,2.535205522560648843e-03,4.901732760764114039e-04,2.112528227988272160e-03,5.263397663400764832e-04,1.749147089612759429e-03,5.380570403999652626e-04,2.286908655780343913e-03,3.365902807063364316e-04,1.000000000000000000e+00,1.000000000000000000e+00,0.000000000000000000e+00,0.000000000000000000e+00,0.000000000000000000e+00,0.000000000000000000e+00,0.000000000000000000e+00,0.000000000000000000e+00,0.000000000000000000e+00,1.000000000000000000e+00
9.750000000000124345e+00,-1.211206560354379791e-01,-1.700305704572224741e-02,1.911827129783822202e-02,-2.514299079079434715e-02,1.497890015471687285e-02,7.710941464085980818e-04,3.432423320294518410e-02,-2.544046235931420995e-03,5.461270110329473348e-02,-1.056142823951391335e-02,8.611835128477314527e-02,-3.878020935901083793e-02,7.990351387982559672e-02,-5.147083569515067958e-02,5.826796632559570754e-02,-6.325071347952662681e-02,2.815746221416787903e-02,-6.521733135131141390e-02,1.206060232094019469e-03,-4.508947323101231835e-02,-1.977731305550481031e-02,-2.363275347743294674e-02,-1.977804099690770590e-02,2.016977574510557276e-03,-7.858231113786616386e-05,7.875358858618927463e-06,-1.466148713523684219e-04,3.065311453068546906e-03,4.430253843235458554e-04,3.311075903128039063e-03,4.184840702968802418e-04,2.549940814681632591e-03,1.138752126950121676e-03,2.294734576019403713e-03,6.076166821669772618e-04,1.875601678679707663e-03,2.930552474091000620e-04,1.983357094077177300e-03,3.359627281382896054e-04,1.779658500746370735e-03,-2.900045737554682768e-04,2.244415705201512241e-03,4.369535089474966302e-04,1.000000000000000000e+00,1.000000000000000000e+00,0.000000000000000000e+00,0.000000000000000000e+00,0.000000000000000000e+00,0.000000000000000000e+00,0.000000000000000000e+00,0.000000000000000000e+00,0.000000000000000000e+00,1.000000000000000000e+00
1.000000000000016342e+01,-1.105417090163959282e-01,-1.648939171450813923e-02,2.228955939375019263e-02,-2.525628083199786544e-02,1.469356063701903609e-02,-1.430840011317467859e-03,3.413524497415128950e-02,-1.603947368940978561e-03,5.484760312267072252e-02,-9.621759457452392500e-03,8.613456110674864996e-02,-3.824568611336404828e-02,8.129139140218412385e-02,-5.104205979107612201e-02,5.929458493314375411e-02,-6.323010668093495545e-02,2.848405241164302798e-02,-6.517165503267947912e-02,1.592307480020902204e-03,-4.551584216397160793e-02,-1.977274235694986143e-02,-2.352790273782434313e-02,-1.925063747777696135e-02,2.000118464963232361e-03,-1.071154344950938687e-04,1.350148891838443812e-08,-2.359598733915984449e-08,2.969559228688823608e-03,1.095447631418033381e-04,2.716119866159914971e-03,-1.873774084507264935e-04,2.766221268933146717e-03,1.031313999896113238e-03,2.810256424593793410e-03,1.020963415402750341e-03,2.254507218207491351e-03,5.793104775509051599e-04,2.304056980709498926e-03,4.322161084784565473e-04,1.789326947873970007e-03,1.139285216870463969e-04,2.186628019329227811e-03,5.322863555678896720e-04,1.000000000000000000e+00,1.000000000000000000e+00,0.000000000000000000e+00,0.000000000000000000e+00,0.000000000000000000e+00,0.000000000000000000e+00,0.000000000000000000e+00,0.000000000000000000e+00,0.000000000000000000e+00,1.000000000000000000e+00
1.025000000000020250e+01,-9.990905306497432914e-02,-1.574872500891455473e-02,2.460196763230776407e-02,-2.535110330706408927e-02,1.471437631452804894e-02,-3.645939308574245100e-03,3.392924916940900232e-02,-7.539759211290981717e-04,5.460986033238153514e-02,-9.300834958007781622e-03,8.532697898600825892e-02,-3.737041303357633432e-02,8.238996055177472133e-02,-5.004425245823791030e-02,6.063503895954527184e-02,-6.295832544893706362e-02,2.905510533577823976e-02,-6.520984122173881237e-02,2.050532358323703917e-03,-4.589653549196830162e-02,-1.947295914899727087e-02,-2.347835334094355506e-02,-1.885748540197166798e-02,2.065695115433336705e-03,2.263831690819229189e-04,2.873562809690387315e-07,-3.372594971548316805e-06,2.924897840179689797e-03,-1.478179967395436690e-04,2.176993120045335982e-03,-6.574629071739941698e-04,3.200320176458414708e-03,8.370596071675898836e-04,3.334803769681725372e-03,1.167210635867116462e-03,2.526364138669363012e-03,5.689736442712386424e-04,2.164493406331010911e-03,5.676070842380778053e-04,1.774400152844854374e-03,5.533650520190840257e-04,2.198584384768036398e-03,2.992636699498061052e-04,1.000000000000000000e+00,1.000000000000000000e+00,0.000000000000000000e+00,0.000000000000000000e+00,0.000000000000000000e+00,0.000000000000000000e+00,0.000000000000000000e+00,0.000000000000000000e+00,0.000000000000000000e+00,1.000000000000000000e+00
1.050000000000024158e+01,-8.921686921919136370e-02,-1.486890946556251869e-02,2.616959120414044312e-02,-2.542039962326154284e-02,1.479478517550388353e-02,-5.862257615916396068e-03,3.348679538453025462e-02,3.232703826506338487e-04,5.416924303797809870e-02,-8.621065072845119498e-03,8.427070425958878286e-02,-3.636958570284643671e-02,8.331358433160622468e-02,-4.902791440498631415e-02,6.173094079917876981e-02,-6.262981656317714863e-02,2.968167431236697421e-02,-6.523014177020917959e-02,2.657100222911002937e-03,-4.613418197251382274e-02,-1.904379022996233878e-02,-2.340108620369966280e-02,-1.880849215262134569e-02,2.085608755373679919e-03,2.684276810074351328e-04,1.685283069194089042e-05,-1.865780073126876884e-04,3.425632940493227637e-03,-1.757698109317736533e-04,3.124627583141736768e-03,-6.261950312790205697e-04,3.233240994600076416e-03,8.531912437774730315e-04,2.941099368121819456e-03,7.766241659562659379e-04,2.489402041737560391e-03,6.700474828200195373e-04,2.111434938834117793e-03,6.490080448681391154e-04,1.985283883357422379e-03,5.284306664284064720e-04,2.191465449803898635e-03,1.368296411405513083e-04,1.000000000000000000e+00,1.000000000000000000e+00,0.000000000000000000e+00,0.000000000000000000e+00,0.000000000000000000e+00,0.000000000000000000e+00,0.000000000000000000e+00,0.000000000000000000e+00,0.000000000000000000e+00,1.000000000000000000e+00
1.075000000000028066e+01,-7.850737925127260208e-02,-1.392151885068448891e-02,2.711385908239652073e-02,-2.546557740566758252e-02,1.488747237997695670e-02,-8.084684788002489617e-03,3.310596213420342188e-02,1.747680317658479318e-03,5.343598015272583990e-02,-7.697903799815154074e-03,8.296233854634559035e-02,-3.506342423973014127e-02,8.403133459061833122e-02,-4.799324454773727655e-02,6.261571200748038135e-02,-6.217117154973989673e-02,3.037939271250085851e-02,-6.519729330619000729e-02,3.392209501814378008e-03,-4.630232316554386274e-02,-1.849001334726454657e-02,-2.336073915979802046e-02,-1.887609058531272352e-02,2.119765499822939998e-03,2.392259801216791576e-04,-4.060436966150055977e-07,4.025608832607962879e-06,3.625516878027776422e-03,-4.869398169949961048e-04,3.279168598836380930e-03,-7.189965505381727337e-04,3.276412873995261828e-03,5.593748028612957439e-04,3.150486135520143803e-03,5.955457431337955526e-04,2.616998673402756020e-03,7.051560573245595643e-04,2.110388442655324655e-03,7.539230119964423441e-04,1.942524286550972781e-03,4.253819470223786604e-04,2.179000635374452217e-03,1.550216908656355114e-04,1.000000000000000000e+00,1.000000000000000000e+00,0.000000000000000000e+00,0.000000000000000000e+00,0.000000000000000000e+00,0.000000000000000000e+00,0.000000000000000000e+00,0.000000000000000000e+00,0.000000000000000000e+00,1.000000000000000000e+00
1.100000000000031974e+01,-6.769612475205266655e-02,-1.294950498601665778e-02,2.756396377277103155e-02,-2.546749179724638532e-02,1.462668299572058780e-02,-1.035528734724289017e-02,3.309117114195946063e-02,3.431687930306597922e-03,5.220234753597920857e-02,-6.699744312431628844e-03,8.146116599232897104e-02,-3.378411703678714517e-02,8.433545584093297964e-02,-4.688851529764614251e-02,6.312936570215341159e-02,-6.206842268597450446e-02,3.107965738544555406e-02,-6.532371215369492390e-02,3.925658050579576390e-03,-4.656821986995753754e-02,-1.816360092353376185e-02,-2.334178119711145111e-02,-1.890350255296799689e-02,2.182917710422472516e-03,-1.830886724227284528e-04,-2.477743677793671514e-05,3.536712441600558436e-04,3.905980819954001700e-03,-9.992139420392299239e-04,2.951088829466687324e-03,-1.038753893769540047e-03,3.608966407685739678e-03,2.970421222035842944e-04,3.304564066282048712e-03,5.699312808033147118e-04,2.073466508010417091e-03,6.124345665475033808e-04,2.016804180751202279e-03,5.266552583430046544e-04,1.865695287275745840e-03,4.830453349930676626e-04,2.180440715874588410e-03,1.893757534830145159e-04,1.000000000000000000e+00,1.000000000000000000e+00,0.000000000000000000e+00,0.000000000000000000e+00,0.000000000000000000e+00,0.000000000000000000e+00,0.000000000000000000e+00,0.000000000000000000e+00,0.000000000000000000e+00,1.000000000000000000e+00
1.125000000000035882e+01,-5.685858360613571527e-02,-1.196828115833836748e-02,2.785750804271286407e-02,-2.547463146828523456e-02,1.443517895808987817e-02,-1.262628191322880469e-02,3.331698276133868847e-02,4.193258544245269566e-03,5.202144694886945420e-02,-5.852193636513869715e-03,7.955862814405775807e-02,-3.241251895591390486e-02,8.427697977393110162e-02,-4.568738874904958169e-02,6.350132862744482798e-02,-6.221976417585309976e-02,3.155493343447501875e-02,-6.541801334339897300e-02,4.469503503096100040e-03,-4.692043306167303918e-02,-1.758867950948175482e-02,-2.332934373733811656e-02,-1.892237423307734784e-02,2.113368546699121754e-03,2.548094227688693842e-04,1.256169529953859092e-06,2.674647028352899938e-04,2.662819333623982036e-03,2.755179068873635570e-05,3.255777839081007430e-03,-1.171390439171689050e-03,3.204893141765666805e-03,7.940936439409799672e-05,3.173017883959212450e-03,4.817750413990505164e-04,1.708107378510948654e-03,5.941316899911326102e-04,2.031001326811258337e-03,3.454278397091285497e-04,1.781946333640103573e-03,6.162669135848710279e-04,2.179052048116283426e-03,1.693176751667338736e-04,1.000000000000000000e+00,1.000000000000000000e+00,0.000000000000000000e+00,0.000000000000000000e+00,0.000000000000000000e+00,0.000000000000000000e+00,0.000000000000000000e+00,0.000000000000000000e+00,0.000000000000000000e+00,1.000000000000000000e+00
1.150000000000039790e+01,-4.622458789629424469e-02,-1.086715527657888813e-02,2.883524674180410613e-02,-2.566657315747661317e-02,1.372631443419795351e-02,-1.484163563819432090e-02,3.306473350245851817e-02,4.729524629349968548e-03,5.124015569761750100e-02,-3.792154906658226198e-03,7.869474707643794864e-02,-3.166835381256088294e-02,8.479082422187551871e-02,-4.559301401830720413e-02,6.460951008933815687e-02,-6.329437823962288934e-02,3.182514230343282124e-02,-6.589924457323989571e-02,4.759177527094179787e-03,-4.733490267334138080e-02,-1.715081722135925954e-02,-2.327313662192201024e-02,-1.920162257185041577e-02,2.114229531735117330e-03,-3.412983997425619387e-04,-2.670418242378580616e-07,-1.912117803816737742e-04,2.542929771102610779e-03,-8.732250185438216860e-04,4.064102331250240771e-03,3.221010013677773494e-04,2.852244742078195207e-03,6.022937005828597930e-04,1.587210948904626022e-03,1.512003726491467940e-03,8.641738532031541589e-04,5.098787664389525191e-04,1.614284432772922651e-03,2.162532802670896379e-04,1.703110155988227844e-03,6.707021118282087109e-04,2.153662240865485307e-03,3.558973426207886717e-05,1.000000000000000000e+00,1.000000000000000000e+00,0.000000000000000000e+00,0.000000000000000000e+00,0.000000000000000000e+00,0.000000000000000000e+00,0.000000000000000000e+00,0.000000000000000000e+00,0.000000000000000000e+00,1.000000000000000000e+00
1.175000000000043698e+01,-3.588975517924652969e-02,-9.661708560300130699e-03,3.003592787374318937e-02,-2.550533865235214692e-02,1.293934873849372086e-02,-1.699374911917914815e-02,3.253090058949797275e-02,4.900034314615126646e-03,4.954750234002633369e-02,-1.521149316318058838e-03,7.941686936129972729e-02,-3.072028341720678749e-02,8.519807801252504698e-02,-4.618805317086866619e-02,6.615327919877850293e-02,-6.444361181263595639e-02,3.225253485326114861e-02,-6.628596341410443460e-02,4.882651999711939972e-03,-4.774123592800507548e-02,-1.631767736494217289e-02,-2.321367202341178410e-02,-1.938876213223398801e-02,2.097280491495012202e-03,-4.689954728271998564e-04,2.441582878592339445e-06,-1.242314675304160307e-04,1.847321678600425494e-03,-9.891680527636657373e-04,4.266385400836492613e-03,7.672468931787424125e-04,3.041593683569358657e-03,5.457257021338616284e-04,1.504460444762910744e-03,1.183229999560810042e-03,1.160786649460761452e-03,6.320745513512888904e-04,1.749150674719340175e-03,4.974051397068127676e-04,1.628777263296989769e-03,1.023652878479235865e-03,2.098422351085157869e-03,1.863896939723214694e-04,1.000000000000000000e+00,1.000000000000000000e+00,0.000000000000000000e+00,0.000000000000000000e+00,0.000000000000000000e+00,0.000000000000000000e+00,0.000000000000000000e+00,0.000000000000000000e+00,0.000000000000000000e+00,1.000000000000000000e+00
1.200000000000047606e+01,-2.562772327487228274e-02,-8.394183199018634411e-03,3.077896131274696426e-02,-2.545503087422360672e-02,1.176949043870081577e-02,-1.912480663083038560e-02,3.193117802836622360e-02,4.575158929736681049e-03,4.787883421740413148e-02,4.525893763057212160e-04,7.957079913967071705e-02,-2.952457828938090043e-02,8.542224600597632389e-02,-4.662627792655549275e-02,6.713779365486997885e-02,-6.513619038667645134e-02,3.285547068668761422e-02,-6.650946589807144038e-02,5.408060524137200779e-03,-4.822221585051815473e-02,-1.500717461990597190e-02,-2.318410769244241831e-02,-1.940130208255280014e-02,2.036668688717240081e-03,-5.196667756864838030e-04,1.368141660454418191e-05,-2.485614825522670869e-04,1.674862378804467880e-03,-8.812154461737284686e-04,3.584341248832153236e-03,-2.789589519333240860e-05,3.244099914286401216e-03,3.442854749483505606e-04,1.617006219083299504e-03,4.495040729303843722e-04,1.609646545225989957e-03,7.817984381585886197e-04,1.957904921331062986e-03,7.296805869115277534e-04,1.581405520723542764e-03,1.306560358877533390e-03,2.081984147705617967e-03,2.996154179795504227e-04,1.000000000000000000e+00,1.000000000000000000e+00,0.000000000000000000e+00,0.000000000000000000e+00,0.000000000000000000e+00,0.000000000000000000e+00,0.000000000000000000e+00,0.000000000000000000e+00,0.000000000000000000e+00,1.000000000000000000e+00
1.225000000000051514e+01,-1.535342352248725284e-02,-7.137836110544304447e-03,3.146033531087572693e-02,-2.540092915686961716e-02,1.076086142320921250e-02,-2.123289689426483690e-02,3.109943107679153523e-02,4.108433564009582838e-03,4.614889730378465837e-02,1.720827865736666027e-03,7.877332668035449958e-02,-2.831500929108790240e-02,8.550811534352380228e-02,-4.688245071358101979e-02,6.751795200091786908e-02,-6.546167728674034958e-02,3.368224347704118493e-02,-6.634699734385766934e-02,6.005026951295061068e-03,-4.863384118598203243e-02,-1.366031121965994959e-02,-2.315714429318544570e-02,-1.940678266725565787e-02,2.105802178885181775e-03,-4.375144428651996033e-04,6.414462864293284951e-05,-5.124984169487480003e-04,1.500156479492484015e-03,-1.101135759698358306e-03,3.136313169439484093e-03,-2.891361539026887748e-04,3.003613361985470707e-03,3.972159379100922809e-04,1.943156311571195196e-03,6.263589523530330595e-04,1.828082690425014006e-03,9.446032421484339223e-04,2.580069410872251091e-03,6.944221986143132418e-04,1.833863911920338100e-03,1.037807927234392531e-03,2.078300100222003378e-03,2.330375525058464516e-04,1.000000000000000000e+00,1.000000000000000000e+00,0.000000000000000000e+00,0.000000000000000000e+00,0.000000000000000000e+00,0.000000000000000000e+00,0.000000000000000000e+00,0.000000000000000000e+00,0.000000000000000000e+00,1.000000000000000000e+00
