2.500000000000001110e-01,-9.030731674500906692e-03,1.479466658707840124e-02,-1.494068371030532645e-02,-2.107363454338211095e-02,9.055233162433071539e-03,9.972729461311401894e-03,1.788699173214686189e-02,2.149672067132641154e-02,1.539650197859876966e-02,8.539332725173962718e-03
5.000000000000003331e-01,-1.563358494219307948e-02,2.052069481827092923e-02,-2.777903664773127487e-02,-3.502036374029523363e-02,1.584256847969528481e-02,1.926280859962196251e-02,3.051950484137203046e-02,2.251241811436407721e-04,2.878692243593719904e-02,1.821790834823996258e-02
7.500000000000005551e-01,-1.547836125359309048e-02,1.905144248370744739e-02,6.529042661948019277e-04,-4.317179233125480187e-02,2.279047822632952053e-02,2.654564934011507255e-02,3.753210965989659670e-02,-1.313498046655046762e-02,3.925238953101955336e-02,2.868474176575271442e-02
1.000000000000000666e+00,-1.698125164723673225e-02,1.969796121757299082e-02,-1.713871846424516385e-02,-4.971588955259024362e-02,2.963526343143563571e-02,3.331566251397782841e-02,4.482541996810205515e-02,1.210329866251500831e-02,4.624646197499991673e-02,2.706422000552585055e-02
1.249999999999995337e+00,-1.111331583667501781e-02,2.144858469065387407e-02,9.505656138689070125e-03,-4.882202665676806802e-02,3.780201513657922840e-02,4.078380114233746273e-02,4.887714790009811683e-02,3.026467871927090297e-02,4.832050953684433048e-02,3.084000817998099747e-02
1.499999999999990008e+00,-1.105500935945205772e-02,2.628938924977454461e-02,-2.761364426809432074e-03,-2.492903099591155594e-02,5.382108562427804360e-02,4.077835255059015368e-02,4.725469123126625759e-02,-5.762494349910669833e-03,3.197128608497159380e-02,3.010389833914097618e-02
1.749999999999984679e+00,2.630323354777307915e-02,3.393292381049022033e-02,2.508503231895949440e-02,-3.101530757996983495e-02,6.233799418969444839e-02,5.186778793421387840e-02,4.369395450050921753e-02,-1.848640230694755665e-02,3.706207335700756333e-02,2.280539759900896898e-02
1.999999999999979350e+00,1.310908271397285066e-02,3.889213674235814794e-02,3.837988051741041129e-02,-2.685433624059862731e-02,6.469861078468164273e-02,6.605490635971786317e-02,4.604530754796964942e-02,1.284226980750574794e-02,3.909718545062348255e-02,2.776110484470329862e-02
2.249999999999974243e+00,3.837004766786942384e-02,4.450663456223209052e-02,-1.106141049807166721e-12,-2.527732991628326223e-02,6.470501163424841051e-02,7.806968487852120053e-02,4.899534737054508926e-02,3.943652054348956160e-02,3.897112341902191773e-02,3.472140048383630384e-02
2.499999999999968914e+00,6.103566765969493241e-02,5.164009683348006613e-02,-1.764138822410168603e-02,-3.835239278381466152e-03,-1.417117744228561195e-05,1.132907917654753347e-05,5.392852645550726826e-02,6.201856947764002731e-02,4.301429517823228410e-02,4.390034214323255968e-02
2.749999999999963585e+00,4.142829010288149455e-02,5.592169056038735070e-02,-3.199249773326755253e-02,1.764115836001717286e-02,-2.066401814496422861e-11,2.806360803767261880e-03,3.083708633290417958e-02,3.920879384480878416e-02,4.987283846675372861e-02,5.274777696325937126e-02
2.999999999999958256e+00,6.347294232085204380e-02,6.135466379388902075e-02,-1.997748181578176338e-02,4.155939058431713795e-02,8.188123364061379615e-14,4.096473282854037196e-02,4.480444480363466458e-02,5.767839885628524982e-02,7.043110533119264875e-04,5.493842821257512860e-02
3.249999999999952927e+00,4.073497656147549717e-02,-4.638170031495057764e-07,7.191628365391325092e-03,5.133229179364219574e-02,-1.133770714627456957e-07,5.070584073422994276e-02,5.386030132231732492e-02,7.129684253908435965e-02,-2.201279666279735286e-02,5.986604374514494648e-02
3.499999999999947597e+00,6.016839778280444473e-02,-1.859221947348936251e-10,5.900945679992803707e-03,3.554537138778600391e-02,-1.079835422670491485e-02,5.508493233265854272e-02,5.617909009170440893e-02,7.959587522255696934e-02,-4.341047267625473133e-02,6.260206676234132683e-02
3.749999999999942268e+00,7.904568231735142891e-02,1.907895112973139247e-06,1.718061176297564982e-02,3.135451452132199945e-02,2.243826796947920831e-03,5.594973371616462909e-02,5.328382494180353146e-02,7.549973168516128930e-02,-3.978737775167526247e-02,4.956980872496204865e-02
3.999999999999936939e+00,9.477458226959667442e-02,-4.659618429430727009e-03,3.309548465960646113e-02,5.015136794954053873e-02,2.208856521285688993e-07,4.889806806639789005e-02,5.328650983099210425e-02,6.736772968969181874e-02,4.922024797933972608e-05,4.360542517217021186e-02
4.249999999999931610e+00,6.821483225136508455e-02,2.043351767790498971e-08,1.069980480691399668e-09,2.930205761847928456e-02,-9.777331713431838128e-03,6.201090236351463475e-02,5.693103468801653105e-02,7.829681389539329406e-02,1.364343566496236011e-02,4.131532978815916773e-02
4.499999999999926281e+00,7.453541597143507891e-02,-6.494425410686783082e-07,-1.973609335670146320e-02,1.210089442090133208e-02,1.883093705319880198e-02,5.530402014504535307e-02,5.133512779923628949e-02,5.907288327259639649e-02,2.947026446724605730e-02,3.560919833887578323e-02
4.749999999999920952e+00,7.454107256563975714e-02,3.718584642489103287e-08,-1.622196812699331150e-02,4.960491043077316919e-03,-8.167151055745229879e-09,4.436324810987295718e-03,5.590661140890403058e-02,4.230734390111796916e-02,3.922404610246085083e-02,3.797893040947952076e-02
4.999999999999915623e+00,8.191229760181550912e-02,7.557836281776246491e-07,1.561355808459871999e-02,-5.580845167501358346e-03,-2.083042908290592705e-03,6.426490815406042147e-03,2.945578720237438872e-02,3.296025496937916160e-02,2.951054622060928986e-02,3.089737804709715568e-02
5.249999999999910294e+00,8.106676258377513988e-02,-1.592275563060277419e-07,4.243076138996175473e-02,-1.021913824151590017e-02,-2.171875385805813470e-08,8.451464317746772148e-03,3.461139559548682965e-02,2.613802424788110035e-02,2.854949012767547464e-02,2.603319686263655397e-02
5.499999999999904965e+00,7.879733877478714565e-02,-1.300169187433413906e-02,-1.761706684043336296e-12,6.881596315023720024e-03,-3.221140829524563997e-03,1.570145704142205181e-02,4.257931526048861978e-03,3.265828114825063827e-02,2.551051884208554305e-02,3.515683669710944342e-02
5.749999999999899636e+00,7.243828119563773538e-02,1.067050806485834481e-02,1.005046694544994435e-09,-1.769435477307603572e-03,-1.968056578010521429e-08,2.044420449993285954e-02,1.575368237708169722e-02,4.225835197530306703e-02,5.756234878591002385e-02,3.625034227724595326e-02
5.999999999999894307e+00,-1.125801012568990699e-02,-1.440955790871484441e-07,-2.175177919313625585e-02,1.914547053152003755e-02,-1.613297401195840780e-02,2.416637350468255757e-02,1.506207489717859178e-02,4.169618611385055018e-02,4.165941217960535126e-02,3.749569639839827467e-02
6.249999999999888978e+00,-1.092248368656579963e-03,-4.102575108975514534e-06,1.371698638928361795e-02,3.603138915859851327e-02,-2.143944843296102798e-02,2.696113669326367229e-02,2.327648506295040137e-02,4.202063811985502773e-02,3.897203455335769562e-02,2.666941012928755392e-02
6.499999999999883649e+00,1.457566449577663709e-02,4.734206075928478171e-06,6.622949627538748179e-07,-1.537419573708626117e-03,1.217751457278136266e-02,1.647064198456287334e-02,3.559953796394264153e-02,3.237510652535483674e-02,4.244659555536806766e-02,3.523933954771480553e-02
6.749999999999878320e+00,-1.408994109369217933e-10,5.460930807521322667e-07,-1.176141472513280514e-06,-7.375007823244088614e-03,3.732080416109286036e-02,-2.344482340520029871e-04,2.386850111130622495e-02,-1.630832443029576681e-02,3.454448081272602777e-02,3.617793179271681925e-02
6.999999999999872990e+00,6.708487192645220776e-10,-8.346721562419357268e-03,2.024169887127448084e-07,1.283564561970760090e-02,-1.447891672689261694e-02,-1.997821395809621915e-05,-3.231611237087507471e-02,-1.650843021682285236e-02,3.668251569351505675e-02,4.309387186554725080e-02
7.249999999999867661e+00,-4.653277593675536111e-07,-1.824644778621367300e-02,-3.971171678518019466e-07,-2.503754252640315750e-07,-2.848187330567450437e-02,6.505204225980736131e-05,-4.140595220296957452e-02,-1.376425020578667634e-02,5.570251761112635092e-02,3.446626204339073990e-02
7.499999999999862332e+00,-1.789286590682425880e-06,8.208790943643016688e-03,-4.182705745714882759e-07,-3.828147873354578948e-08,3.483485116384309882e-03,2.671836473389380346e-04,-2.421137765475874642e-02,-2.417859632636557357e-02,7.320145359969873478e-02,3.362784161298549429e-02
7.749999999999857003e+00,1.616631920508681403e-02,3.608396222832766648e-02,7.317609386276003244e-08,-9.974716342864639180e-08,2.210142109971669280e-02,-8.257211824624162769e-03,-1.867055292529607238e-02,-1.095088731405973771e-02,8.219792459924328554e-02,2.853831608828956076e-02
7.999999999999851674e+00,3.470641102891593860e-02,-1.099156247708130127e-06,6.193165852149776240e-06,-6.609483121599640948e-07,3.808050265832328696e-03,-2.183100873787511761e-02,-1.061514994608589099e-02,2.422668168350689682e-02,9.065957838554640491e-02,3.037884401351578084e-02
8.249999999999889866e+00,5.376200565113354451e-02,4.534250420477201503e-06,-8.838354050824261230e-06,-1.446723279021367581e-06,1.447851596825315730e-02,-5.815726137860920825e-03,-4.303890942786530588e-02,2.464356604409794968e-02,6.083584441230030504e-02,1.244771393855369744e-02
8.499999999999928946e+00,5.947661578923624931e-02,1.019017644771262923e-05,-6.278849996114086461e-06,-3.959445520060338349e-03,1.048651001408445807e-09,3.184681719006453738e-03,-5.108993847026897100e-02,7.259864187500847084e-04,4.932803660785322480e-02,1.441414196247681884e-02
8.749999999999968026e+00,6.312420406151582342e-02,2.819168986085329037e-02,-8.546092908764193139e-10,-1.566115327890059764e-02,-1.777409089329393468e-03,-2.177584417079514445e-02,-4.003170549206315487e-02,2.037729878371162540e-02,8.741396771552499209e-03,1.435955721786098468e-02
9.000000000000007105e+00,7.557863056872203555e-02,6.266802968193367629e-03,-9.859237739365714348e-03,-2.436690958148472752e-02,-9.978645279283805680e-03,-2.451234927970738844e-02,-2.852591605764841567e-02,2.834785674209869266e-02,2.082701032556271911e-02,2.316597537452774053e-02
9.250000000000046185e+00,5.216980344763195304e-02,2.977600829041850486e-02,3.026083041220877815e-12,-3.915882607262536480e-02,1.414716474979100386e-02,-2.113126573787435167e-02,-4.056655316741224660e-04,-9.150449156862476953e-04,3.385426382839672177e-02,4.092635913757555061e-02
9.500000000000085265e+00,6.797856686977112040e-02,8.000605193058278608e-03,-6.463193562390910169e-09,-2.394921575620691939e-02,-4.715364217810995054e-09,-4.773744705537363159e-02,9.138679431673243621e-04,-1.297799346030014365e-02,4.253063357796114247e-02,5.152313064358453321e-02
9.750000000000124345e+00,6.180675230272218712e-02,2.365058579690109474e-05,-2.561512046907747239e-06,-1.363042168426021813e-02,-2.510204724461045228e-02,-3.864991396520476435e-02,5.028787555467412358e-03,-1.544669985249257603e-02,4.722260381442126842e-02,6.381639819168286043e-02
1.000000000000016342e+01,5.779542811234660710e-02,4.270346283886169297e-02,1.837579905487810028e-02,-1.015309746106599943e-02,5.739816616358489653e-04,-3.817271117545233822e-02,1.021821887118232533e-02,1.497341988128660442e-02,5.097039943407025847e-02,3.807316720319169762e-02
1.025000000000020250e+01,8.916848852742606524e-02,6.900279311699659968e-02,5.592943300485510999e-02,1.641331408695947958e-02,2.457769463206928989e-02,-2.724703070044402417e-02,4.488894015901017699e-03,3.380757248425161898e-02,-5.584095709608061231e-02,-5.006309128701660199e-02
1.050000000000024158e+01,9.209567306014804222e-02,1.147804347258834096e-01,8.826243394595965908e-02,3.705655413950187382e-02,1.754120178747917492e-12,-1.706924600621856705e-02,3.003729023926221911e-04,3.478950642150552969e-02,-1.085963221632959969e-01,3.622722159257804608e-02
1.075000000000028066e+01,6.663639970848536653e-02,1.593881494198917115e-01,1.038254325217309315e-01,5.947977152749924640e-02,6.355945546740218710e-10,-1.098216934214770769e-02,-2.228320237895198286e-02,-1.104346099555650156e-02,-6.799249643849902824e-02,1.657036540374283093e-02
1.100000000000031974e+01,4.105174914258815505e-02,1.978579412596642717e-01,1.229434533297362325e-01,8.244736014186003492e-02,1.021426564189132949e-10,-7.418397386301507461e-03,-3.504260731333914275e-02,-2.462060798331920999e-02,-7.598035897903912539e-02,4.732057561133216905e-02
1.125000000000035882e+01,5.835069361097825619e-02,2.119573129402239908e-01,1.348077274577231255e-01,9.670072058534823212e-02,2.143101587660668129e-06,1.761335783327675625e-02,-2.401244731369573532e-02,-1.592290225008580543e-02,-2.504135134816161401e-02,5.936857122357366845e-02
1.150000000000039790e+01,5.990227356061521291e-02,2.314908183559976629e-01,1.406381582238944161e-01,1.016020167346237957e-01,8.059054109219819073e-10,3.116644808182761350e-02,-9.801353399240217770e-03,9.613805331326930742e-03,1.051441820527608713e-02,8.228352518229771137e-03
1.175000000000043698e+01,6.254261492788446009e-02,2.443071903391664246e-01,1.502535571508302192e-01,9.971757839325690043e-02,-5.089907554946222941e-03,3.338940848778421122e-02,-3.045781398877483136e-03,1.694800225389184525e-02,1.229432629080948018e-02,1.736097386468474224e-02
1.200000000000047606e+01,5.099693339705949069e-02,2.375360969932979738e-01,1.655333873675741696e-01,1.190691267496820221e-01,-4.507637946046572780e-03,2.058951582939268221e-02,-3.231190987178497731e-02,-7.638574879097863486e-03,1.831790361471206247e-02,6.240347044597705645e-02
1.225000000000051514e+01,5.977065463496223502e-02,2.179760908043030243e-01,1.879661828612648189e-01,1.414515444777588171e-01,-5.774187802979460771e-03,-1.236174273212432536e-03,-1.736428897207278541e-02,-7.174998641015224547e-03,5.497690730240125528e-02,5.429515588046530949e-02
1.250000000000055422e+01,6.463158009857801478e-02,1.823718071001408925e-01,2.046431470758800775e-01,1.519434224889860408e-01,9.345264827456151169e-03,5.487804636791182578e-02,-2.508258907521807024e-02,-4.829199187628850642e-02,6.271049399304698402e-02,7.033332653720679450e-02
1.275000000000059330e+01,7.763843768401312850e-02,1.393092720888145231e-01,2.123267804061096387e-01,1.593343979722151305e-01,5.670579820638338431e-02,3.294788324719440109e-02,-3.104197867896077434e-02,-3.454859834829177717e-02,8.285777494681409450e-02,7.806950380320382132e-02
1.300000000000063238e+01,7.319451556718489793e-02,1.013158747957739747e-01,2.794387494724169252e-01,1.571491665314567743e-01,8.051365211976885261e-02,8.640666925257103545e-03,-1.162618101959673848e-02,-1.686422998311395971e-02,8.083840131529307360e-02,7.507563148623971894e-02
1.325000000000067146e+01,8.446658902947198899e-02,7.789121259432152389e-02,2.692814018107879126e-01,7.601659198365191827e-02,1.278469652700001680e-01,3.616385563590557295e-02,1.303169824881125066e-02,2.841502132454186598e-03,9.380341233584968408e-02,9.033807940753037224e-02
1.350000000000071054e+01,8.589548659948016696e-02,8.965887322574765672e-02,1.197245974809295760e-01,1.961254327207318238e-01,1.811525449842311952e-01,3.565942790830367581e-02,4.876754706795025790e-02,2.728214984730197371e-02,9.371388279610647076e-02,9.885846383337622278e-02
1.375000000000074962e+01,8.862039316314362924e-02,9.907341897264355934e-02,1.285150088148457881e-01,1.970805910458912624e-01,1.839966621024992643e-01,3.805897933894433066e-02,5.685113404639284551e-02,2.595885576096070707e-02,1.135569990340599272e-01,1.061456511561747890e-01
1.400000000000078870e+01,1.096520004643411761e-01,8.190506883452386422e-02,1.487073984081839495e-01,1.706617761475741346e-01,1.859322738352015281e-01,5.920278871103089313e-02,6.389714873699012254e-02,3.272592775260906722e-02,1.191654006980271685e-01,1.173069879722078990e-01
1.425000000000082778e+01,1.320220622036165081e-01,9.741134923449755456e-02,2.003680847776603269e-01,1.762902598419990308e-01,1.403069783294226547e-01,1.142486082362957761e-01,7.719529821179810236e-02,8.197340663567377617e-02,1.124439676019136219e-01,1.247758682018800525e-01
1.450000000000086686e+01,1.256784039010916676e-01,9.755490468303046336e-02,1.444466926591074507e-01,1.304608783078209377e-01,1.731322741519003006e-01,1.806893625623423871e-01,9.170732755923580171e-02,9.022623087916666063e-02,1.321482906637547750e-01,1.151907952621428199e-01
1.475000000000090594e+01,1.264015010466351119e-01,8.676970923395302404e-02,1.500921297934405263e-01,1.318740420121865264e-01,1.418221744084198488e-01,1.758062784079081342e-01,1.213541309319824679e-01,7.261283873366862485e-02,1.227749742457650561e-01,1.207769995572913896e-01
1.500000000000094502e+01,1.276463563072555707e-01,1.079408156084582376e-01,1.613708390657809799e-01,1.230631930353812131e-01,1.513424515967617678e-01,1.300197214161438464e-01,2.031370086298552036e-01,1.091468640299548820e-01,1.282255803277503048e-01,1.254342946064586906e-01
1.525000000000098410e+01,1.214042386964227227e-01,1.192987516399146852e-01,1.471129597527582877e-01,1.512343094077638894e-01,1.638553077082564313e-01,1.315966259175219699e-01,2.177353173828215083e-01,1.361863641082083076e-01,1.298296028647188405e-01,1.391226590663103835e-01
1.550000000000102318e+01,1.417655118162849670e-01,1.269118041194521873e-01,1.548097082605051633e-01,1.664914030712671411e-01,1.352499501917896751e-01,1.374323569685208524e-01,2.092097458918602548e-01,1.443048538152200411e-01,1.408720757682789815e-01,1.336980600792347373e-01
1.575000000000106226e+01,1.480578174000793390e-01,1.372376746432909522e-01,1.634653189791748784e-01,1.649616465144329303e-01,1.402879552743986347e-01,1.442381718749481678e-01,1.622313874939869394e-01,1.589142231970142871e-01,1.513663272980363128e-01,1.419945396444239893e-01
1.600000000000110134e+01,1.488502003784556438e-01,1.454348557864096891e-01,1.687433995235835815e-01,1.557880020287163436e-01,1.565707476796447950e-01,1.567706164047681372e-01,1.535093208267720721e-01,1.710730319184005088e-01,1.245655717320539035e-01,1.478838656576555444e-01
1.625000000000105160e+01,1.513520298683647958e-01,1.552758882206452529e-01,1.681880515435938139e-01,1.610691000214020396e-01,1.562854550580818347e-01,1.708644057671791505e-01,1.526380288802752228e-01,1.806276462506004044e-01,1.522134863582186581e-01,1.501624595970450504e-01
1.650000000000100187e+01,1.551206333108448299e-01,1.525960849245093509e-01,1.610206298102542788e-01,1.767474986574819606e-01,1.648228757772762787e-01,1.607997239720589666e-01,1.652047802427316359e-01,1.945836740906859708e-01,1.653692566390474739e-01,1.536405828603133739e-01
1.675000000000095213e+01,1.621067319378212690e-01,1.584878941034079114e-01,1.382988893232809935e-01,1.666271795141841261e-01,1.779181626229961455e-01,1.678325831435599769e-01,1.791036892718215756e-01,2.091607727492748037e-01,1.653543955950090294e-01,1.615667353857465349e-01
1.700000000000090239e+01,1.560759065172900029e-01,1.434924137055102189e-01,1.809632280219028722e-01,1.755398267054215922e-01,1.899027940486265609e-01,1.826604125637850129e-01,1.615663475891007672e-01,2.008293044736775002e-01,1.772166646373476984e-01,1.661161302045834620e-01
1.725000000000085265e+01,1.656343984766583122e-01,1.692564021579133215e-01,1.981558846736785895e-01,1.873064947751172105e-01,1.914925188271731082e-01,1.917279009081910568e-01,1.679238245338971480e-01,2.112626720619280030e-01,1.909263586706849147e-01,1.680762901379735941e-01
1.750000000000080291e+01,1.743956484736946810e-01,1.661806499943289661e-01,2.069136307763305149e-01,1.856706929135621131e-01,1.989700166679257975e-01,1.967849805244434869e-01,2.085883648036003513e-01,2.201763554376309773e-01,1.968171021249071895e-01,1.731383556196152140e-01
1.775000000000075318e+01,1.713964329479893967e-01,1.819799041604386047e-01,1.828903042034520088e-01,2.098573188781581722e-01,2.026896590662887188e-01,2.065567780975104961e-01,2.279857743042496276e-01,2.273731636701584180e-01,2.090881816428122320e-01,1.769759151688986287e-01
1.800000000000070344e+01,1.518586609691575939e-01,1.841598826283921686e-01,1.860339085078924204e-01,2.131224927247145073e-01,2.052162876982674133e-01,2.274909423257019392e-01,2.451669469717296379e-01,2.363540496584890238e-01,1.730790094382949340e-01,1.796610184991042081e-01
1.825000000000065370e+01,1.625682357070921680e-01,1.916694603220217286e-01,1.987792449307660692e-01,2.130623423701322183e-01,2.115452663683464185e-01,2.093413835591935723e-01,2.300191965508760483e-01,2.197449579356077765e-01,2.173757232056288125e-01,1.786586251749589793e-01
1.850000000000060396e+01,1.725158936423845657e-01,1.734892539585508042e-01,2.126034318302066906e-01,2.165115179575250459e-01,2.157215212064038934e-01,2.242826760490615468e-01,2.218372878725475561e-01,2.192239615449077528e-01,2.325901235239240528e-01,1.865962787244579424e-01
1.875000000000055422e+01,1.832881289681674575e-01,1.844368388571913653e-01,2.202623596541553874e-01,2.210215312209961314e-01,2.310238465258152574e-01,2.238975537378997405e-01,2.262400351011285837e-01,2.277050646503336606e-01,2.417986216443118730e-01,1.915988244438595334e-01
1.900000000000050449e+01,1.851054125621039714e-01,1.787680628961891283e-01,2.191606711751817871e-01,2.189592113264029194e-01,2.344244853699065378e-01,2.336270178680906195e-01,2.419049704465080775e-01,2.399873757616463599e-01,2.356520815496769283e-01,1.806493689246765622e-01
1.925000000000045475e+01,1.999491404660581340e-01,1.857877009004959834e-01,2.306893291600212725e-01,2.247813079556678084e-01,2.450939422925640654e-01,2.513302533406819306e-01,2.198286184251727615e-01,2.448138338280516357e-01,2.330685129920602727e-01,1.907317247545490813e-01
1.950000000000040501e+01,2.113146291572270685e-01,1.839591430004304806e-01,2.266584920559470695e-01,2.438401851655926378e-01,2.535260138280336362e-01,2.709384930094912436e-01,2.303846244764901074e-01,2.570341131373357624e-01,2.315330118916847091e-01,2.082782801512743365e-01
1.975000000000035527e+01,2.131474541802596823e-01,2.096595979540717691e-01,2.242171941022774451e-01,2.500580167121504993e-01,2.456741022429647370e-01,2.720220505190232840e-01,2.417828096847396135e-01,2.500798879676333075e-01,2.409394983057136785e-01,2.178073393873420360e-01
2.000000000000030553e+01,2.106660001567481622e-01,1.878544822122417413e-01,2.373927612634233464e-01,2.446264766632935683e-01,2.455981715215953542e-01,2.755178887553622058e-01,2.545492180124770409e-01,2.485574717520654120e-01,2.408543671951642040e-01,2.366830417170824041e-01
2.025000000000025580e+01,2.167173937004767958e-01,2.009563812833004282e-01,2.048871365755667306e-01,2.421781932428606621e-01,2.537548218469622974e-01,2.616165394669209832e-01,2.598654944020541424e-01,2.455309890187448441e-01,2.509421282417432231e-01,2.387966788135701957e-01
2.050000000000020606e+01,2.121701389106308289e-01,2.204114689231140012e-01,2.055660561086799232e-01,2.459789394936321705e-01,2.612807956622037464e-01,2.598754825569127291e-01,2.743063680524378545e-01,2.592415780192645069e-01,2.542146098040461988e-01,2.309799675382985806e-01
2.075000000000015632e+01,2.260949066219672954e-01,2.063447964866886586e-01,2.155188158557154177e-01,2.539283712044138608e-01,2.702040538487085475e-01,2.667239768494105712e-01,2.852256333828861457e-01,2.720873005425704649e-01,2.615266374785618630e-01,2.337867454736564099e-01
2.100000000000010658e+01,2.313098684650880255e-01,2.166947592022997193e-01,1.882267142476568011e-01,2.588109329774632150e-01,2.847993259567208613e-01,2.546142768800399581e-01,2.896577183323175708e-01,2.448623441076133722e-01,2.739084941508803106e-01,2.204126789765764871e-01
2.125000000000005684e+01,2.288590925502539397e-01,2.109189569815390353e-01,2.122393409065249370e-01,2.637125702220424750e-01,2.813548964416492937e-01,2.695762256992559336e-01,2.889558753753944109e-01,2.223814920530581829e-01,2.775677786280195125e-01,2.266585506684767048e-01
2.150000000000000711e+01,2.281884397707209799e-01,1.979406770089156276e-01,2.058069855245671931e-01,2.667517553782802198e-01,2.589870790707376469e-01,2.673754171019849801e-01,2.655623496516328341e-01,2.429870562673038803e-01,2.740682457066931921e-01,2.310907825275944627e-01
2.174999999999995737e+01,2.285628476166314538e-01,1.824726751563534588e-01,2.239684727778070428e-01,2.801347403518365531e-01,2.712250759477809470e-01,2.713353296457597374e-01,2.640740636207852265e-01,2.650954903620724723e-01,2.779120840941740056e-01,2.363290959115977030e-01
2.199999999999990763e+01,2.219196386318659786e-01,1.822568031796949206e-01,2.005760987825294106e-01,2.909880610992764960e-01,2.777830741177331753e-01,2.911161499291078369e-01,2.666302854813908385e-01,2.485324529181067166e-01,2.824556163548013754e-01,2.399827150100647122e-01
2.224999999999985789e+01,2.260967225575876427e-01,1.805540238008770393e-01,2.182097412008271453e-01,2.947199342774161623e-01,2.586372655425903111e-01,2.855469482854954277e-01,2.736290610749827490e-01,2.749162910494344914e-01,2.843359120789935579e-01,2.167317146638267911e-01
2.249999999999980815e+01,2.154392328148969360e-01,1.649317042858958748e-01,2.221041167818205153e-01,2.795868421662853209e-01,2.457189673136476182e-01,2.984416754279801132e-01,2.822107892008042240e-01,2.964144481394035413e-01,2.925606979723178735e-01,2.233263186791758503e-01
2.274999999999975842e+01,2.131303190267545278e-01,1.870954607700173744e-01,1.997248094309840294e-01,2.853281760489536079e-01,2.617209302026567430e-01,2.764768115345751509e-01,2.857586430626060103e-01,2.790437072163524101e-01,2.980927714829975095e-01,2.270191481896007279e-01
2.299999999999970868e+01,2.004656075873764154e-01,1.865920035328053339e-01,2.119932968822231534e-01,2.841622658137864521e-01,2.816328918649460000e-01,2.624707531648340364e-01,2.880018772516815817e-01,3.008693136058112616e-01,3.011316696099937684e-01,2.289269967026829056e-01
2.324999999999965894e+01,2.048920558587679353e-01,2.157965019852720046e-01,2.079165621231732486e-01,2.914690784067313079e-01,2.968727421388637766e-01,2.766995233835516377e-01,2.553704839110855773e-01,2.806808505173118418e-01,2.800926158938167876e-01,2.316891679474387955e-01
2.349999999999960920e+01,2.124867079497589351e-01,2.250144741026315898e-01,2.090066319616860901e-01,2.936629893164480198e-01,2.850141778464754250e-01,2.928505960600317759e-01,2.698449422309392443e-01,3.010640457051443342e-01,2.573958349199158557e-01,2.350988563382470642e-01
2.374999999999955946e+01,2.238518428596869836e-01,2.177508095565893198e-01,2.223129358886572204e-01,2.840233798996011916e-01,3.002255023996611705e-01,3.053052861975967258e-01,2.778011310856930427e-01,2.583921243876307061e-01,2.548441146545699643e-01,2.467587796115006948e-01
2.399999999999950973e+01,2.019901067108220427e-01,2.042151759540930811e-01,1.974085496494054348e-01,-5.050738214352885305e-05,2.735597284429476250e-01,2.829047797003638176e-01,2.901887923932317537e-01,2.766876797559080781e-01,2.589633636959264851e-01,2.571699065710210119e-01
2.424999999999945999e+01,2.209225541906481016e-01,1.812044292747473639e-01,1.434371709020044774e-06,-4.384381069510314243e-11,2.972875105539473650e-01,2.693779504677817904e-01,2.799685255047952293e-01,2.722569201215479517e-01,2.496009997276991688e-01,2.498619036130703963e-01
2.449999999999941025e+01,2.264630744069591750e-01,1.878141280809334512e-01,-1.133817228630096610e-02,-3.728927157401528488e-05,1.271182015166715251e-01,2.894242063210614169e-01,2.794436578160871543e-01,2.793039948323212673e-01,2.410269982345561168e-01,2.392875910680545004e-01
2.474999999999936051e+01,9.773865234679574021e-02,1.834343884774529143e-01,3.419656242224204470e-06,4.927620844600514291e-08,-1.014875786932983338e-02,2.467474001160017139e-01,2.348498324857080655e-01,2.539713270878061202e-01,1.892745694823633196e-01,2.221789295801951669e-01
2.499999999999931077e+01,1.343610491182298528e-01,1.158633553602076011e-01,-1.148100323777032951e-05,1.364694671324082596e-05,2.041412521956102039e-02,1.739924321019394871e-01,1.481012513975598355e-01,1.434468691998069534e-01,2.015440069256986266e-01,1.226396115807900644e-01
2.524999999999926104e+01,6.868496947403185393e-02,2.930696058670140269e-02,2.163393704897609431e-07,2.612828150907127014e-05,1.856163776282870534e-02,8.224638687662198799e-02,1.298261196312016641e-01,1.736679069417469135e-01,1.443129663779423866e-01,1.505303418378921843e-01
2.549999999999921130e+01,-3.958586560898168238e-02,-5.437870065705559079e-03,-1.351176597858428671e-05,-5.294214532290755250e-05,3.180596134480866144e-02,-1.400351937802881037e-02,1.402731851328130885e-01,1.285965456844302968e-01,-6.044063392842893324e-03,-4.268651934598550329e-02
2.574999999999916156e+01,-9.588098627430405307e-02,2.570480686308496826e-02,-1.485327079019967481e-02,1.685263534613818147e-06,2.629535899156740242e-02,2.221406019568005971e-02,8.098711031317689518e-03,5.558177597086044752e-02,-2.267850504648138976e-02,-1.264303045936974179e-01
2.599999999999911182e+01,-6.891736492484581977e-02,4.172660207158986750e-02,-2.882164087770915442e-02,7.868605552732997518e-10,4.660109699457891821e-06,2.108411946271046902e-02,-3.788068249580058000e-02,4.836605608546384188e-02,-2.597095260904443148e-02,-1.227687612543998941e-01
2.624999999999906208e+01,-4.413023429542342613e-02,1.823333568365972240e-02,-4.400492305624067318e-02,2.386215012879956232e-09,-1.741172766077923872e-02,-3.563200717955156572e-03,-9.335224637933996900e-03,7.100060888826983940e-02,-4.676303944852524402e-02,-8.999579638350133082e-02
2.649999999999901235e+01,-6.599902555881537181e-02,-1.360752454966164364e-02,-5.524081083853324414e-02,-1.450220457476507005e-02,-1.919010619149723665e-02,1.532905851677191476e-02,9.618668539481593435e-03,4.461532328121326635e-02,-7.064725984323809438e-02,-6.036400831081243507e-02
2.674999999999896261e+01,-9.517342714081311605e-02,-6.364391709706546628e-03,-3.029907682394925028e-02,-3.217455945371212184e-02,2.155921549995754982e-03,2.463338546615549685e-02,-2.419787397653092725e-02,7.589952983244946036e-03,-9.688074590514375584e-02,-2.428267566087885521e-02
2.699999999999891287e+01,-6.812551082222974286e-02,-4.879994893070348921e-02,-4.843103244627850607e-02,-4.993492182667504109e-02,-9.584537155505685330e-03,-3.583628284720712012e-03,-2.064958774182640636e-02,1.555096524267543870e-02,-1.031125000946537945e-01,5.585389366870124840e-04
2.724999999999886313e+01,-1.351125110299373870e-02,-1.163675263006060251e-01,-5.546354443186116145e-02,-2.564703916244934212e-02,1.469347820156048298e-02,-2.160861975495210335e-02,-1.944264365426078695e-02,2.621704870729391068e-02,-8.353841924810721797e-02,1.841212425612104645e-02
2.749999999999881339e+01,-2.530857124693699708e-02,-7.317547945050324742e-02,-2.954388230174208665e-02,-2.590397495370490646e-03,3.545040538202989117e-02,-1.265488670264908883e-02,1.039288872729682463e-02,1.991202114879296690e-03,-9.194752127266243857e-02,2.168837775899062556e-02
2.774999999999876366e+01,5.637522975539689240e-04,-5.169963363557480984e-02,-2.447391529555440620e-02,2.043652434609566707e-02,-3.663602744536097850e-09,-3.865249694564390492e-02,1.652509958306197860e-02,-2.058619286962082989e-02,-4.779318491432439642e-02,8.635808912801412607e-03
2.799999999999871392e+01,-2.263851434295898607e-02,-5.812575760537454922e-02,-3.408548352345885241e-02,-1.628388720406386816e-03,-2.189794975357349863e-02,-1.797797823448784790e-02,-9.512952021480362494e-03,-7.535174912821542004e-02,-7.963363056385569516e-02,-2.302065523820802373e-02
2.824999999999866418e+01,1.209722540734104292e-03,-7.841595951646844476e-02,-5.615962951517922130e-02,-2.324250804796778799e-02,-4.179304395392873656e-02,-1.896251944982928206e-02,7.250398219287045899e-03,-8.032189445761016289e-02,-7.271343314417250125e-02,-2.423934474537627753e-02
2.849999999999861444e+01,-3.982621820322580081e-02,-6.825537535175256465e-02,-8.192834840879563429e-02,-4.050760801494879271e-02,-1.026925950362792515e-02,-2.925380054154355473e-03,-2.571546175276668428e-02,-1.302317411690364357e-01,-6.336470293335279280e-02,-4.177070918327752819e-02
2.874999999999856470e+01,-6.483087341977998574e-02,-6.418765891433933501e-02,-9.544749420716439059e-02,-5.161403642016804127e-02,1.118606492951200806e-02,5.999598489930005286e-04,-4.643235232217568509e-02,-1.260765423989056999e-01,-6.432014899194707369e-02,-5.292647411385462825e-02
2.899999999999851497e+01,-3.652435090223090514e-02,-5.126424963275796193e-02,-5.973753031723396528e-02,-6.241868843230787001e-02,2.377396750488668456e-02,-1.141856712299693655e-02,-4.173742125398257480e-02,-1.445196963659893252e-01,-8.504498684514907869e-02,-2.826079418600761436e-02
2.924999999999846523e+01,-2.194664144400299347e-02,-3.754380821476908242e-02,-2.841100326236644519e-02,-7.563462073145320319e-02,3.251126763247284140e-02,-1.652433421738817160e-02,-1.110483588202506797e-02,-1.200898034543642356e-01,-1.044797643252966673e-01,-4.387141295824935339e-02
2.949999999999841549e+01,-5.998968329474703085e-03,-3.140918542715782913e-02,-1.797268319544304948e-03,-8.581557430170512479e-02,6.173142572613030176e-08,-3.720872710848960058e-03,1.657771236818458144e-02,-9.697671683786106278e-02,-1.072928516690219991e-01,-2.047844269048373564e-02
2.974999999999836575e+01,-2.701175522043364197e-02,-2.510081967348867446e-02,2.417752280872289411e-02,-8.637609128659913538e-02,-1.720350814850744392e-06,-3.641213619872515211e-03,7.385870974227542497e-03,-6.564851603469777641e-02,1.295145213828824901e-14,-1.311395386899071556e-02
2.999999999999831601e+01,-4.575514212740738190e-02,-1.572066097153382302e-02,-4.964488262653011727e-03,-8.253085942380129769e-02,-7.934180213713664960e-07,-2.703771843062819855e-02,-1.116306896986026670e-02,-3.332959007227278420e-02,3.445541089277727076e-08,7.993089548131440073e-04
3.024999999999826628e+01,-2.311702490486651496e-02,-2.678997186289050134e-02,-2.393631891996260766e-02,-5.758008006669501633e-02,-5.628976367539042982e-04,-2.893355026979778713e-02,-2.591377043233454927e-02,-7.654865538730946418e-03,1.486677649871386644e-08,3.273031430710201910e-03
3.049999999999821654e+01,-1.645796463440176794e-03,-3.255745533820097060e-03,-4.386842032225243132e-02,-4.491773194555121612e-02,-3.176130486157126287e-02,-2.710238020117074209e-02,-2.528875265603741651e-02,1.220799701235660874e-02,3.946167936471498834e-07,1.099650625015577594e-02
3.074999999999816680e+01,1.918549395952506495e-02,2.559433219289156125e-02,-1.912984918314139179e-02,-4.495540843742934500e-02,-4.755947465300541799e-02,-1.099917374785983407e-02,-2.186992028165419405e-02,2.454493336726527863e-02,2.977424407408300495e-10,2.073931757579763197e-02
3.099999999999811706e+01,3.968448076973223049e-02,4.610184164115495309e-03,1.893063356344566490e-04,-5.557871481896614618e-02,-2.430385244411691417e-02,4.126010264807113137e-03,2.144482255288707173e-02,1.664031317215555750e-02,-1.006970605735008666e-11,3.276651346793829633e-02
3.124999999999806732e+01,5.982652751430328486e-02,-1.518714028573215150e-02,1.651701043406654523e-02,-5.374182660441299830e-02,-1.519395796565217380e-02,1.837769176326548015e-02,3.868184437244722579e-02,2.317257827854259447e-02,1.040882410655248652e-10,1.177591602762380514e-02
3.149999999999801759e+01,6.469719125598114018e-02,-2.079537201977679772e-02,2.012622484319542132e-02,-6.335107258651617723e-02,-3.433897752840583267e-03,1.075369792421705488e-02,2.965304090919129373e-02,2.342663904651976978e-02,-9.129358795782413361e-07,-1.084858946325637993e-02
3.174999999999796785e+01,3.974242001746631364e-02,7.098492051484356358e-03,3.781458946110430319e-02,-5.607868222218671816e-02,4.012713152842782051e-03,2.262799173425667984e-02,2.730571471662738073e-02,9.459209560525268234e-03,-8.739464493097296114e-08,1.034435305260034913e-03
3.199999999999791811e+01,4.844528838082282074e-02,-6.889482126410262190e-03,5.753587506022073139e-02,-4.348991069588333674e-02,-9.735482384466045969e-03,4.136682715300661617e-02,4.099122867740470633e-02,1.195846742128968930e-02,-1.884382561229559761e-06,1.264805136350470940e-02
3.224999999999804601e+01,4.877298622201614586e-02,-9.058043186302291300e-03,6.710325109704390334e-02,-2.791628404066202884e-02,-4.573915394939493534e-02,3.501531261742969747e-02,4.336529887618862517e-02,2.368034421285824045e-02,-1.797580894407928679e-07,2.789215561669318444e-02
3.249999999999817391e+01,5.182417825114668530e-02,8.089536467521567936e-03,3.329598124152047950e-02,-1.353971574045789023e-02,-6.269643140297904982e-02,1.982694168464420661e-02,1.807919633306413060e-02,2.640205860023143655e-02,3.174948804797331900e-06,-6.734700941883441615e-03
3.274999999999830180e+01,4.783535293751368933e-02,3.385579112181373584e-02,4.332985333775794812e-02,-1.905547560688054115e-02,-3.437296232945717678e-02,1.153619539509672699e-02,3.736097798518460411e-02,1.691770882998298170e-02,8.955311794677400794e-03,-3.913228689846844771e-02
3.299999999999842970e+01,5.685970809605261217e-02,1.161976388863214874e-02,3.731312582460627469e-02,-1.886221194086250968e-02,-3.034674456407642287e-02,2.166979999273611554e-02,5.221019032559551937e-02,1.221527267036096043e-02,2.323676609236902880e-06,-2.985040913671375626e-02
3.324999999999855760e+01,7.171218685411399896e-02,-5.719693126656310959e-04,6.354491014611173688e-03,-7.173363253768503915e-03,2.067282478330551704e-02,1.258990531870915822e-02,5.303781946104257211e-02,2.496090630225953483e-02,4.595284679711205580e-07,-2.027272759338931071e-02
3.349999999999868550e+01,7.495397919792798347e-02,1.153989694185611134e-02,-1.709048057874870599e-03,6.047181521880350824e-02,8.522940005011997444e-03,3.767598687265701768e-02,4.432415318859282694e-02,3.272964383904029134e-02,1.519762793428237509e-08,-1.570809428658184737e-02
3.374999999999881339e+01,3.971517427328014743e-02,2.052156267738280276e-02,4.150471929282738628e-03,6.822348632287590121e-03,2.046486786398689361e-02,7.605466546861139321e-02,4.895253812244490521e-02,3.630451830857071155e-02,6.141646791664594121e-07,-3.029862096783330142e-02
3.399999999999894129e+01,5.343497717971014242e-03,2.996060717165553722e-02,3.078650654903614461e-03,8.553470808669844496e-04,1.600641965186199236e-02,5.371230921760625221e-02,6.018176688209818381e-02,5.354741850370907386e-02,-7.507105276578014816e-07,3.325343103849918991e-02
3.424999999999906919e+01,-1.271097946148207029e-02,2.031427238588267431e-02,8.210494544464035094e-03,1.421308514884835972e-03,1.725366861693853476e-02,3.158841667342974363e-02,6.550642262178522912e-02,5.060143261645241863e-02,5.864103574419592471e-03,1.814381115149867399e-02
3.449999999999919709e+01,-3.143461258664583414e-03,2.756986036202955029e-02,1.979721955100676237e-02,1.095630820119825391e-02,2.972719580458573624e-02,5.814326353340777687e-02,3.342599048443788134e-02,2.976319832711642882e-02,2.113144832924299110e-02,-1.263534508868749753e-02
3.474999999999932498e+01,1.659194341758095728e-02,5.062717212139315054e-02,1.379552711420303258e-02,2.660054564493451526e-02,1.431570919296504263e-02,-7.533197190760237841e-04,2.806761126675599155e-02,4.616241515895240510e-02,7.323855134501531215e-03,-3.329977896012407956e-02
3.499999999999945288e+01,2.903009825076563466e-02,6.582882545489511517e-02,1.651692220489974286e-02,3.925864907387296987e-02,1.409235806901115370e-02,1.604731502523890204e-03,5.106919261956534284e-03,6.315039537320076002e-02,3.296166690418108475e-02,-2.157502488835496765e-02
3.524999999999958078e+01,4.731898243861366871e-03,8.041282765966192847e-02,1.721405288143590742e-02,5.142813272191383567e-02,1.376450818818090310e-02,-1.967040064127271656e-02,1.292450499146953653e-02,7.176735487481385178e-02,5.233347814536609688e-02,-1.543985010080948551e-02
3.549999999999970868e+01,-2.758329468687512748e-03,6.531506091412980775e-02,3.237611880040969919e-02,4.436925079316327014e-02,3.524028254372087859e-02,-3.068318230694370291e-02,1.859145810480138453e-02,6.436260234549083525e-02,2.290451811832090734e-02,5.177335842472092012e-03
3.574999999999983658e+01,9.355406681693789880e-04,7.497740387073792423e-02,2.928384971078447363e-02,4.951898193452245606e-02,2.876753662528510821e-02,-3.850694091721373891e-02,2.501642508190052641e-02,6.691377985627956770e-02,5.025215399076196111e-03,2.074682365021402256e-02
3.599999999999996447e+01,-9.206443651691020510e-03,9.567649665971081352e-02,2.629315851065469958e-02,4.384878598216267881e-02,2.678501480926828715e-02,-3.371423817274150914e-02,3.605701483632999665e-02,6.405392284295753635e-02,1.001904422155755654e-02,2.246026398492113885e-02
3.625000000000009237e+01,-3.429382411114288015e-02,1.117084959689041562e-01,7.162875920676446510e-03,3.682769194806258251e-02,4.804793736612461910e-03,-1.349222085169461682e-02,4.738365541036312911e-02,2.353700407022486091e-02,-5.021560112865644347e-03,2.087329206393712805e-02
